Date,Open,High,Low,Close,Volume,Dividends,Stock Splits,Symbol,Name
2011-04-01 00:00:00+08:00,3.741839356552088,3.8333827402800793,3.5930813579941026,3.6502959728240967,71610300,0.0,0.0,1015.KL,AMMB Holdings
2011-04-01 00:00:00+08:00,2.9587160827090946,3.0203559398651123,2.872419988768646,3.0203559398651123,297902700,0.0,0.0,6888.KL,Axiata
2011-04-01 00:00:00+08:00,1.1094386322233576,1.123909906040902,1.0708498555804615,1.0901442766189575,98231648,0.0,0.0,6742.KL,YTL Power
2011-04-01 00:00:00+08:00,6.410873017674481,6.511217287207054,6.199035410684698,6.27708101272583,27503000,0.0,0.0,6033.KL,PETRONAS Gas
2011-04-01 00:00:00+08:00,2.7280384440432237,2.73817984101108,2.687472856171796,2.722967624664306,45304400,0.0,0.0,6012.KL,Maxis
2011-04-01 00:00:00+08:00,5.942067880742298,6.484447084588835,5.936040956593501,6.267495155334473,20886458,0.0,0.0,5819.KL,Hong Leong Bank
2011-04-01 00:00:00+08:00,4.54448799214517,4.638132029161121,4.456352551501607,4.511436939239502,194187600,0.0,0.0,1023.KL,CIMB
2011-04-01 00:00:00+08:00,9.50589106451496,9.50589106451496,8.653241705482808,8.918253898620605,9019100,0.0,0.0,5681.KL,PETRONAS Dagangan
2011-04-01 00:00:00+08:00,1.1809748500384836,1.2053878170312575,1.1168910026673813,1.1413038969039917,171000000,0.0,0.0,5398.KL,Gamuda
2011-04-01 00:00:00+08:00,3.5543814364510173,3.5828621666250124,3.4119783288057866,3.423370838165283,46681300,0.0,0.0,5347.KL,Tenaga Nasional
2011-04-01 00:00:00+08:00,0.159753129688372,0.1897922231398915,0.1590704444410706,0.1747730672359466,409660885,0.0,0.0,8869.KL,Press Metal
2011-04-01 00:00:00+08:00,4.419513859675157,4.645373221745616,4.303532394843319,4.41340970993042,245352600,0.0,0.0,5183.KL,PETRONAS Chemicals
2011-04-01 00:00:00+08:00,2.317642695985094,2.3520630995632037,2.243065154899191,2.28895902633667,99019600,0.0,0.0,4863.KL,Telekom Malaysia
2011-04-01 00:00:00+08:00,4.379145520620963,4.495585613733679,4.161454048193681,4.485459804534912,49851827,0.199907,0.0,1066.KL,RHB Bank
2011-04-01 00:00:00+08:00,31.702822054570014,33.096943174797,31.635798082436292,32.158592224121094,358800,0.0,0.0,4707.KL,Nestlé Malaysia
2011-04-01 00:00:00+08:00,0.8030125321926143,0.9393526954235912,0.794423810088181,0.8910430669784546,177547828,0.0,5.0,4677.KL,YTL Corporation
2011-04-01 00:00:00+08:00,1.1735822618620726,1.195197465777443,1.1417949156718992,1.146880865097046,428405638,0.08,0.0,4197.KL,Sime Darby
2011-04-01 00:00:00+08:00,10.556127585958912,10.729993414087858,10.24565370500797,10.543708801269531,14097840,0.0,0.0,4065.KL,PPB Group
2011-04-01 00:00:00+08:00,4.7193082772595405,4.737298142637792,4.461455446432659,4.677332401275635,8232900,0.0,0.0,3816.KL,MISC
2011-04-01 00:00:00+08:00,14.33827201568958,14.541171568079834,13.986578254209508,14.284165382385254,24663500,0.0,0.0,2445.KL,Kuala Lumpur Kepong
2011-04-01 00:00:00+08:00,3.8662519520320826,3.872952715387884,3.517820245279988,3.5446226596832275,139763600,0.0,0.0,1961.KL,IOI Corporation
2011-04-01 00:00:00+08:00,3.7288502536222423,3.845117590441337,3.5876691663474305,3.633345365524292,183188500,0.28,0.0,1155.KL,Maybank
2011-04-01 00:00:00+08:00,1.558677169819929,1.670945578382358,1.5510473145598669,1.5848368406295776,90796000,0.0,0.0,6947.KL,Celcomdigi
2011-04-01 00:00:00+08:00,0.6301191864960537,0.6710362152146913,0.6198905808394679,0.6608076095581055,104801735,0.0,0.0,7084.KL,QL Resources
2011-04-01 00:00:00+08:00,1.4716771046678092,1.482911245696185,1.4559491625421277,1.4694305658340454,177531155,0.0,0.0,1295.KL,Public Bank
2011-05-01 00:00:00+08:00,2.7229679171650143,2.885230527870919,2.7178973390313934,2.748321533203125,61092500,0.0,0.0,6012.KL,Maxis
2011-05-01 00:00:00+08:00,2.288958796628753,2.4209036637702086,2.1283301259429037,2.2315914630889893,175651900,0.29,0.0,4863.KL,Telekom Malaysia
2011-05-01 00:00:00+08:00,1.141304172631652,1.1748719103166203,1.08942668708961,1.159613847732544,177065200,0.0,0.0,5398.KL,Gamuda
2011-05-01 00:00:00+08:00,14.284162554906288,15.203975139007524,13.918941884892774,14.879335403442385,18716700,0.0,0.0,2445.KL,Kuala Lumpur Kepong
2011-05-01 00:00:00+08:00,3.020355636253271,3.131307367981026,2.9648796234283967,3.0819954872131348,234956800,0.0,0.0,6888.KL,Axiata
2011-05-01 00:00:00+08:00,4.413410029043637,4.419514179229736,4.169237909008253,4.419514179229736,216533600,0.0,0.0,5183.KL,PETRONAS Chemicals
2011-05-01 00:00:00+08:00,3.6502958865629673,3.759003788581453,3.564473829935658,3.701788902282715,69194400,0.0,0.0,1015.KL,AMMB Holdings
2011-05-01 00:00:00+08:00,3.7475253703060702,3.8545975237433865,3.6704332891278906,3.816051483154297,136475100,0.0,0.0,1155.KL,Maybank
2011-05-01 00:00:00+08:00,1.584836527525864,1.6349757892198995,1.5161675838792334,1.5532269477844238,149834000,0.043,0.0,6947.KL,Celcomdigi
2011-05-01 00:00:00+08:00,1.174580588274322,1.204531276352953,1.1433279528961342,1.1967180967330933,415889639,0.0,0.0,4197.KL,Sime Darby
2011-05-01 00:00:00+08:00,1.0901442155529109,1.0901442155529109,1.0322603667730077,1.0370841026306152,82048014,0.0,0.0,6742.KL,YTL Power
2011-05-01 00:00:00+08:00,6.267494375856593,7.520993498743629,6.183124260449465,7.412517547607422,27669566,0.0,0.0,5819.KL,Hong Leong Bank
2011-05-01 00:00:00+08:00,3.423370387177217,4.101208851252524,3.394889660755217,4.049943923950195,192431000,0.045,0.0,5347.KL,Tenaga Nasional
2011-05-01 00:00:00+08:00,0.1747730509288311,0.1761384327907968,0.1590704295990807,0.1706769168376922,126204381,0.0,0.0,8869.KL,Press Metal
2011-05-01 00:00:00+08:00,4.67733253129837,4.67733253129837,3.987725771615515,4.143636703491211,19940400,0.0,0.0,3816.KL,MISC
2011-05-01 00:00:00+08:00,3.5446226505104166,3.611628686345116,3.470915851337256,3.551323413848877,110302300,0.0,0.0,1961.KL,IOI Corporation
2011-05-01 00:00:00+08:00,10.543709450964876,11.177077457822602,10.245654336337385,10.804508209228516,15166320,0.15,0.0,4065.KL,PPB Group
2011-05-01 00:00:00+08:00,4.599539432845408,4.864298743620331,4.485330094718499,4.786428451538086,57271339,0.0,0.0,1066.KL,RHB Bank
2011-05-01 00:00:00+08:00,1.469430658918519,1.4896516799926758,1.458196517178491,1.4896516799926758,161396822,0.0,0.0,1295.KL,Public Bank
2011-05-01 00:00:00+08:00,4.511437805489427,4.62711572487781,4.467370076706115,4.61059045791626,220105200,0.0,0.0,1023.KL,CIMB
2011-05-01 00:00:00+08:00,0.8910431697884975,0.896411058775468,0.8319982613766823,0.8481014966964722,86790587,0.0,0.0,4677.KL,YTL Corporation
2011-05-01 00:00:00+08:00,0.660807578655825,0.7262745558249057,0.6567156051461207,0.6710361838340759,65039235,0.0,0.0,7084.KL,QL Resources
2011-05-01 00:00:00+08:00,32.158605763805994,33.512511536705084,31.51516615593367,32.02455520629883,148500,1.15,0.0,4707.KL,Nestlé Malaysia
2011-05-01 00:00:00+08:00,6.277081494044339,6.589262862862189,6.187886817239239,6.3105292320251465,40021100,0.0,0.0,6033.KL,PETRONAS Gas
2011-05-01 00:00:00+08:00,8.918252288905077,9.609590135626132,8.687806706281796,9.390666007995604,10880200,0.0,0.0,5681.KL,PETRONAS Dagangan
2011-06-01 00:00:00+08:00,4.413408684349004,4.425617272077224,4.24859260448019,4.327948570251465,200686400,0.0,0.0,5183.KL,PETRONAS Chemicals
2011-06-01 00:00:00+08:00,3.846032106303726,3.8545980758606353,3.717545830533366,3.8289005756378174,236904100,0.0,0.0,1155.KL,Maybank
2011-06-01 00:00:00+08:00,1.041907984226712,1.0756730930074323,1.032260511162042,1.0612024068832395,144446476,0.016477,0.0,6742.KL,YTL Power
2011-06-01 00:00:00+08:00,32.80597862375587,33.0943540203514,32.339087120079014,32.40774917602539,800000,0.0,0.0,4707.KL,Nestlé Malaysia
2011-06-01 00:00:00+08:00,1.1967185160296303,1.2110426005835455,1.1876028873088476,1.2019273042678833,459148536,0.0,0.0,4197.KL,Sime Darby
2011-06-01 00:00:00+08:00,4.143638665876029,4.425478220498016,4.125649077417219,4.4074883460998535,22390800,0.0,0.0,3816.KL,MISC
2011-06-01 00:00:00+08:00,4.627115643886489,4.963132726638675,4.5169463238565735,4.919064998626709,237719200,0.0,0.0,1023.KL,CIMB
2011-06-01 00:00:00+08:00,0.169994236695096,0.169994236695096,0.1474647268535316,0.1508781760931015,133248251,0.000885,0.0,8869.KL,Press Metal
2011-06-01 00:00:00+08:00,3.5513234138488774,3.591527035349697,3.5044190290095965,3.551323413848877,120972200,0.0,0.0,1961.KL,IOI Corporation
2011-06-01 00:00:00+08:00,2.748320986290603,2.809169362525314,2.7381795902514847,2.778745174407959,49071300,0.16,0.0,6012.KL,Maxis
2011-06-01 00:00:00+08:00,3.0819951912735566,3.1128152607550783,2.9587155011914006,3.0881593227386475,355799700,0.1,0.0,6888.KL,Axiata
2011-06-01 00:00:00+08:00,4.10324760456483,4.137680418299152,3.781874402730137,3.8851728439331055,186552100,0.0,0.0,5347.KL,Tenaga Nasional
2011-06-01 00:00:00+08:00,6.410873311727777,7.4700608636172285,6.332827706106858,7.369717121124268,33806800,0.0,0.0,6033.KL,PETRONAS Gas
2011-06-01 00:00:00+08:00,14.865811441112728,15.14987158986028,14.67643886861696,14.98755168914795,17316000,0.0,0.0,2445.KL,Kuala Lumpur Kepong
2011-06-01 00:00:00+08:00,1.5763614453935857,1.6372035419769568,1.5619805909964808,1.6062294244766235,125425000,0.0,0.0,6947.KL,Celcomdigi
2011-06-01 00:00:00+08:00,3.678903919448706,3.787611846954892,3.598803441799202,3.724675893783569,83872300,0.0,0.0,1015.KL,AMMB Holdings
2011-06-01 00:00:00+08:00,5.035614820582993,5.399009060417994,4.402269015793361,4.7552809715271,95347717,0.0,0.0,1066.KL,RHB Bank
2011-06-01 00:00:00+08:00,1.48740493473901,1.5008861923293542,1.4716769937982013,1.4941452741622925,215506372,0.0,0.0,1295.KL,Public Bank
2011-06-01 00:00:00+08:00,7.352252377265361,8.063371658325195,7.352252377265361,8.063371658325195,15809744,0.0,0.0,5819.KL,Hong Leong Bank
2011-06-01 00:00:00+08:00,0.8534694136415548,0.8856758133959709,0.8266303275284372,0.8319982886314392,79292601,0.0,0.0,4677.KL,YTL Corporation
2011-06-01 00:00:00+08:00,10.918109051957371,11.081252875095856,10.554171892067847,10.805163383483888,11370480,0.0,0.0,4065.KL,PPB Group
2011-06-01 00:00:00+08:00,9.379141927604254,9.390663379371937,9.033473101002944,9.27544116973877,12595100,0.0,0.0,5681.KL,PETRONAS Dagangan
2011-06-01 00:00:00+08:00,0.671036098454061,0.6812655199283046,0.6464860490141163,0.6505780220031738,32240102,0.0,0.0,7084.KL,QL Resources
2011-06-01 00:00:00+08:00,2.3992497831720496,2.436256170272827,2.356075517837499,2.436256170272827,135127700,0.0,0.0,4863.KL,Telekom Malaysia
2011-06-01 00:00:00+08:00,1.159613623487244,1.1748716831207275,1.1229942803668842,1.1748716831207275,141278200,0.0,0.0,5398.KL,Gamuda
2011-07-01 00:00:00+08:00,9.275444357228508,10.888564637245953,9.217832683188323,10.277883529663086,9394100,0.0,0.0,5681.KL,PETRONAS Dagangan
2011-07-01 00:00:00+08:00,1.180975084451083,1.2114912810601917,1.0741685782096482,1.126046061515808,229919400,0.03,0.0,5398.KL,Gamuda
2011-07-01 00:00:00+08:00,2.861227581272715,2.882112434138662,2.845563817139712,2.8716700077056885,56553800,0.0,0.0,6012.KL,Maxis
2011-07-01 00:00:00+08:00,0.1515766640573297,0.1673519819414326,0.1473825206996924,0.1494586616754531,132745090,0.0,0.0,8869.KL,Press Metal
2011-07-01 00:00:00+08:00,0.8319982831300128,0.8481015188708361,0.7514822483062744,0.7514822483062744,89045308,0.0,0.0,4677.KL,YTL Corporation
2011-07-01 00:00:00+08:00,4.919063723402814,4.946605652273723,4.544487607077901,4.55550479888916,318115300,0.0,0.0,1023.KL,CIMB
2011-07-01 00:00:00+08:00,3.885173938546068,3.91960676198153,3.483457391484581,3.517890214920044,125896900,0.0,0.0,5347.KL,Tenaga Nasional
2011-07-01 00:00:00+08:00,1.0702005993157302,1.0799299416318968,0.9485867568711732,0.95345139503479,99148484,0.0,0.0,6742.KL,YTL Power
2011-07-01 00:00:00+08:00,15.055187895724991,15.542147681703817,14.216534285981623,14.70349407196045,22064200,0.15,0.0,2445.KL,Kuala Lumpur Kepong
2011-07-01 00:00:00+08:00,3.841748298954916,3.854596840725289,3.734676164490325,3.751807689666748,188706100,0.0,0.0,1155.KL,Maybank
2011-07-01 00:00:00+08:00,3.713233470916748,3.861991804719233,3.615968721300797,3.713233470916748,76791600,0.0,0.0,1015.KL,AMMB Holdings
2011-07-01 00:00:00+08:00,7.392012283546141,7.804537721216368,7.325116309732747,7.514654636383057,21527600,0.35,0.0,6033.KL,PETRONAS Gas
2011-07-01 00:00:00+08:00,3.5647259007933885,3.5848275590055336,3.424013015267985,3.450815439224243,87273600,0.0,0.0,1961.KL,IOI Corporation
2011-07-01 00:00:00+08:00,3.1509269877788992,3.283001489759612,3.1446375686914325,3.20753026008606,322321500,0.0,0.0,6888.KL,Axiata
2011-07-01 00:00:00+08:00,4.358470281955224,4.413409077159828,4.157028420972631,4.181445598602295,265679500,0.0,0.0,5183.KL,PETRONAS Chemicals
2011-07-01 00:00:00+08:00,8.015164222947257,8.316485720584751,7.930794079750861,8.03926944732666,11795805,0.0,0.0,5819.KL,Hong Leong Bank
2011-07-01 00:00:00+08:00,1.1980205055225104,1.2110423907607162,1.179789500543453,1.1915096044540403,354466478,0.0,0.0,4197.KL,Sime Darby
2011-07-01 00:00:00+08:00,2.436256399895329,2.559611182241357,2.417753204600974,2.497933864593506,179004900,0.0,0.0,4863.KL,Telekom Malaysia
2011-07-01 00:00:00+08:00,1.4986394853575618,1.5166139698856111,1.4851586581330207,1.509873628616333,213407201,0.0,0.0,1295.KL,Public Bank
2011-07-01 00:00:00+08:00,1.6040177567477072,1.6858779716619428,1.5929555762353722,1.6726032495498655,97044000,0.0,0.0,6947.KL,Celcomdigi
2011-07-01 00:00:00+08:00,4.38949719397537,4.917196080502082,4.383500475999069,4.467452526092529,15426800,0.0,0.0,3816.KL,MISC
2011-07-01 00:00:00+08:00,0.6505780220031738,0.6730824937473099,0.6239815772699803,0.6505780220031738,29549795,0.0,0.0,7084.KL,QL Resources
2011-07-01 00:00:00+08:00,32.40773903030031,32.95702220996192,32.18802575843567,32.33907699584961,400300,0.0,0.0,4707.KL,Nestlé Malaysia
2011-07-01 00:00:00+08:00,4.744899304820383,4.82276962266566,4.604732626800423,4.729324817657471,57877100,0.0,0.0,1066.KL,RHB Bank
2011-07-01 00:00:00+08:00,10.7926109906528,11.21929557280398,10.729863490307032,10.893007278442385,11089080,0.0,0.0,4065.KL,PPB Group
2011-08-01 00:00:00+08:00,0.6505780867926827,0.6526236135923604,0.5687440865447622,0.6035236120223999,53884931,0.0,0.0,7084.KL,QL Resources
2011-08-01 00:00:00+08:00,4.776046068885301,4.802002835243458,4.173849036426836,4.30882453918457,67705653,0.0,0.0,1066.KL,RHB Bank
2011-08-01 00:00:00+08:00,0.7568501577772266,0.7890565551230856,0.6494956198580031,0.6924372911453247,134868633,0.0,0.0,4677.KL,YTL Corporation
2011-08-01 00:00:00+08:00,8.07542925963023,8.244168942136719,7.267886209809296,7.42457389831543,30725140,0.0,0.0,5819.KL,Hong Leong Bank
2011-08-01 00:00:00+08:00,10.128094032452346,10.19722826390875,8.987387454806662,10.162660598754885,13417700,0.75,0.0,5681.KL,PETRONAS Dagangan
2011-08-01 00:00:00+08:00,1.50987362354728,1.512120741563459,1.406519216541605,1.4671835899353027,388030533,0.037024,0.0,1295.KL,Public Bank
2011-08-01 00:00:00+08:00,7.725506332880663,7.828513258625549,6.878562196865312,7.565273761749268,21542600,0.0,0.0,6033.KL,PETRONAS Gas
2011-08-01 00:00:00+08:00,1.1405411316534029,1.1529383058192568,0.908093894364673,0.923590362071991,308179400,0.0,0.0,5398.KL,Gamuda
2011-08-01 00:00:00+08:00,4.561013792132466,4.654657840157335,3.828387198993475,3.894489049911499,446347200,0.0,0.0,1023.KL,CIMB
2011-08-01 00:00:00+08:00,2.4979342321898885,2.676798626740694,2.312901957916307,2.559611558914185,298149200,0.0,0.0,4863.KL,Telekom Malaysia
2011-08-01 00:00:00+08:00,3.707510147838799,3.753281834272981,3.375665148370205,3.62740969657898,136940600,0.12,0.0,1015.KL,AMMB Holdings
2011-08-01 00:00:00+08:00,32.737319128045904,33.57497787475586,31.9133927925005,33.57497787475586,1005900,0.0,0.0,4707.KL,Nestlé Malaysia
2011-08-01 00:00:00+08:00,2.871670569816818,2.876891908538891,2.6941490367404777,2.772467374801636,65506100,0.0,0.0,6012.KL,Maxis
2011-08-01 00:00:00+08:00,3.430712802233947,3.464215985496129,2.881262897206422,3.0219757556915283,184723600,0.0,0.0,1961.KL,IOI Corporation
2011-08-01 00:00:00+08:00,0.1501507147156585,0.1501507147156585,0.1203972427663711,0.1231646686792373,137866400,0.0,0.0,8869.KL,Press Metal
2011-08-01 00:00:00+08:00,3.207530340664042,3.220108879258959,2.7861488478902925,2.9685378074646,616153900,0.0,0.0,6888.KL,Axiata
2011-08-01 00:00:00+08:00,4.539410989424939,4.563397285632956,3.897776851012465,4.1796159744262695,17448300,0.0,0.0,3816.KL,MISC
2011-08-01 00:00:00+08:00,10.805160449199423,11.031051724802628,10.22788075018332,10.579268455505373,12890760,0.0,0.0,4065.KL,PPB Group
2011-08-01 00:00:00+08:00,3.529367167842944,3.5867551962534585,2.9956578195058983,3.0128743648529053,133503100,0.0,0.0,5347.KL,Tenaga Nasional
2011-08-01 00:00:00+08:00,0.958316022266872,0.9777740467879154,0.8561601397416783,0.9145348072052002,81813145,0.0,0.0,6742.KL,YTL Power
2011-08-01 00:00:00+08:00,1.1836962969495752,1.198020713918527,1.1133776556844834,1.1446305513381958,515695916,0.0,0.0,4197.KL,Sime Darby
2011-08-01 00:00:00+08:00,14.775380768043885,14.884323559989785,13.440829618655796,14.516640663146973,32064000,0.0,0.0,2445.KL,Kuala Lumpur Kepong
2011-08-01 00:00:00+08:00,3.743242875760787,3.7946374671194176,3.511967010422997,3.734677314758301,242940600,0.0,0.0,1155.KL,Maybank
2011-08-01 00:00:00+08:00,4.205862675253963,4.291323085981699,3.656475609625229,3.796874523162842,431679100,0.19,0.0,5183.KL,PETRONAS Chemicals
2011-08-01 00:00:00+08:00,1.6703905974941633,1.6869838658554408,1.5818930343624422,1.671496868133545,168389000,0.03,0.0,6947.KL,Celcomdigi
2011-09-01 00:00:00+08:00,33.574976124536214,34.467561850185405,32.2017665099407,32.94329833984375,86400,0.55,0.0,4707.KL,Nestlé Malaysia
2011-09-01 00:00:00+08:00,0.1231646406193952,0.1300843586225405,0.0961793628971851,0.1072498261928558,100602880,0.000893,0.0,8869.KL,Press Metal
2011-09-01 00:00:00+08:00,3.734676523133089,3.8545972108840942,3.147921014710562,3.4263086318969727,202138400,0.0,0.0,1155.KL,Maybank
2011-09-01 00:00:00+08:00,3.8944887834957007,4.098302131334124,3.613556658639215,3.8394038677215576,279746000,0.12,0.0,1023.KL,CIMB
2011-09-01 00:00:00+08:00,14.51664404105015,14.911562078423342,13.141239349312167,14.36684799194336,18300500,0.0,0.0,2445.KL,Kuala Lumpur Kepong
2011-09-01 00:00:00+08:00,1.1446301069789724,1.1980202488326064,0.9948775862625526,1.099053144454956,487767514,0.0,0.0,4197.KL,Sime Darby
2011-09-01 00:00:00+08:00,3.021975010305944,3.2430950706678505,2.8544597743335958,3.115783452987671,95314900,0.09,0.0,1961.KL,IOI Corporation
2011-09-01 00:00:00+08:00,10.608225329657436,11.0652692048007,9.32128675164128,9.597918510437012,11220800,0.0,0.0,5681.KL,PETRONAS Dagangan
2011-09-01 00:00:00+08:00,3.696724557799814,3.7841862707549994,3.0903218280579776,3.376030683517456,76213600,0.0,0.0,1015.KL,AMMB Holdings
2011-09-01 00:00:00+08:00,2.7724671649385395,2.8664490141176526,2.694148832805721,2.777688503265381,61099100,0.08,0.0,6012.KL,Maxis
2011-09-01 00:00:00+08:00,4.308825077287346,4.433417518416867,3.607992033348259,3.633948802947998,59885297,0.0,0.0,1066.KL,RHB Bank
2011-09-01 00:00:00+08:00,1.6883583806796962,1.8760778856364724,1.6358415525683097,1.699532151222229,183688000,0.0,0.0,6947.KL,Celcomdigi
2011-09-01 00:00:00+08:00,2.96853812267036,3.0440096621496093,2.7987276836601325,2.893066883087158,319195600,0.0,0.0,6888.KL,Axiata
2011-09-01 00:00:00+08:00,0.6035236252649566,0.6157986259267857,0.5135065960459535,0.5401021242141724,60445175,0.010142,0.0,7084.KL,QL Resources
2011-09-01 00:00:00+08:00,3.0128741880394854,3.081739818090657,2.806277024238282,2.966963768005371,81890200,0.0,0.0,5347.KL,Tenaga Nasional
2011-09-01 00:00:00+08:00,0.6924372521153853,0.7675853884529477,0.6924372521153853,0.7139083743095398,139789789,0.0,0.0,4677.KL,YTL Corporation
2011-09-01 00:00:00+08:00,10.579270098030497,10.893008348674844,9.512558178803204,10.428675651550291,8573040,0.083333,0.0,4065.KL,PPB Group
2011-09-01 00:00:00+08:00,0.9145348107574146,0.9485867497350988,0.8123794557468907,0.8269728422164917,57801297,0.0,0.0,6742.KL,YTL Power
2011-09-01 00:00:00+08:00,7.565271635536822,8.400770625958431,7.313477120204692,7.427928924560547,21323200,0.0,0.0,6033.KL,PETRONAS Gas
2011-09-01 00:00:00+08:00,0.9235903726753606,0.96388118917695,0.8151150235857862,0.8925974369049072,222695400,0.0,0.0,5398.KL,Gamuda
2011-09-01 00:00:00+08:00,1.489346516574425,1.514435412930518,1.3319733291433786,1.391273021697998,276266719,0.0,0.0,1295.KL,Public Bank
2011-09-01 00:00:00+08:00,3.90280846668799,4.04712455222772,3.281622032754028,3.4886841773986816,277538100,0.0,0.0,5183.KL,PETRONAS Chemicals
2011-09-01 00:00:00+08:00,2.5596110932046323,2.7754818445133185,2.4239208520490543,2.5226047039031982,179529700,0.098,0.0,4863.KL,Telekom Malaysia
2011-09-01 00:00:00+08:00,4.179616936167916,4.359514485062184,3.268136612711453,3.51999306678772,15903200,0.1,0.0,3816.KL,MISC
2011-09-01 00:00:00+08:00,7.424573504777793,7.713842401298512,5.9308143586039925,6.388962268829346,27019322,0.0,0.0,5819.KL,Hong Leong Bank
2011-09-01 00:00:00+08:00,0.5010211932120628,0.5143822683977816,0.3718690255509251,0.4208579361438751,101826438,0.0,0.0,5211.KL,Sunway
2011-10-01 00:00:00+08:00,3.143518228299984,3.635547361062912,2.562650782721384,3.5877110958099365,81671900,0.0,0.0,1961.KL,IOI Corporation
2011-10-01 00:00:00+08:00,0.8925974669713299,1.072356648280977,0.8647037499453571,1.0537608861923218,193503800,0.0,0.0,5398.KL,Gamuda
2011-10-01 00:00:00+08:00,10.490237482164405,10.79320433238715,9.909549935742548,10.767956733703612,8254440,0.0,0.0,4065.KL,PPB Group
2011-10-01 00:00:00+08:00,9.79035587720345,10.812689604788943,9.501696449808325,9.802382469177246,12392300,0.0,0.0,5681.KL,PETRONAS Dagangan
2011-10-01 00:00:00+08:00,0.7139084001180376,0.831998209591534,0.697805237740726,0.7997918128967285,153192208,0.0,0.0,4677.KL,YTL Corporation
2011-10-01 00:00:00+08:00,2.955485836968528,3.443284406492034,2.8521871296392654,3.431806802749634,83228900,0.0,0.0,5347.KL,Tenaga Nasional
2011-10-01 00:00:00+08:00,0.1052288567029412,0.1456482442168875,0.1024416600464893,0.1344979107379913,71730400,0.0,0.0,8869.KL,Press Metal
2011-10-01 00:00:00+08:00,14.3396053314209,14.43493122865426,13.141233569532222,14.339605331420898,24133000,0.0,0.0,2445.KL,Kuala Lumpur Kepong
2011-10-01 00:00:00+08:00,0.4208579086215501,0.5500100678366835,0.405270394184061,0.518835723400116,64882554,0.0,0.0,5211.KL,Sunway
2011-10-01 00:00:00+08:00,3.4322124334934325,4.04712438583374,3.3757411322191744,4.04712438583374,175712400,0.0,0.0,5183.KL,PETRONAS Chemicals
2011-10-01 00:00:00+08:00,3.578464285703376,4.279526355559938,3.371193975559436,4.267333984375,11642700,0.0,0.0,3816.KL,MISC
2011-10-01 00:00:00+08:00,2.599129378303312,2.718992180322296,2.5738951358588835,2.6748321056365967,141108800,0.0,0.0,4863.KL,Telekom Malaysia
2011-10-01 00:00:00+08:00,3.628756856759583,4.033683149758877,3.389955053631713,3.9973433017730713,70720026,0.074802,0.0,1066.KL,RHB Bank
2011-10-01 00:00:00+08:00,3.8533452656560527,4.245400629918375,3.7861358204225,4.239799976348877,189602100,0.0,0.0,1023.KL,CIMB
2011-10-01 00:00:00+08:00,6.213233017095202,6.86593620972323,6.13792184863706,6.652552604675293,29212034,0.144971,0.0,5819.KL,Hong Leong Bank
2011-10-01 00:00:00+08:00,32.74042202360975,35.05918824304283,32.712651733958914,34.98976516723633,140900,0.0,0.0,4707.KL,Nestlé Malaysia
2011-10-01 00:00:00+08:00,1.0938447682111685,1.1628612114903376,1.046965923966891,1.158954620361328,363756853,0.0,0.0,4197.KL,Sime Darby
2011-10-01 00:00:00+08:00,0.8269727194849702,0.9388573341446724,0.7929213134723371,0.9291285872459412,147779611,0.0,0.0,6742.KL,YTL Power
2011-10-01 00:00:00+08:00,2.9056451199528848,3.0943234991273907,2.880488042715753,3.069166421890259,222359000,0.04,0.0,6888.KL,Axiata
2011-10-01 00:00:00+08:00,0.5396150388158408,0.6143306817530567,0.5313135656674732,0.5935766100883484,52537682,0.0,0.0,7084.KL,QL Resources
2011-10-01 00:00:00+08:00,3.3643684316186846,3.521799872757259,3.212767918464551,3.4809842109680176,73239400,0.0,0.0,1015.KL,AMMB Holdings
2011-10-01 00:00:00+08:00,3.4091772223800563,3.606189991830958,3.3192366013601267,3.5804924964904785,126835500,0.0,0.0,1155.KL,Maybank
2011-10-01 00:00:00+08:00,7.382150624435261,7.679725959125392,7.038795098734453,7.496603012084961,27154500,0.0,0.0,6033.KL,PETRONAS Gas
2011-10-01 00:00:00+08:00,1.4003962977786628,1.4596965739035928,1.375308137437189,1.450573205947876,242672425,0.0,0.0,1295.KL,Public Bank
2011-10-01 00:00:00+08:00,1.7040010431595711,1.8716076791224816,1.645897482176084,1.7710437774658203,144232000,0.0,0.0,6947.KL,Celcomdigi
2011-10-01 00:00:00+08:00,2.7983380440025614,2.8460368141907373,2.7453390173431167,2.835437059402466,48940300,0.0,0.0,6012.KL,Maxis
2011-11-01 00:00:00+08:00,3.9871466245116944,4.039678187179675,3.803286155173765,3.840058088302612,22927930,0.0,0.0,1066.KL,RHB Bank
2011-11-01 00:00:00+08:00,34.98976588141122,36.100551006911,33.754014449932,36.0311279296875,99500,0.0,0.0,4707.KL,Nestlé Malaysia
2011-11-01 00:00:00+08:00,9.694134788047174,10.04293113697658,9.477640106977836,9.922656059265137,9901400,0.0,0.0,5681.KL,PETRONAS Dagangan
2011-11-01 00:00:00+08:00,0.9242638667913924,0.9291285037593386,0.8464311930493411,0.89507657289505,65088311,0.016477,0.0,6742.KL,YTL Power
2011-11-01 00:00:00+08:00,3.469322327675213,3.4809839045837343,3.1777826269282565,3.463491678237915,66914600,0.066,0.0,1015.KL,AMMB Holdings
2011-11-01 00:00:00+08:00,0.1344979233564453,0.1344979233564453,0.1184694068860249,0.1226505860686302,31421600,0.0,0.0,8869.KL,Press Metal
2011-11-01 00:00:00+08:00,6.721857025133541,6.900088620319449,6.378126278132532,6.658203601837158,14323748,0.0,0.0,5819.KL,Hong Leong Bank
2011-11-01 00:00:00+08:00,10.767958316011908,10.919441763383166,10.023163796857316,10.1367769241333,7011120,0.0,0.0,4065.KL,PPB Group
2011-11-01 00:00:00+08:00,1.0413635160905863,1.0754558165023185,0.914292416082263,0.9483846426010132,121664800,0.0,0.0,5398.KL,Gamuda
2011-11-01 00:00:00+08:00,7.49660117487842,8.000189155824327,7.393594269537564,7.553826808929443,19074100,0.0,0.0,6033.KL,PETRONAS Gas
2011-11-01 00:00:00+08:00,0.7890567128868128,0.8158951548971818,0.7300117951510492,0.7783207893371582,140312123,0.017789,0.0,4677.KL,YTL Corporation
2011-11-01 00:00:00+08:00,1.772161155627291,2.167712999838171,1.7598700914480183,1.9665849208831787,176283800,0.037,10.0,6947.KL,Celcomdigi
2011-11-01 00:00:00+08:00,2.674831771068694,2.801003268325206,2.611746172848368,2.7253005504608154,104094400,0.0,0.0,4863.KL,Telekom Malaysia
2011-11-01 00:00:00+08:00,4.249045583911679,4.328296147584652,3.5357913829221546,3.584560871124268,14388200,0.0,0.0,3816.KL,MISC
2011-11-01 00:00:00+08:00,3.385897085418192,3.414590963862517,3.064523840766825,3.242426872253418,46978300,0.0,0.0,5347.KL,Tenaga Nasional
2011-11-01 00:00:00+08:00,1.152443576956396,1.175882954654195,1.119888821075133,1.1719764471054075,261483776,0.22,0.0,4197.KL,Sime Darby
2011-11-01 00:00:00+08:00,1.4460116162662733,1.4574160461036167,1.4026773090752165,1.4300466775894165,195004618,0.0,0.0,1295.KL,Public Bank
2011-11-01 00:00:00+08:00,4.015753295406504,4.078499379872854,3.639276489411473,3.758493900299072,153743100,0.0,0.0,5183.KL,PETRONAS Chemicals
2011-11-01 00:00:00+08:00,0.5121551299071865,0.5344225326371923,0.4832071907560575,0.5255155563354492,40361687,0.0,0.0,5211.KL,Sunway
2011-11-01 00:00:00+08:00,0.5935765155584772,0.6205568821846047,0.5894253908515905,0.6018779873847961,23556529,0.0,0.0,7084.KL,QL Resources
2011-11-01 00:00:00+08:00,3.5804923510465545,3.649018866354925,3.383479793822457,3.554795265197754,111475200,0.32,0.0,1155.KL,Maybank
2011-11-01 00:00:00+08:00,4.194991922184523,4.200592840830885,3.718924786970324,3.998964309692383,176736700,0.0,0.0,1023.KL,CIMB
2011-11-01 00:00:00+08:00,2.8354365992123887,2.9414343826097964,2.7718380808047725,2.9149348735809326,45493000,0.0,0.0,6012.KL,Maxis
2011-11-01 00:00:00+08:00,3.0754555901634246,3.2339842319488525,2.948632797682837,3.2339842319488525,174670300,0.0,0.0,6888.KL,Axiata
2011-11-01 00:00:00+08:00,14.339605978236015,14.707288815506322,13.903834881056673,14.639199256896973,18229800,0.0,0.0,2445.KL,Kuala Lumpur Kepong
2011-11-01 00:00:00+08:00,3.5672106591822184,3.587712014068694,3.348531278302377,3.423702478408813,68312600,0.0,0.0,1961.KL,IOI Corporation
2011-12-01 00:00:00+08:00,2.936135244213552,2.936135244213552,2.8407374385138127,2.9043359756469727,50561800,0.08,0.0,6012.KL,Maxis
2011-12-01 00:00:00+08:00,10.389249926190086,10.856324457180312,10.174648544147608,10.831077575683594,6470640,0.0,0.0,4065.KL,PPB Group
2011-12-01 00:00:00+08:00,0.9731791500561542,1.056860151067223,0.9297889658056429,1.050661563873291,159035000,0.0,0.0,5398.KL,Gamuda
2011-12-01 00:00:00+08:00,1.4596966519002676,1.52583909034729,1.432327280928508,1.52583909034729,151655069,0.0,0.0,1295.KL,Public Bank
2011-12-01 00:00:00+08:00,3.221301323752335,3.2593481540679927,3.0247258826034376,3.259348154067993,157485600,0.0,0.0,6888.KL,Axiata
2011-12-01 00:00:00+08:00,7.668282073065885,8.950144602213088,7.588166040196995,8.698349952697754,16089400,0.15,0.0,6033.KL,PETRONAS Gas
2011-12-01 00:00:00+08:00,3.718677597402844,3.828409255246725,3.255367089838091,3.334617376327514,30730300,0.0,0.0,3816.KL,MISC
2011-12-01 00:00:00+08:00,2.775769368655092,3.2110605008574127,2.718992172902124,3.129049062728882,86656300,0.0,0.0,4863.KL,Telekom Malaysia
2011-12-01 00:00:00+08:00,3.743905984422756,3.824132680892944,3.6146520984739023,3.824132680892944,106825600,0.0,0.0,1155.KL,Maybank
2011-12-01 00:00:00+08:00,1.2621870106912003,1.2831075191497805,1.2315041679068328,1.2831075191497805,306404068,0.0,0.0,4197.KL,Sime Darby
2011-12-01 00:00:00+08:00,0.7942789262994719,0.8378008874539212,0.7561974654825311,0.8051592707633972,101522341,0.0,0.0,4677.KL,YTL Corporation
2011-12-01 00:00:00+08:00,3.833788197101158,3.934181898106481,3.74594340952467,3.890259504318237,80792900,0.08,0.0,5183.KL,PETRONAS Chemicals
2011-12-01 00:00:00+08:00,2.044061711598388,2.19087290763855,2.01018226695448,2.19087290763855,122704200,0.0,0.0,6947.KL,Celcomdigi
2011-12-01 00:00:00+08:00,3.3170310542856907,3.397374287481519,3.0760010810505216,3.385896682739258,73631700,0.0,0.0,5347.KL,Tenaga Nasional
2011-12-01 00:00:00+08:00,36.23939606170335,39.57175374188198,36.10054727329584,39.016361236572266,445500,0.0,0.0,4707.KL,Nestlé Malaysia
2011-12-01 00:00:00+08:00,14.84347194554841,16.19164153259572,14.434937045104572,15.456276893615724,19330900,0.0,0.0,2445.KL,Kuala Lumpur Kepong
2011-12-01 00:00:00+08:00,0.1233475772009609,0.1247415710960979,0.1184694068860249,0.1226505860686302,48006560,0.0,0.0,8869.KL,Press Metal
2011-12-01 00:00:00+08:00,3.5379196948498537,3.555609417038285,3.3610235976399228,3.508436918258667,39441700,0.0,0.0,1015.KL,AMMB Holdings
2011-12-01 00:00:00+08:00,3.5262070851888336,3.710717913463648,3.4237013229256146,3.676549434661865,76329400,0.0,0.0,1961.KL,IOI Corporation
2011-12-01 00:00:00+08:00,0.9139700352753772,0.933625132832416,0.8648314248381971,0.8746592402458191,77049625,0.016477,0.0,6742.KL,YTL Power
2011-12-01 00:00:00+08:00,4.077375339192065,4.166987895965576,3.814138053070146,4.166987895965576,129135300,0.0,0.0,1023.KL,CIMB
2011-12-01 00:00:00+08:00,9.982794015220666,10.70444107055664,9.922656473852284,10.70444107055664,7609400,0.15,0.0,5681.KL,PETRONAS Dagangan
2011-12-01 00:00:00+08:00,6.810972953996204,6.989203924505945,6.5054338782175325,6.938281059265137,10952513,0.0,0.0,5819.KL,Hong Leong Bank
2011-12-01 00:00:00+08:00,0.5277426828304279,0.5678240060806274,0.5099287656108235,0.5678240060806274,30336870,0.0,0.0,5211.KL,Sunway
2011-12-01 00:00:00+08:00,3.882082496457487,3.939866986148567,3.5353739509240474,3.92936110496521,39049817,0.0,0.0,1066.KL,RHB Bank
2011-12-01 00:00:00+08:00,0.6018780039183844,0.6413118494267472,0.5915014100864681,0.63923579454422,36069815,0.0,0.0,7084.KL,QL Resources
2012-01-01 00:00:00+08:00,2.190873471339686,2.2529858025013865,2.128761005553004,2.236046075820923,125967700,0.0,0.0,6947.KL,Celcomdigi
2012-01-01 00:00:00+08:00,3.929361400479731,3.929361400479731,3.724488129265951,3.7402474880218506,26473307,0.0,0.0,1066.KL,RHB Bank
2012-01-01 00:00:00+08:00,3.824133346423333,3.824133346423333,3.641395106043503,3.654766082763672,132073500,0.0,0.0,1155.KL,Maybank
2012-01-01 00:00:00+08:00,39.01636737505544,39.807802150679024,38.530397863331245,38.669246673583984,529300,0.0,0.0,4707.KL,Nestlé Malaysia
2012-01-01 00:00:00+08:00,0.8838661000488043,0.9335214156753464,0.8838661000488043,0.9186250567436218,116884381,0.0,0.0,6742.KL,YTL Power
2012-01-01 00:00:00+08:00,3.3858976633276257,3.672838138632547,3.334248290205456,3.4432857036590576,74028200,0.0,0.0,5347.KL,Tenaga Nasional
2012-01-01 00:00:00+08:00,10.831075679056775,10.995182547039017,10.540731536375946,10.692214965820312,12727080,0.0,0.0,4065.KL,PPB Group
2012-01-01 00:00:00+08:00,3.941447078790244,4.278377376043743,3.909661396153939,4.240234375,100927100,0.0,0.0,5183.KL,PETRONAS Chemicals
2012-01-01 00:00:00+08:00,3.676550036036721,3.7517208972110954,3.608212741397324,3.6902174949646,87377800,0.0,0.0,1961.KL,IOI Corporation
2012-01-01 00:00:00+08:00,6.938280304918279,7.536627204028224,6.823703399500086,7.231088161468506,21863756,0.0,0.0,5819.KL,Hong Leong Bank
2012-01-01 00:00:00+08:00,0.8051591722359716,0.8378007849321375,0.7942788291034752,0.8160400986671448,61020073,0.0,0.0,4677.KL,YTL Corporation
2012-01-01 00:00:00+08:00,0.5678239524490196,0.5700510008390285,0.5411030981556063,0.5566905736923218,14626393,0.0,0.0,5211.KL,Sunway
2012-01-01 00:00:00+08:00,3.508436257769825,3.51433292444541,3.3728160170853414,3.449470996856689,59162600,0.0,0.0,1015.KL,AMMB Holdings
2012-01-01 00:00:00+08:00,4.166988554832657,4.166988554832657,3.8365417988817234,3.8701465129852295,264573700,0.0,0.0,1023.KL,CIMB
2012-01-01 00:00:00+08:00,0.1226505551539472,0.1442542276263211,0.1205603615256534,0.1317106932401657,110136320,0.0,0.0,8869.KL,Press Metal
2012-01-01 00:00:00+08:00,10.798837919439798,10.932307449006151,10.204295409814222,10.920173645019531,13578000,0.0,0.0,5681.KL,PETRONAS Dagangan
2012-01-01 00:00:00+08:00,2.94736317093891,3.092579958743148,2.9258495917428813,3.071066379547119,58375400,0.0,0.0,6012.KL,Maxis
2012-01-01 00:00:00+08:00,8.792555294008842,9.070215225219728,8.503326497813418,9.070215225219728,24037900,0.0,0.0,6033.KL,PETRONAS Gas
2012-01-01 00:00:00+08:00,3.259348876403377,3.291054726544393,2.9486328754467697,2.961315155029297,311177800,0.0,0.0,6888.KL,Axiata
2012-01-01 00:00:00+08:00,1.5258388789155537,1.5532082460948076,1.4961890371204325,1.5440850257873535,269436584,0.0,0.0,1295.KL,Public Bank
2012-01-01 00:00:00+08:00,0.6392357999501069,0.6620658721161772,0.6247080811744145,0.6516883969306946,33881527,0.0,0.0,7084.KL,QL Resources
2012-01-01 00:00:00+08:00,3.1290491452444904,3.1479746771172965,2.9713349758302154,3.0281121730804443,159335600,0.0,0.0,4863.KL,Telekom Malaysia
2012-01-01 00:00:00+08:00,1.050661547405215,1.174633363233706,1.0289664186735148,1.1467397212982178,199870800,0.03,0.0,5398.KL,Gamuda
2012-01-01 00:00:00+08:00,3.3346166590489377,3.7857349861386185,3.3102319160375027,3.615041494369507,14668600,0.0,0.0,3816.KL,MISC
2012-01-01 00:00:00+08:00,15.456276972809423,18.22070314664088,15.456276972809423,17.49895668029785,15570300,0.0,0.0,2445.KL,Kuala Lumpur Kepong
2012-01-01 00:00:00+08:00,1.283107389768993,1.2914754855045965,1.2510295114424643,1.2747390270233154,334197034,0.0,0.0,4197.KL,Sime Darby
2012-02-01 00:00:00+08:00,2.236046139996549,2.439323135246227,2.230399564274335,2.269925594329834,135355100,0.065,0.0,6947.KL,Celcomdigi
2012-02-01 00:00:00+08:00,0.8160401281741739,0.9520465731620787,0.7725181707718101,0.9520465731620787,282514719,0.0,0.0,4677.KL,YTL Corporation
2012-02-01 00:00:00+08:00,3.028111627454229,3.293071131642604,3.009185798175705,3.274145603179932,132303800,0.0,0.0,4863.KL,Telekom Malaysia
2012-02-01 00:00:00+08:00,0.1317106627025723,0.1372850422104939,0.1303166694820008,0.1358918398618698,58410240,0.0,0.0,8869.KL,Press Metal
2012-02-01 00:00:00+08:00,0.9186251462197986,0.9434527727718744,0.9037281796067492,0.9235907793045044,122142105,0.0,0.0,6742.KL,YTL Power
2012-02-01 00:00:00+08:00,17.498955871478543,17.798547946331503,15.728633280407838,15.946518898010254,23778500,0.7,0.0,2445.KL,Kuala Lumpur Kepong
2012-02-01 00:00:00+08:00,0.5566907040157444,0.6123595120492147,0.5566907040157444,0.5811851620674133,51917789,0.0,0.0,5211.KL,Sunway
2012-02-01 00:00:00+08:00,3.0710653178072045,3.259309198923137,3.0495517460489268,3.184011697769165,94651000,0.0,0.0,6012.KL,Maxis
2012-02-01 00:00:00+08:00,3.870147317161351,4.1053806318314425,3.853345090151535,4.010167121887207,230400200,0.0,0.0,1023.KL,CIMB
2012-02-01 00:00:00+08:00,3.740248989941033,4.2025267352534,3.635185841652045,4.176260948181152,64465407,0.0,0.0,1066.KL,RHB Bank
2012-02-01 00:00:00+08:00,3.6902174949646,3.8268920842433936,3.608212741397324,3.6902174949646,83006800,0.0,0.0,1961.KL,IOI Corporation
2012-02-01 00:00:00+08:00,0.6516883858856674,0.705650001427813,0.6516883858856674,0.684895932674408,39006942,0.0,0.0,7084.KL,QL Resources
2012-02-01 00:00:00+08:00,10.920170527052107,11.636048557857276,10.726034347269602,11.01723861694336,10938700,0.0,0.0,5681.KL,PETRONAS Dagangan
2012-02-01 00:00:00+08:00,3.44328519530771,3.6613599900193177,3.3744195570770086,3.6039719581604,58542200,0.0,0.0,5347.KL,Tenaga Nasional
2012-02-01 00:00:00+08:00,1.27473905258351,1.3946818495355258,1.27473905258351,1.351446509361267,600059278,0.0,0.0,4197.KL,Sime Darby
2012-02-01 00:00:00+08:00,10.692214702246394,11.34864360265365,10.565978875319582,10.856322288513184,13213320,0.0,0.0,4065.KL,PPB Group
2012-02-01 00:00:00+08:00,2.961314580493938,3.2910540880350787,2.954973290748273,3.278371810913086,321877100,0.0,0.0,6888.KL,Axiata
2012-02-01 00:00:00+08:00,1.544084754687083,1.6011045411365137,1.544084754687083,1.5577696561813354,327686135,0.051834,0.0,1295.KL,Public Bank
2012-02-01 00:00:00+08:00,3.654765539988875,3.922187585011125,3.654765539988875,3.89990234375,135034000,0.0,0.0,1155.KL,Maybank
2012-02-01 00:00:00+08:00,7.231089372495674,7.803975251753147,7.167435944232675,7.702128887176514,20046112,0.0,0.0,5819.KL,Hong Leong Bank
2012-02-01 00:00:00+08:00,1.1667996376172525,1.242483940467712,1.1510320901870728,1.1510320901870728,185417800,0.0,0.0,5398.KL,Gamuda
2012-02-01 00:00:00+08:00,9.07021352483875,10.123005969093231,9.07021352483875,9.718085289001465,20122100,0.0,0.0,6033.KL,PETRONAS Gas
2012-02-01 00:00:00+08:00,3.615042388585828,3.7674472154506646,3.383387272675022,3.426060438156128,11927300,0.0,0.0,3816.KL,MISC
2012-02-01 00:00:00+08:00,4.240233179888227,4.469091424780501,4.221161533174895,4.259304523468018,168373600,0.0,0.0,5183.KL,PETRONAS Chemicals
2012-02-01 00:00:00+08:00,3.4494714012902072,3.638160539503656,3.3905061334636843,3.614574432373047,96875800,0.0,0.0,1015.KL,AMMB Holdings
2012-02-01 00:00:00+08:00,38.6692434592286,38.94693840833008,38.04442518918928,38.73866653442383,186700,0.0,0.0,4707.KL,Nestlé Malaysia
2012-03-01 00:00:00+08:00,3.63226460165484,3.720712661743164,3.596885433853237,3.720712661743164,78882900,0.0,0.0,1015.KL,AMMB Holdings
2012-03-01 00:00:00+08:00,16.352872757661984,17.347777659619773,16.114655996886217,17.235675811767578,25280000,0.0,0.0,2445.KL,Kuala Lumpur Kepong
2012-03-01 00:00:00+08:00,0.5834115934346712,0.6123595024406884,0.5745046147085656,0.5856386423110962,31599422,0.0,0.0,5211.KL,Sunway
2012-03-01 00:00:00+08:00,0.9139650688347852,0.9901287152025084,0.8976442249739823,0.9738078713417052,430954085,0.0,0.0,4677.KL,YTL Corporation
2012-03-01 00:00:00+08:00,3.265690866869746,3.297396421432495,3.1895971730757946,3.297396421432495,264644900,0.0,0.0,6888.KL,Axiata
2012-03-01 00:00:00+08:00,3.8954453246451672,3.966757758726124,3.850875265872387,3.9533867835998535,184258400,0.0,0.0,1155.KL,Maybank
2012-03-01 00:00:00+08:00,9.78749988613094,9.93789895227163,9.255318999525429,9.741223335266112,19896400,0.0,0.0,6033.KL,PETRONAS Gas
2012-03-01 00:00:00+08:00,4.25930510858916,4.411877393854776,4.170304785678808,4.284733772277832,114783500,0.0,0.0,5183.KL,PETRONAS Chemicals
2012-03-01 00:00:00+08:00,4.010166229013498,4.323810489717733,3.998964657812151,4.307008266448975,271132300,0.1,0.0,1023.KL,CIMB
2012-03-01 00:00:00+08:00,3.6765498998295167,3.724385841375928,3.526207531334737,3.64921498298645,76569300,0.07,0.0,1961.KL,IOI Corporation
2012-03-01 00:00:00+08:00,3.167876161703353,3.286201054281793,3.151741112282102,3.275444269180298,94829900,0.08,0.0,6012.KL,Maxis
2012-03-01 00:00:00+08:00,11.017241041505384,11.502581597770446,10.980840789071294,11.490448951721191,14817500,0.15,0.0,5681.KL,PETRONAS Dagangan
2012-03-01 00:00:00+08:00,0.1358918985659716,0.1561015931697652,0.1358918985659716,0.1435572654008865,120178240,0.0,0.0,8869.KL,Press Metal
2012-03-01 00:00:00+08:00,1.5896077175943044,1.615208628963776,1.5779708034506148,1.587280035018921,393761390,0.0,0.0,1295.KL,Public Bank
2012-03-01 00:00:00+08:00,0.6786695827004247,0.6911221785233748,0.6682921084796687,0.6745184063911438,18726128,0.0,0.0,7084.KL,QL Resources
2012-03-01 00:00:00+08:00,4.192019464052458,4.249804233792211,3.987146433064136,4.044930934906006,29271640,0.0,0.0,1066.KL,RHB Bank
2012-03-01 00:00:00+08:00,38.73866509195717,39.57175520488194,38.5998162984163,38.87751388549805,142300,0.0,0.0,4707.KL,Nestlé Malaysia
2012-03-01 00:00:00+08:00,1.1604924444830862,1.1983345526363245,1.1163432431187228,1.1478784084320068,258497400,0.0,0.0,5398.KL,Gamuda
2012-03-01 00:00:00+08:00,10.843696717468896,10.906815345052134,10.300881721028016,10.666966438293455,7934880,0.0,0.0,4065.KL,PPB Group
2012-03-01 00:00:00+08:00,7.702127937321677,8.03312873840332,7.523896978320497,8.03312873840332,26121723,0.106312,0.0,5819.KL,Hong Leong Bank
2012-03-01 00:00:00+08:00,2.3064914059288166,2.381079502483641,2.237640981533871,2.329441547393799,170896000,0.0,0.0,6947.KL,Celcomdigi
2012-03-01 00:00:00+08:00,3.603972492919112,3.856479870565483,3.517890295533968,3.690054416656494,120744400,0.0,0.0,5347.KL,Tenaga Nasional
2012-03-01 00:00:00+08:00,0.9285557157153796,0.9285557157153796,0.8739348348467205,0.9186250567436218,80935224,0.008239,0.0,6742.KL,YTL Power
2012-03-01 00:00:00+08:00,3.274146568420793,3.387700675120912,3.1795179957627244,3.3561580181121826,197782600,0.0,0.0,4863.KL,Telekom Malaysia
2012-03-01 00:00:00+08:00,3.413867642420504,3.487021880524227,3.0541924930659845,3.2797515392303467,45380200,0.0,0.0,3816.KL,MISC
2012-03-01 00:00:00+08:00,1.365393905562726,1.4309436443843255,1.3430787126512953,1.358420491218567,768132101,0.0,0.0,4197.KL,Sime Darby
2012-04-01 00:00:00+08:00,0.6745183816798637,0.6745183816798637,0.6454620147891754,0.6537643671035767,32618091,0.0,0.0,7084.KL,QL Resources
2012-04-01 00:00:00+08:00,3.349848944085393,3.438168795304333,3.343540533691994,3.400317430496216,101816000,0.0,0.0,4863.KL,Telekom Malaysia
2012-04-01 00:00:00+08:00,10.55335521697998,10.666967603310471,10.338753159952464,10.55335521697998,7161000,0.0,0.0,4065.KL,PPB Group
2012-04-01 00:00:00+08:00,3.2614618425747706,3.3041352805031674,2.9261715412139893,2.9261715412139893,9973700,0.0,0.0,3816.KL,MISC
2012-04-01 00:00:00+08:00,3.9667587523854135,4.006872112868118,3.797391891545149,3.846419095993042,153411300,0.04,0.0,1155.KL,Maybank
2012-04-01 00:00:00+08:00,2.306491627764072,2.346654515984236,2.2376411967471848,2.31796669960022,226356200,0.0,0.0,6947.KL,Celcomdigi
2012-04-01 00:00:00+08:00,4.044931102440578,4.102715874573684,3.798032652370896,3.87157678604126,36755433,0.0,0.0,1066.KL,RHB Bank
2012-04-01 00:00:00+08:00,38.87750993114713,38.87750993114713,38.25269174792562,38.39154052734375,334200,0.0,0.0,4707.KL,Nestlé Malaysia
2012-04-01 00:00:00+08:00,11.584372146913182,11.951353536102514,11.339718276320852,11.841259002685549,11693700,0.0,0.0,5681.KL,PETRONAS Dagangan
2012-04-01 00:00:00+08:00,1.147878169307332,1.1573386943748356,1.1163430105634162,1.1226500272750854,96627800,0.0,0.0,5398.KL,Gamuda
2012-04-01 00:00:00+08:00,17.193641164963385,17.445869701571475,16.563066482543945,16.563066482543945,19064800,0.0,0.0,2445.KL,Kuala Lumpur Kepong
2012-04-01 00:00:00+08:00,9.671808024987646,10.018882710562515,9.544547785048866,9.70651626586914,17571100,0.0,0.0,6033.KL,PETRONAS Gas
2012-04-01 00:00:00+08:00,3.32016034138152,3.374678520229496,3.281997486206345,3.3365156650543213,84534100,0.0,0.0,6012.KL,Maxis
2012-04-01 00:00:00+08:00,0.973807874367802,0.9792483744086607,0.8650026128527014,0.8813234567642212,176224784,0.0,0.0,4677.KL,YTL Corporation
2012-04-01 00:00:00+08:00,1.5872800019842093,1.6128815123141491,1.580297853643309,1.5942625999450684,315089489,0.0,0.0,1295.KL,Public Bank
2012-04-01 00:00:00+08:00,0.923355671934382,0.9283468759008484,0.8434979657043472,0.8584710359573364,53784264,0.0,0.0,6742.KL,YTL Power
2012-04-01 00:00:00+08:00,4.366334056861269,4.519638361581579,4.150572362589672,4.2073516845703125,183424600,0.0,0.0,1023.KL,CIMB
2012-04-01 00:00:00+08:00,0.1428602324667175,0.1484354036222683,0.1421632415746933,0.1470414102077484,54719840,0.0,0.0,8869.KL,Press Metal
2012-04-01 00:00:00+08:00,1.358420491218567,1.3932873849326144,1.3528414037297445,1.358420491218567,397572806,0.1,0.0,4197.KL,Sime Darby
2012-04-01 00:00:00+08:00,3.6900544166564937,3.839263595277112,3.655621592431989,3.690054416656494,97046200,0.0,0.0,5347.KL,Tenaga Nasional
2012-04-01 00:00:00+08:00,0.583411547510519,0.5900920852241278,0.5077017399815271,0.5344226360321045,18776754,0.0,0.0,5211.KL,Sunway
2012-04-01 00:00:00+08:00,3.2847134309966406,3.4495833677094145,3.2656901628340256,3.367148399353028,269320100,0.0,0.0,6888.KL,Axiata
2012-04-01 00:00:00+08:00,4.284734505579221,4.303806158176492,4.113090844738319,4.151234149932861,105042700,0.0,0.0,5183.KL,PETRONAS Chemicals
2012-04-01 00:00:00+08:00,8.093012493416325,8.105858945392557,7.836091693265875,7.848937511444092,13319169,0.0,0.0,5819.KL,Hong Leong Bank
2012-04-01 00:00:00+08:00,3.714816169874376,3.803263946306308,3.644057555092756,3.691230058670044,58932500,0.0,0.0,1015.KL,AMMB Holdings
2012-04-01 00:00:00+08:00,3.656139644089518,3.739233644363183,3.5868943136752582,3.61459231376648,65613500,0.0,0.0,1961.KL,IOI Corporation
2012-05-01 00:00:00+08:00,2.9566523789436543,2.981037118056215,2.401899128099372,2.456764936447144,37696200,0.0,0.0,3816.KL,MISC
2012-05-01 00:00:00+08:00,1.1289570782505272,1.1415711120567007,1.0406587664217417,1.0690404176712036,141539200,0.0,0.0,5398.KL,Gamuda
2012-05-01 00:00:00+08:00,38.39155356449071,39.22464387558325,35.75343645296526,36.947532653808594,1242900,1.25,0.0,4707.KL,Nestlé Malaysia
2012-05-01 00:00:00+08:00,3.33651622698997,3.401938052625877,3.243835177357489,3.3746790885925293,118213100,0.0,0.0,6012.KL,Maxis
2012-05-01 00:00:00+08:00,1.5942624517967068,1.605899364616836,1.5709880266632257,1.6012444496154783,261615197,0.0,0.0,1295.KL,Public Bank
2012-05-01 00:00:00+08:00,11.816793201054615,12.832107653461476,11.633303087140778,12.660850524902344,13083100,0.0,0.0,5681.KL,PETRONAS Dagangan
2012-05-01 00:00:00+08:00,4.213028494602986,4.400400336583455,4.048368374635598,4.25845193862915,190153000,0.0,0.0,1023.KL,CIMB
2012-05-01 00:00:00+08:00,3.871577146172677,3.98189402668456,3.756008126952104,3.9030966758728023,39746914,0.162787,0.0,1066.KL,RHB Bank
2012-05-01 00:00:00+08:00,1.3976409791662476,1.416276109280684,1.3202331356235777,1.3876062631607056,470767323,0.0,0.0,4197.KL,Sime Darby
2012-05-01 00:00:00+08:00,0.6558395103165393,0.6786695802787827,0.633009440354296,0.6454620361328125,37822282,0.0,0.0,7084.KL,QL Resources
2012-05-01 00:00:00+08:00,10.553354138828167,10.730084419250488,9.5939577826948,10.730084419250488,9069840,0.108333,0.0,4065.KL,PPB Group
2012-05-01 00:00:00+08:00,7.848936297562455,8.015935077042064,7.643400069508226,7.88747501373291,21782430,0.0,0.0,5819.KL,Hong Leong Bank
2012-05-01 00:00:00+08:00,3.6561396280525775,3.697686628007172,3.39300829815394,3.6353659629821777,74185100,0.0,0.0,1961.KL,IOI Corporation
2012-05-01 00:00:00+08:00,9.787502005264152,10.389097296760829,9.590826345675564,9.949470520019531,32350600,0.25,0.0,6033.KL,PETRONAS Gas
2012-05-01 00:00:00+08:00,4.1575898826863575,4.278376170181349,4.030446581709284,4.259304523468018,158295800,0.0,0.0,5183.KL,PETRONAS Chemicals
2012-05-01 00:00:00+08:00,2.317966911363442,2.3466547303683,2.191740972840506,2.2950167655944824,170789500,0.059,0.0,6947.KL,Celcomdigi
2012-05-01 00:00:00+08:00,3.8638227964244174,3.948889389733917,3.751892821187253,3.917549133300781,132714000,0.0,0.0,1155.KL,Maybank
2012-05-01 00:00:00+08:00,3.373489452297032,3.4749476816574503,3.3291013257671613,3.405194997787476,237623500,0.15,0.0,6888.KL,Axiata
2012-05-01 00:00:00+08:00,3.701532237471874,3.827786207199097,3.5006739477943216,3.8277862071990967,91209300,0.0038,0.0,5347.KL,Tenaga Nasional
2012-05-01 00:00:00+08:00,3.703023051672468,3.767884715803579,3.579195829358717,3.6617472171783447,65133800,0.0,0.0,1015.KL,AMMB Holdings
2012-05-01 00:00:00+08:00,0.8922036927690574,1.039090978564968,0.8758828508306982,1.0010088682174685,291184410,0.0,0.0,4677.KL,YTL Corporation
2012-05-01 00:00:00+08:00,0.8534798292250456,0.8834265112803878,0.7636397830590187,0.8285243511199951,150977325,0.0,0.0,6742.KL,YTL Power
2012-05-01 00:00:00+08:00,16.647148247725916,16.87135204855292,15.06370723393511,15.666255950927734,29428800,0.0,0.0,2445.KL,Kuala Lumpur Kepong
2012-05-01 00:00:00+08:00,0.5321961280611207,0.5477836418180232,0.4720731975002078,0.5054746270179749,64023085,0.0,0.0,5211.KL,Sunway
2012-05-01 00:00:00+08:00,3.4066261417055226,3.488637582531063,3.2867633360718647,3.400317430496216,155484900,0.098,0.0,4863.KL,Telekom Malaysia
2012-05-01 00:00:00+08:00,0.1456482631112804,0.1477384573414711,0.1247415755752228,0.1261355578899383,76687520,0.0,0.0,8869.KL,Press Metal
2012-06-01 00:00:00+08:00,2.305487340808855,2.497611239607656,2.293843476566856,2.474323511123657,161638400,0.0,0.0,6947.KL,Celcomdigi
2012-06-01 00:00:00+08:00,3.995726444571348,4.006481933269552,3.898925400752869,3.979592800140381,27689967,0.0,0.0,1066.KL,RHB Bank
2012-06-01 00:00:00+08:00,0.5054747558513333,0.5500101840063533,0.4898878845357384,0.512155294418335,57681942,0.0,0.0,5211.KL,Sunway
2012-06-01 00:00:00+08:00,0.6475381533404847,0.6890471209774364,0.637160678155002,0.6516883969306946,34667667,0.0,0.0,7084.KL,QL Resources
2012-06-01 00:00:00+08:00,3.895163059234619,3.935457918702604,3.810096465785852,3.895163059234619,168080900,0.0,0.0,1155.KL,Maybank
2012-06-01 00:00:00+08:00,3.4888904117956123,3.6062738417101214,3.4367201367044387,3.567145824432373,284742200,0.0,0.0,6888.KL,Axiata
2012-06-01 00:00:00+08:00,10.56509652066888,10.69238708590718,9.852270666384332,10.170495986938477,6237120,0.0,0.0,4065.KL,PPB Group
2012-06-01 00:00:00+08:00,7.964550374604544,8.144394952123722,7.656245112944013,7.990242004394531,13034107,0.0,0.0,5819.KL,Hong Leong Bank
2012-06-01 00:00:00+08:00,4.214805970911004,4.259305990008205,4.011376316170394,4.113090991973877,108648300,0.08,0.0,5183.KL,PETRONAS Chemicals
2012-06-01 00:00:00+08:00,1.37757212149274,1.4306109250869294,1.3603704685021831,1.4177097082138062,483347297,0.0,0.0,4197.KL,Sime Darby
2012-06-01 00:00:00+08:00,1.5965895346141212,1.6221911924383223,1.5826255389765775,1.6012444496154783,340165555,0.0,0.0,1295.KL,Public Bank
2012-06-01 00:00:00+08:00,12.648620174747585,13.39481493782076,12.624154198940955,12.90550708770752,14614300,0.5249999999999999,0.0,5681.KL,PETRONAS Dagangan
2012-06-01 00:00:00+08:00,1.0010088593363595,1.2476383156810884,0.9955690162124876,1.172200083732605,316137231,0.017789,1.0666666666666669,4677.KL,YTL Corporation
2012-06-01 00:00:00+08:00,4.184640253989302,4.337944569634583,4.144894861143049,4.29819917678833,150289100,0.0,0.0,1023.KL,CIMB
2012-06-01 00:00:00+08:00,10.1060740255798,10.68121732346602,10.0708615361206,10.563840866088867,29427400,0.0,0.0,6033.KL,PETRONAS Gas
2012-06-01 00:00:00+08:00,15.554148938735793,16.521027846133272,15.147779349197776,16.072620391845703,24323600,0.0,0.0,2445.KL,Kuala Lumpur Kepong
2012-06-01 00:00:00+08:00,3.374679617885969,3.625463582120442,3.374679617885969,3.4837160110473637,80220800,0.16,0.0,6012.KL,Maxis
2012-06-01 00:00:00+08:00,3.4634056075093427,3.7589838544549257,3.42485196308998,3.630471706390381,173024700,0.0,0.0,4863.KL,Telekom Malaysia
2012-06-01 00:00:00+08:00,3.545346768333454,3.669988079762762,3.4553281167869883,3.593818426132202,79364500,0.0,0.0,1961.KL,IOI Corporation
2012-06-01 00:00:00+08:00,0.8285243009114841,0.898400136394083,0.7985776206709083,0.8784352540969849,103129787,0.008239,0.0,6742.KL,YTL Power
2012-06-01 00:00:00+08:00,37.8478728540801,41.88119241202772,37.8478728540801,40.83025741577149,2792400,0.0,0.0,4707.KL,Nestlé Malaysia
2012-06-01 00:00:00+08:00,1.069040532155774,1.1478783270727442,1.05011940423466,1.1037291288375854,109588800,0.0,0.0,5398.KL,Gamuda
2012-06-01 00:00:00+08:00,2.4567658020624985,2.8408257237492744,2.353130333630239,2.810344934463501,65778200,0.0,0.0,3816.KL,MISC
2012-06-01 00:00:00+08:00,3.807062411608557,3.933390151781006,3.6692500576121674,3.8702261447906494,107491000,0.0,0.0,5347.KL,Tenaga Nasional
2012-06-01 00:00:00+08:00,3.614574847373493,3.732505396566508,3.567402627696288,3.708919286727905,41770600,0.0,0.0,1015.KL,AMMB Holdings
2012-06-01 00:00:00+08:00,0.1261355382356265,0.13171071064484,0.1226505713613858,0.1282257437705993,29988000,0.000893,0.0,8869.KL,Press Metal
2012-07-01 00:00:00+08:00,1.4091087579727173,1.4334778031432944,1.3976410204402423,1.4091087579727173,397289349,0.0,0.0,4197.KL,Sime Darby
2012-07-01 00:00:00+08:00,1.190209694485691,1.1960730689638632,1.0788111781598444,1.090537190437317,205746097,0.0,0.0,4677.KL,YTL Corporation
2012-07-01 00:00:00+08:00,0.5121551921051176,0.5166086807968365,0.4987947640543174,0.5032482147216797,34252023,0.0,0.0,5211.KL,Sunway
2012-07-01 00:00:00+08:00,13.228839577559397,13.605015342935596,13.0407510969564,13.166143417358398,10923300,0.0,0.0,5681.KL,PETRONAS Dagangan
2012-07-01 00:00:00+08:00,1.6012446780872245,1.6827030794509268,1.6012446780872245,1.671066164970398,317561929,0.0,0.0,1295.KL,Public Bank
2012-07-01 00:00:00+08:00,3.708919669142904,3.8445399552825545,3.7030232816596,3.7855746746063232,96164000,0.0,0.0,1015.KL,AMMB Holdings
2012-07-01 00:00:00+08:00,3.58689410954618,3.753082430821988,3.58689410954618,3.697686433792114,78226300,0.0,0.0,1961.KL,IOI Corporation
2012-07-01 00:00:00+08:00,3.571665821859248,3.867907398463822,3.5045923478633685,3.5828447341918945,118679300,0.0,0.0,6012.KL,Maxis
2012-07-01 00:00:00+08:00,1.1131895893796335,1.1384176582018788,1.0785009947490465,1.1068825721740725,108663000,0.03,0.0,5398.KL,Gamuda
2012-07-01 00:00:00+08:00,10.170498639256936,10.246873143989491,9.623151178239077,9.674066543579102,6058680,0.0,0.0,4065.KL,PPB Group
2012-07-01 00:00:00+08:00,10.622526140105332,11.326781330324003,10.422986889697238,10.857277870178224,16881800,0.0,0.0,6033.KL,PETRONAS Gas
2012-07-01 00:00:00+08:00,3.870225673218859,3.939131978725224,3.732413609822591,3.875967979431152,81455000,0.0,0.0,5347.KL,Tenaga Nasional
2012-07-01 00:00:00+08:00,0.1296235150004345,0.1380313272961588,0.1254196088525724,0.126120388507843,32615520,0.0,0.0,8869.KL,Press Metal
2012-07-01 00:00:00+08:00,0.8835486224091258,0.9337507199647184,0.8835486224091258,0.903629720211029,75273874,0.0,0.0,6742.KL,YTL Power
2012-07-01 00:00:00+08:00,4.2981979554914,4.502603471108205,4.275486231533977,4.457180023193359,199623200,0.0,0.0,1023.KL,CIMB
2012-07-01 00:00:00+08:00,16.324850427756022,17.165615818727385,16.12867281652652,16.647144317626953,16050200,0.15,0.0,2445.KL,Kuala Lumpur Kepong
2012-07-01 00:00:00+08:00,7.99024296789149,8.863774964829398,7.99024296789149,8.773852348327637,24095070,0.0,0.0,5819.KL,Hong Leong Bank
2012-07-01 00:00:00+08:00,0.6579155947258315,0.6807448380911963,0.6475381710949815,0.6641418933868408,27734049,0.0,0.0,7084.KL,QL Resources
2012-07-01 00:00:00+08:00,3.9220261573791504,3.939934935071245,3.8682998243028672,3.9220261573791504,163316500,0.0,0.0,1155.KL,Maybank
2012-07-01 00:00:00+08:00,2.474324265909741,2.643160487727587,2.4393926625279496,2.5849411487579346,152366900,0.0,0.0,6947.KL,Celcomdigi
2012-07-01 00:00:00+08:00,4.17681953705515,4.26692064488372,4.131769290022658,4.241177558898926,78920600,0.0,0.0,5183.KL,PETRONAS Chemicals
2012-07-01 00:00:00+08:00,2.828632850732561,2.968845270633586,2.7128051742326647,2.755478620529175,24846200,0.0,0.0,3816.KL,MISC
2012-07-01 00:00:00+08:00,3.6368971605950433,4.054562101400508,3.5726410865627707,3.630471706390381,228667600,0.0,0.0,4863.KL,Telekom Malaysia
2012-07-01 00:00:00+08:00,3.5671456742815333,4.062763888704505,3.5606245456493126,3.8214762210845943,383538300,0.0,0.0,6888.KL,Axiata
2012-07-01 00:00:00+08:00,41.83858399641468,43.64221680289484,40.84445766147983,42.60548400878906,633400,0.0,0.0,4707.KL,Nestlé Malaysia
2012-07-01 00:00:00+08:00,3.9742152915300566,4.11403857751555,3.936570117659208,3.963459253311157,23942882,0.0,0.0,1066.KL,RHB Bank
2012-08-01 00:00:00+08:00,8.799545219091582,8.863775573316758,8.478393447965706,8.632546424865723,15021441,0.0,0.0,5819.KL,Hong Leong Bank
2012-08-01 00:00:00+08:00,1.6687384858153218,1.682702629585357,1.6501195774975128,1.6664108037948608,266717275,0.037024,0.0,1295.KL,Public Bank
2012-08-01 00:00:00+08:00,0.6641418134361196,0.6890470569211805,0.6496132147452435,0.6745184063911438,26649966,0.010739,0.0,7084.KL,QL Resources
2012-08-01 00:00:00+08:00,3.827999085133261,3.9714677115956176,3.814956510996637,3.906254529953003,209595300,0.0,0.0,6888.KL,Axiata
2012-08-01 00:00:00+08:00,2.5674745250377016,2.934256679360697,2.5674745250377016,2.800352096557617,155097900,0.059,0.0,6947.KL,Celcomdigi
2012-08-01 00:00:00+08:00,11.033342251731153,11.71412288193584,10.86901658750669,11.373732566833496,12687200,0.15,0.0,6033.KL,PETRONAS Gas
2012-08-01 00:00:00+08:00,3.926503591796696,4.141408931394856,3.922026290476996,4.096636772155762,213721800,0.0,0.0,1155.KL,Maybank
2012-08-01 00:00:00+08:00,3.582845382557235,3.9685183276158265,3.554898229931342,3.93498158454895,148508800,0.0,0.0,6012.KL,Maxis
2012-08-01 00:00:00+08:00,0.9086498326454692,0.913669476370785,0.8584477431005028,0.8735085129737854,40740544,0.0,0.0,6742.KL,YTL Power
2012-08-01 00:00:00+08:00,2.7432864186039017,2.779863535969263,2.560400541088006,2.596977949142456,17603200,0.0,0.0,3816.KL,MISC
2012-08-01 00:00:00+08:00,3.773781236033998,3.815056787740154,3.6617470735184448,3.744298458099365,67333600,0.135,0.0,1015.KL,AMMB Holdings
2012-08-01 00:00:00+08:00,3.9634587576747142,3.968837187495284,3.807501845247218,3.9150583744049072,29052286,0.0,0.0,1066.KL,RHB Bank
2012-08-01 00:00:00+08:00,42.53449344452565,45.999738951992505,42.463482650037705,45.46006774902344,458200,0.0,0.0,4707.KL,Nestlé Malaysia
2012-08-01 00:00:00+08:00,3.630471589316665,3.9131986123385474,3.624045828922088,3.9067728519439697,115975400,0.0,0.0,4863.KL,Telekom Malaysia
2012-08-01 00:00:00+08:00,4.189691398187672,4.28622781744916,4.138204919197941,4.170383930206299,47744100,0.0,0.0,5183.KL,PETRONAS Chemicals
2012-08-01 00:00:00+08:00,1.078811150636443,1.1374417998710769,1.0319059240370372,1.0612218379974363,218611114,0.0,0.0,4677.KL,YTL Corporation
2012-08-01 00:00:00+08:00,0.5032482235520046,0.5054746637420781,0.4854343064969108,0.4943412840366363,57075159,0.0,0.0,5211.KL,Sunway
2012-08-01 00:00:00+08:00,16.412147583336,16.933839383035693,16.313448189847904,16.383947372436523,11454300,0.0,0.0,2445.KL,Kuala Lumpur Kepong
2012-08-01 00:00:00+08:00,1.404808772403569,1.4191434708504749,1.3847397920694406,1.4062422513961792,341319326,0.0,0.0,4197.KL,Sime Darby
2012-08-01 00:00:00+08:00,2.830930268419315,2.893050934955301,2.7510606284339736,2.839804649353028,422236500,0.0,0.0,5225.KL,IHH Healthcare
2012-08-01 00:00:00+08:00,3.870227269000869,4.025266314960113,3.841516547526017,3.9276492595672607,97802700,0.0,0.0,5347.KL,Tenaga Nasional
2012-08-01 00:00:00+08:00,1.12574979641056,1.1546151483559597,1.0968844444651606,1.1065062284469604,128270000,0.0,0.0,5398.KL,Gamuda
2012-08-01 00:00:00+08:00,3.669988561815352,3.711535561020263,3.489951235074537,3.5591962337493896,44803400,0.0,0.0,1961.KL,IOI Corporation
2012-08-01 00:00:00+08:00,13.17867851906736,14.432596524021529,13.17867851906736,14.0438814163208,7510300,0.0,0.0,5681.KL,PETRONAS Dagangan
2012-08-01 00:00:00+08:00,4.428790458729894,4.519637353638782,4.383366740530348,4.423112392425537,152185400,0.0,0.0,1023.KL,CIMB
2012-08-01 00:00:00+08:00,0.1261203767852016,0.1261203767852016,0.119113340973854,0.119113340973854,54439840,0.0,0.0,8869.KL,Press Metal
2012-08-01 00:00:00+08:00,9.674060519121364,9.674060519121364,8.719383446289598,8.846673965454102,9597960,0.0,0.0,4065.KL,PPB Group
2012-09-01 00:00:00+08:00,3.5799697301039126,3.6076677282714096,3.337612081045222,3.44840407371521,64924900,0.085,0.0,1961.KL,IOI Corporation
2012-09-01 00:00:00+08:00,16.383947531635123,16.60954384238272,15.171366689036752,15.5520601272583,19880900,0.0,0.0,2445.KL,Kuala Lumpur Kepong
2012-09-01 00:00:00+08:00,2.596977678593248,2.6518432035809383,2.511630789609626,2.59088134765625,22611200,0.0,0.0,3816.KL,MISC
2012-09-01 00:00:00+08:00,4.123500425116273,4.280202565811557,3.993661667132375,4.033956527709961,336118400,0.04,0.0,1155.KL,Maybank
2012-09-01 00:00:00+08:00,1.6923088080087083,1.6993895751064567,1.6639857396177165,1.6970294713974,242167891,0.0,0.0,1295.KL,Public Bank
2012-09-01 00:00:00+08:00,0.6859486391698343,0.6943648289939964,0.6354486622085849,0.6628029346466064,15315890,0.0,0.0,7084.KL,QL Resources
2012-09-01 00:00:00+08:00,3.912624380766319,3.929392888241212,3.7505299634566818,3.8679087162017822,121775100,0.08,0.0,6012.KL,Maxis
2012-09-01 00:00:00+08:00,1.103299260139465,1.1289573575720049,1.0648120375234942,1.103299260139465,114524400,0.0,0.0,5398.KL,Gamuda
2012-09-01 00:00:00+08:00,3.939131882773692,3.9506162211103057,3.726671212834,3.916163206100464,90821700,0.0,0.0,5347.KL,Tenaga Nasional
2012-09-01 00:00:00+08:00,0.1191133848371073,0.1198141646853025,0.1135079061418229,0.1149094775319099,78540000,0.000893,0.0,8869.KL,Press Metal
2012-09-01 00:00:00+08:00,4.44582378060962,4.468535502622702,4.05972423564214,4.25845193862915,210375800,0.05,0.0,1023.KL,CIMB
2012-09-01 00:00:00+08:00,2.822055887485603,2.8486790302867395,2.715563104699125,2.839804649353028,144185800,0.0,0.0,5225.KL,IHH Healthcare
2012-09-01 00:00:00+08:00,14.043881732405296,14.282126828373212,13.178678815678802,14.10657787322998,10159800,0.175,0.0,5681.KL,PETRONAS Dagangan
2012-09-01 00:00:00+08:00,3.837158682295599,3.8793253653848025,3.5660879277940807,3.831135034561157,56712800,0.0,0.0,1015.KL,AMMB Holdings
2012-09-01 00:00:00+08:00,0.4987948636985227,0.512155294418335,0.4832073459687368,0.512155294418335,24624279,0.0,0.0,5211.KL,Sunway
2012-09-01 00:00:00+08:00,8.632542881989796,8.786695161826307,8.22146929069548,8.606850624084473,13805681,0.0,0.0,5819.KL,Hong Leong Bank
2012-09-01 00:00:00+08:00,4.163947681702345,4.247612858317639,3.983746093326693,4.118897438049316,50034400,0.08,0.0,5183.KL,PETRONAS Chemicals
2012-09-01 00:00:00+08:00,3.9131990598516633,4.02243454787468,3.7204305155290296,3.977455139160156,187064600,0.098,0.0,4863.KL,Telekom Malaysia
2012-09-01 00:00:00+08:00,11.520956621983428,11.591928105345731,10.823075069143478,11.237072944641112,21783900,0.0,0.0,6033.KL,PETRONAS Gas
2012-09-01 00:00:00+08:00,45.800898109994286,46.15594383177719,42.6764946747912,43.67062377929688,224700,0.55,0.0,4707.KL,Nestlé Malaysia
2012-09-01 00:00:00+08:00,3.915057888840531,3.92043604373831,3.710700892744333,3.877413272857666,20273232,0.0,0.0,1066.KL,RHB Bank
2012-09-01 00:00:00+08:00,0.868488461208247,0.8785290449253743,0.818286972720875,0.8333472013473511,43000145,0.0,0.0,6742.KL,YTL Power
2012-09-01 00:00:00+08:00,8.8212196502759,8.935780651199048,7.573773836560423,7.675606727600098,8367240,0.058333,0.0,4065.KL,PPB Group
2012-09-01 00:00:00+08:00,1.067084492066936,1.0964004044545632,1.0025905456316475,1.0084538459777832,250128761,0.0,0.0,4677.KL,YTL Corporation
2012-09-01 00:00:00+08:00,2.845642370725675,3.152005518111738,2.7867264348693825,3.110764503479004,219575800,0.0,0.0,6947.KL,Celcomdigi
2012-09-01 00:00:00+08:00,3.9453816227205607,4.251882197339455,3.8801684566251424,4.238839626312256,270461800,0.0,0.0,6888.KL,Axiata
2012-09-01 00:00:00+08:00,1.4048086404800415,1.411975943290826,1.3775722677405906,1.4048086404800415,472683005,0.0,0.0,4197.KL,Sime Darby
2012-10-01 00:00:00+08:00,8.542622767721111,9.621691573957351,8.542622767721111,9.428999900817873,14059177,0.260947,0.0,5819.KL,Hong Leong Bank
2012-10-01 00:00:00+08:00,15.509763852965326,16.48264844845534,14.6214772163908,15.100870132446287,17837300,0.0,0.0,2445.KL,Kuala Lumpur Kepong
2012-10-01 00:00:00+08:00,0.5054745934860634,0.5566905437568296,0.5010211053351918,0.5255155563354492,15959423,0.0,0.0,5211.KL,Sunway
2012-10-01 00:00:00+08:00,4.069070293404886,4.172482921591203,4.001626883516751,4.060077667236328,251468700,0.0,0.0,1155.KL,Maybank
2012-10-01 00:00:00+08:00,14.09097904596234,14.242631904167425,13.81295161810016,13.95196533203125,6252900,0.0,0.0,5681.KL,PETRONAS Dagangan
2012-10-01 00:00:00+08:00,2.839804192024583,2.928547987070205,2.813181053510896,2.9019248485565186,91930600,0.0,0.0,5225.KL,IHH Healthcare
2012-10-01 00:00:00+08:00,0.8333468801552752,0.8433873919026288,0.7931853779649901,0.818286657333374,49929045,0.008239,0.0,6742.KL,YTL Power
2012-10-01 00:00:00+08:00,4.285856372650421,4.4687196759789725,4.28014176669293,4.36014461517334,165087300,0.0,0.0,1023.KL,CIMB
2012-10-01 00:00:00+08:00,0.1149137304453403,0.1247836599497382,0.1135042951935321,0.1226691305637359,79017120,0.0,0.0,8869.KL,Press Metal
2012-10-01 00:00:00+08:00,3.122547972770872,3.281621154421712,3.0813066734786654,3.128439426422119,174341800,0.0,0.0,6947.KL,Celcomdigi
2012-10-01 00:00:00+08:00,3.87596819386292,4.145850303182192,3.858741548081235,3.990811586380005,159737800,0.0,0.0,5347.KL,Tenaga Nasional
2012-10-01 00:00:00+08:00,1.1032989298094606,1.1610296317479816,1.0840553624966205,1.1578223705291748,175370200,0.0,0.0,5398.KL,Gamuda
2012-10-01 00:00:00+08:00,1.4019418954849243,1.4091091993832252,1.324534025407906,1.4019418954849243,437556827,0.0,0.0,4197.KL,Sime Darby
2012-10-01 00:00:00+08:00,0.660698226618295,0.6775315535187335,0.6564906043973071,0.6670114994049072,17488246,0.0,0.0,7084.KL,QL Resources
2012-10-01 00:00:00+08:00,7.678765690883505,8.89457001450534,7.614775488590035,8.613015174865723,11712120,0.0,0.0,4065.KL,PPB Group
2012-10-01 00:00:00+08:00,4.196857457404139,4.333711528572062,4.151239330098808,4.235958576202393,52515400,0.0,0.0,5183.KL,PETRONAS Chemicals
2012-10-01 00:00:00+08:00,1.0143165757418326,1.0553585002377983,1.0084538646303105,1.026043176651001,187371302,0.0,0.0,4677.KL,YTL Corporation
2012-10-01 00:00:00+08:00,3.813063227267523,3.885348718012641,3.7949919981997473,3.843182325363159,46983900,0.0,0.0,1015.KL,AMMB Holdings
2012-10-01 00:00:00+08:00,3.529173149837337,3.5925712385884108,3.4516862237011674,3.564394235610962,66179700,0.0,0.0,1961.KL,IOI Corporation
2012-10-01 00:00:00+08:00,3.908435675781059,3.993278763632095,3.840561313383727,3.9367167949676514,137151900,0.0,0.0,6012.KL,Maxis
2012-10-01 00:00:00+08:00,4.042942810774349,4.18010244512658,3.899251616956824,3.905783176422119,173850100,0.0,0.0,4863.KL,Telekom Malaysia
2012-10-01 00:00:00+08:00,2.5604002425218666,2.7371897678503783,2.548207871488488,2.584784984588623,30997200,0.0,0.0,3816.KL,MISC
2012-10-01 00:00:00+08:00,11.237072385338912,11.970439079331465,10.89404601027702,11.591927528381348,22588500,0.0,0.0,6033.KL,PETRONAS Gas
2012-10-01 00:00:00+08:00,3.85590279482986,4.06026010600577,3.829013660503777,4.033370971679688,29336345,0.056101,0.0,1066.KL,RHB Bank
2012-10-01 00:00:00+08:00,1.6993893270211275,1.8905709226918368,1.6946686643215825,1.876408934593201,250396034,0.0,0.0,1295.KL,Public Bank
2012-10-01 00:00:00+08:00,4.245361681997678,4.454042848648117,4.173627375481856,4.25840425491333,258262700,0.08,0.0,6888.KL,Axiata
2012-10-01 00:00:00+08:00,44.40730499194304,50.28052701474293,43.76268172979919,49.9080810546875,492200,0.0,0.0,4707.KL,Nestlé Malaysia
2012-11-01 00:00:00+08:00,9.61633315435739,9.747167821039032,9.302330987138378,9.590166091918944,24282037,0.0,0.0,5819.KL,Hong Leong Bank
2012-11-01 00:00:00+08:00,0.6649068240827746,0.677531583311879,0.6480734964421231,0.6501782536506653,10091999,0.0,0.0,7084.KL,QL Resources
2012-11-01 00:00:00+08:00,3.1461137544525006,3.1637883929981245,2.657111113712751,2.84564208984375,304985800,0.12,0.0,6947.KL,Celcomdigi
2012-11-01 00:00:00+08:00,0.8230502706695981,0.8230502706695981,0.767506527278612,0.7978028655052185,70885304,0.0,0.0,6742.KL,YTL Power
2012-11-01 00:00:00+08:00,3.855229907154012,3.8913726525265706,3.734753802008476,3.843182325363159,92514300,0.07,0.0,1015.KL,AMMB Holdings
2012-11-01 00:00:00+08:00,4.371573728872593,4.440147368171692,4.25728405755334,4.268712997436523,202949200,0.0,0.0,1023.KL,CIMB
2012-11-01 00:00:00+08:00,3.942372748788856,3.942372748788856,3.56340743428269,3.6369378566741934,191309500,0.0,0.0,6012.KL,Maxis
2012-11-01 00:00:00+08:00,4.055582779103238,4.123025776765154,4.037597522348465,4.069071292877197,196413500,0.0,0.0,1155.KL,Maybank
2012-11-01 00:00:00+08:00,4.316387648260502,4.322987780474128,3.7025895144165024,3.907188892364502,380971100,0.0,0.0,6888.KL,Axiata
2012-11-01 00:00:00+08:00,14.015157030593254,14.912430420083242,13.47173757907636,14.609127044677734,19257300,0.0,0.0,5681.KL,PETRONAS Dagangan
2012-11-01 00:00:00+08:00,1.8764085873883452,1.883489200152063,1.772557219008262,1.8315635919570925,336855282,0.0,0.0,1295.KL,Public Bank
2012-11-01 00:00:00+08:00,1.1578226688322395,1.2123462000666123,1.135371834516328,1.1706517934799194,193074400,0.0,0.0,5398.KL,Gamuda
2012-11-01 00:00:00+08:00,11.710208922796246,11.982264878679226,10.101534101757611,10.882214546203612,30732600,0.0,0.0,6033.KL,PETRONAS Gas
2012-11-01 00:00:00+08:00,3.5714394562771,3.5784835406550397,3.381244475522488,3.493952512741089,59517300,0.0,0.0,1961.KL,IOI Corporation
2012-11-01 00:00:00+08:00,2.590880966736338,2.639650444305838,2.444572534027837,2.4506685733795166,29251200,0.0,0.0,3816.KL,MISC
2012-11-01 00:00:00+08:00,8.740992770306093,8.740992770306093,7.653167645127951,7.67876386642456,9781080,0.0,0.0,4065.KL,PPB Group
2012-11-01 00:00:00+08:00,4.008038910970093,4.031007593363526,3.904679840199646,3.98507022857666,127952100,0.0,0.0,5347.KL,Tenaga Nasional
2012-11-01 00:00:00+08:00,0.1226692134383827,0.1297187241050786,0.1219641070619385,0.1254888623952865,19565280,0.000893,0.0,8869.KL,Press Metal
2012-11-01 00:00:00+08:00,1.400507890819377,1.4062418049695249,1.2815289892454826,1.2858294248580933,369548312,0.25,0.0,4197.KL,Sime Darby
2012-11-01 00:00:00+08:00,1.031906016441215,1.0553586318410315,0.9791380737989798,1.0377693176269531,239114253,0.0,0.0,4677.KL,YTL Corporation
2012-11-01 00:00:00+08:00,3.918847107084641,3.918847107084641,3.468179652396869,3.5726821422576904,253482300,0.0,0.0,4863.KL,Telekom Malaysia
2012-11-01 00:00:00+08:00,2.8930505490182785,3.088287115097046,2.777683612270131,3.088287115097046,127541700,0.0,0.0,5225.KL,IHH Healthcare
2012-11-01 00:00:00+08:00,15.002167808828824,15.382861205252544,14.452275853261307,14.550973892211914,24906400,0.0,0.0,2445.KL,Kuala Lumpur Kepong
2012-11-01 00:00:00+08:00,4.235959469321098,4.235959469321098,3.83843087826764,3.8775320053100586,52663700,0.0,0.0,5183.KL,PETRONAS Chemicals
2012-11-01 00:00:00+08:00,4.071808125330614,4.18024506915294,4.006746124937647,4.066386222839356,30957272,0.0,0.0,1066.KL,RHB Bank
2012-11-01 00:00:00+08:00,49.90808232059722,50.13728110133641,42.20126443838054,42.68831253051758,752400,0.0,0.0,4707.KL,Nestlé Malaysia
2012-11-01 00:00:00+08:00,0.5232893225667288,0.5344227043009315,0.5032483152555507,0.512155294418335,22085991,0.0,0.0,5211.KL,Sunway
2012-12-01 00:00:00+08:00,3.559619352658099,3.94497275352478,3.546556541346109,3.94497275352478,143901500,0.0,0.0,4863.KL,Telekom Malaysia
2012-12-01 00:00:00+08:00,0.6480734908176355,0.6670115229466071,0.6375534363325115,0.6522820591926575,19314056,0.0,0.0,7084.KL,QL Resources
2012-12-01 00:00:00+08:00,3.4728190577486515,3.592571496963501,3.381243959434116,3.592571496963501,79920000,0.0,0.0,1961.KL,IOI Corporation
2012-12-01 00:00:00+08:00,3.625625022460487,3.812279626092305,3.619968961291278,3.761373996734619,157023200,0.08,0.0,6012.KL,Maxis
2012-12-01 00:00:00+08:00,10.917698148659028,12.124204937570488,10.692957285183953,11.54460906982422,22894500,0.0,0.0,6033.KL,PETRONAS Gas
2012-12-01 00:00:00+08:00,3.893988485133783,4.487986781969714,3.867588588804328,4.349387168884277,268820300,0.0,0.0,6888.KL,Axiata
2012-12-01 00:00:00+08:00,3.879324969430759,4.141194820404053,3.8245152369891633,4.141194820404053,80523400,0.0,0.0,1015.KL,AMMB Holdings
2012-12-01 00:00:00+08:00,2.450669404504213,2.6213629245758057,2.401899910394933,2.6213629245758057,24169200,0.0,0.0,3816.KL,MISC
2012-12-01 00:00:00+08:00,4.05012061735124,4.1694016456604,4.044698991224173,4.1694016456604,31087750,0.0,0.0,1066.KL,RHB Bank
2012-12-01 00:00:00+08:00,0.7877043485641481,0.8180006828351387,0.7574080142931573,0.787704348564148,111504665,0.008239,0.0,6742.KL,YTL Power
2012-12-01 00:00:00+08:00,42.68830481424761,46.85686064230458,40.4679410025867,45.00894546508789,555000,0.0,0.0,4707.KL,Nestlé Malaysia
2012-12-01 00:00:00+08:00,1.38326410690798,1.4804163992820605,1.3770957011438436,1.468079686164856,405065546,0.0,0.0,4197.KL,Sime Darby
2012-12-01 00:00:00+08:00,3.864496737391988,4.170789241790772,3.668991181045113,4.170789241790772,118394800,0.0,0.0,5183.KL,PETRONAS Chemicals
2012-12-01 00:00:00+08:00,7.640369666923547,7.742753084370245,7.1412503237949,7.422804355621338,35050440,0.0,0.0,4065.KL,PPB Group
2012-12-01 00:00:00+08:00,1.0377692750985985,1.1139898300170898,1.026043262550796,1.1139898300170898,167421829,0.009488,0.0,4677.KL,YTL Corporation
2012-12-01 00:00:00+08:00,1.8386453317783136,1.937776066319508,1.8197628311332448,1.921254277229309,209461668,0.0,0.0,1295.KL,Public Bank
2012-12-01 00:00:00+08:00,4.069070252762328,4.136513233184815,4.037596490278757,4.136513233184815,117009300,0.0,0.0,1155.KL,Maybank
2012-12-01 00:00:00+08:00,14.46637370910139,16.919734954833984,14.46637370910139,16.919734954833984,14633700,0.0,0.0,2445.KL,Kuala Lumpur Kepong
2012-12-01 00:00:00+08:00,3.96784357987744,4.065460616953675,3.870226542801205,3.98507022857666,123391600,0.15,0.0,5347.KL,Tenaga Nasional
2012-12-01 00:00:00+08:00,1.154615107800388,1.170651490340589,1.1353715405127145,1.1674442291259766,117116600,0.0,0.0,5398.KL,Gamuda
2012-12-01 00:00:00+08:00,14.786048956538464,15.468481948218082,13.863501166306069,14.849237442016602,7287600,0.175,0.0,5681.KL,PETRONAS Dagangan
2012-12-01 00:00:00+08:00,0.5032482592957234,0.5299691557884216,0.5032482592957234,0.5299691557884216,29244200,0.0,0.0,5211.KL,Sunway
2012-12-01 00:00:00+08:00,9.56400207016676,9.747170262086724,9.315416528523082,9.66866970062256,29559279,0.0,0.0,5819.KL,Hong Leong Bank
2012-12-01 00:00:00+08:00,2.915331763657762,3.235233724487191,2.89722427384127,3.1929824352264404,133396500,0.0,0.0,6947.KL,Celcomdigi
2012-12-01 00:00:00+08:00,2.946297109080018,3.0616642684351194,2.866427683698587,2.990669012069702,71922500,0.0,0.0,5225.KL,IHH Healthcare
2012-12-01 00:00:00+08:00,0.1269030224563571,0.1361193472358549,0.1254848742237818,0.1354102790355682,22562400,0.0,0.0,8869.KL,Press Metal
2012-12-01 00:00:00+08:00,4.268712827265358,4.405860372883625,4.251569554367706,4.36014461517334,117095900,0.0,0.0,1023.KL,CIMB
2013-01-01 00:00:00+08:00,1.4680796902088662,1.509716626053618,1.4110222319666377,1.4341535568237305,462351412,0.0,0.0,4197.KL,Sime Darby
2013-01-01 00:00:00+08:00,7.422805039814181,8.472236263829517,7.422805039814181,7.973116874694824,15875640,0.0,0.0,4065.KL,PPB Group
2013-01-01 00:00:00+08:00,4.349385496230457,4.534184699467964,4.04578649048594,4.157986164093018,339026900,0.0,0.0,6888.KL,Axiata
2013-01-01 00:00:00+08:00,3.192982424231121,3.2171259357788777,2.9032599978446787,2.9696547985076904,204326800,0.0,0.0,6947.KL,Celcomdigi
2013-01-01 00:00:00+08:00,1.1198841621941038,1.1198841621941038,0.9725307822227478,0.9725307822227478,204123255,0.0,0.0,4677.KL,YTL Corporation
2013-01-01 00:00:00+08:00,3.5925717929990064,3.6630143113134137,3.3953327417186654,3.500996351242065,78354800,0.0,0.0,1961.KL,IOI Corporation
2013-01-01 00:00:00+08:00,0.7926257273148842,0.8535969636176716,0.7723016142845154,0.7723016142845154,73413344,0.0,0.0,6742.KL,YTL Power
2013-01-01 00:00:00+08:00,2.621362164708125,2.7981516749519395,2.450668694116323,2.7128047943115234,22797000,0.0,0.0,3816.KL,MISC
2013-01-01 00:00:00+08:00,11.54461121835929,11.769352123660262,10.219819933506232,10.976842880249023,21191300,0.0,0.0,6033.KL,PETRONAS Gas
2013-01-01 00:00:00+08:00,3.807525928072728,3.8304283175002736,3.5555993713517062,3.6472089290618896,195671300,0.0,0.0,6012.KL,Maxis
2013-01-01 00:00:00+08:00,45.00894625869999,45.46734374540179,41.61393543288487,41.82881164550781,351200,0.0,0.0,4707.KL,Nestlé Malaysia
2013-01-01 00:00:00+08:00,3.94497249294112,3.94497249294112,3.579213488923489,3.624933481216431,180795800,0.0,0.0,4863.KL,Telekom Malaysia
2013-01-01 00:00:00+08:00,9.66867148053844,9.825673277880131,9.079916515661951,9.315418243408203,22988671,0.0,0.0,5819.KL,Hong Leong Bank
2013-01-01 00:00:00+08:00,16.919735783880707,16.919735783880707,15.05856527794496,15.298261642456056,17710500,0.0,0.0,2445.KL,Kuala Lumpur Kepong
2013-01-01 00:00:00+08:00,1.9212537348097407,1.9212537348097407,1.8174022144395152,1.8315635919570925,437886106,0.0,0.0,1295.KL,Public Bank
2013-01-01 00:00:00+08:00,14.959701190987634,15.2779927056895,14.00482664688204,14.501361846923828,13018700,0.0,0.0,5681.KL,PETRONAS Dagangan
2013-01-01 00:00:00+08:00,0.5299691470196151,0.5455566247338434,0.5010212022679184,0.5344226360321045,32598411,0.0,0.0,5211.KL,Sunway
2013-01-01 00:00:00+08:00,0.1354102778571106,0.1446266143884017,0.1297385132162922,0.130447581410408,35131040,0.0,0.0,8869.KL,Press Metal
2013-01-01 00:00:00+08:00,1.1674443858202916,1.2508332650598015,1.1417862161924155,1.193102478981018,236737000,0.03,0.0,5398.KL,Gamuda
2013-01-01 00:00:00+08:00,4.073235157082016,4.219965528965953,3.991066227189484,4.108450412750244,197095300,0.0,0.0,5347.KL,Tenaga Nasional
2013-01-01 00:00:00+08:00,0.6522820628328655,0.6880525292063547,0.6459696832378694,0.6480734944343567,27993025,0.0,0.0,7084.KL,QL Resources
2013-01-01 00:00:00+08:00,2.990668719087591,3.088287107683593,2.8131811245165017,2.9196736812591557,101903900,0.0,0.0,5225.KL,IHH Healthcare
2013-01-01 00:00:00+08:00,4.1707909242504,4.1707909242504,3.844947888148777,3.8775320053100586,55380000,0.0,0.0,5183.KL,PETRONAS Chemicals
2013-01-01 00:00:00+08:00,4.136514352795362,4.136514352795362,3.911703785482656,3.992635726928711,199222400,0.0,0.0,1155.KL,Maybank
2013-01-01 00:00:00+08:00,4.141194924600433,4.141194924600433,3.6905353385593815,3.87323522567749,94314200,0.0,0.0,1015.KL,AMMB Holdings
2013-01-01 00:00:00+08:00,4.360143736233565,4.411573817046396,4.011560745230641,4.12013578414917,196870000,0.0,0.0,1023.KL,CIMB
2013-01-01 00:00:00+08:00,4.169401081968287,4.337478105201078,4.093495008443008,4.196510314941406,43810569,0.0,0.0,1066.KL,RHB Bank
2013-02-01 00:00:00+08:00,0.7723016142845154,0.7977067555724765,0.7621401091634906,0.7723016142845154,46394956,0.0,0.0,6742.KL,YTL Power
2013-02-01 00:00:00+08:00,3.877531098209893,4.144722536615841,3.857980694636324,4.138205528259277,41431700,0.0,0.0,5183.KL,PETRONAS Chemicals
2013-02-01 00:00:00+08:00,10.976842655627758,11.225241086958004,10.645645123205146,10.834900856018066,17894800,0.0,0.0,6033.KL,PETRONAS Gas
2013-02-01 00:00:00+08:00,3.5009969391198243,3.5573512991306417,3.346023372805394,3.4516873359680176,40136100,0.0,0.0,1961.KL,IOI Corporation
2013-02-01 00:00:00+08:00,3.647208929061889,3.710190636496649,3.578501760779252,3.6472089290618896,147572800,0.0,0.0,6012.KL,Maxis
2013-02-01 00:00:00+08:00,2.7128057618688364,3.2858479373034024,2.7128057618688364,3.212693691253662,56668300,0.0,0.0,3816.KL,MISC
2013-02-01 00:00:00+08:00,9.31541571426985,9.707919132792991,9.027579917053592,9.537834167480469,13564286,0.0,0.0,5819.KL,Hong Leong Bank
2013-02-01 00:00:00+08:00,0.5344225999750101,0.5722781285873505,0.5232892204141811,0.5544635653495789,70359074,0.0,0.0,5211.KL,Sunway
2013-02-01 00:00:00+08:00,0.1304475838735622,0.1304475838735622,0.1240675318302658,0.126193955540657,10091200,0.0,0.0,8869.KL,Press Metal
2013-02-01 00:00:00+08:00,2.9196741987918418,3.0439157485961914,2.8486791483790364,3.0439157485961914,88438300,0.0,0.0,5225.KL,IHH Healthcare
2013-02-01 00:00:00+08:00,14.501359948475251,15.188869481658394,14.106677987673072,14.972431182861328,13295900,0.0,0.0,5681.KL,PETRONAS Dagangan
2013-02-01 00:00:00+08:00,4.108451251474227,4.137797443788313,4.026282304807231,4.073235988616943,117316100,0.0,0.0,5347.KL,Tenaga Nasional
2013-02-01 00:00:00+08:00,4.120135972712312,4.182995266013,3.942987302944342,4.114421367645264,158296500,0.0,0.0,1023.KL,CIMB
2013-02-01 00:00:00+08:00,15.2982705110188,15.396968596683257,14.381783484632557,14.621479988098145,13605200,0.5,0.0,2445.KL,Kuala Lumpur Kepong
2013-02-01 00:00:00+08:00,1.212769112662956,1.2584109171104954,1.167127230487813,1.2518906593322754,192604200,0.0,0.0,5398.KL,Gamuda
2013-02-01 00:00:00+08:00,0.6480735178932705,0.6501782751714799,0.6312410831451416,0.6312410831451416,12975068,0.0,0.0,7084.KL,QL Resources
2013-02-01 00:00:00+08:00,3.624933414433088,3.6575902842332826,3.350614088613248,3.4747109413146973,202406700,0.0,0.0,4863.KL,Telekom Malaysia
2013-02-01 00:00:00+08:00,7.973116557939474,8.113893215083955,7.653167812410371,7.921924114227295,16328760,0.0,0.0,4065.KL,PPB Group
2013-02-01 00:00:00+08:00,3.873235470382502,3.9524051554349326,3.757525573283123,3.848875522613525,58401900,0.0,0.0,1015.KL,AMMB Holdings
2013-02-01 00:00:00+08:00,4.196510626732229,4.299525664383718,4.098917214877631,4.256150722503662,20882949,0.0,0.0,1066.KL,RHB Bank
2013-02-01 00:00:00+08:00,1.831563741327787,1.9118125670729225,1.819762465775584,1.9023720026016235,301257436,0.055536,0.0,1295.KL,Public Bank
2013-02-01 00:00:00+08:00,3.9926352757040178,4.12752168660598,3.961161937050656,4.114032745361328,212683000,0.0,0.0,1155.KL,Maybank
2013-02-01 00:00:00+08:00,41.82881758819688,42.97481146776463,41.7428659980306,42.88886260986328,1203500,0.0,0.0,4707.KL,Nestlé Malaysia
2013-02-01 00:00:00+08:00,1.434153789766388,1.4387800948536624,1.403311559029056,1.4202749729156494,284741163,0.0,0.0,4197.KL,Sime Darby
2013-02-01 00:00:00+08:00,2.9696548858688576,3.005870154255872,2.728219475475393,2.75839900970459,229617300,0.025,0.0,6947.KL,Celcomdigi
2013-02-01 00:00:00+08:00,0.9725307822227478,0.9843188393343388,0.907695653474521,0.9725307822227478,174831448,0.0,0.0,4677.KL,YTL Corporation
2013-02-01 00:00:00+08:00,4.157987837344219,4.329587166548078,3.979788376584415,4.223987579345703,277958100,0.0,0.0,6888.KL,Axiata
2013-03-01 00:00:00+08:00,0.9725307689718506,1.002001207580007,0.9371660056574912,0.960742712020874,220988408,0.014232,0.0,4677.KL,YTL Corporation
2013-03-01 00:00:00+08:00,2.77912289982959,2.906549957624623,2.657763934949842,2.809462785720825,247763000,0.0,0.0,6947.KL,Celcomdigi
2013-03-01 00:00:00+08:00,1.2518907139884896,1.3659953855442335,1.2486305849570458,1.3170933723449707,257127400,0.0,0.0,5398.KL,Gamuda
2013-03-01 00:00:00+08:00,4.272415808549125,4.717007308334711,4.234462774481821,4.581461429595947,66285045,0.0,0.0,1066.KL,RHB Bank
2013-03-01 00:00:00+08:00,3.0172920996439525,3.336769984607922,2.9906687486135426,3.319021224975586,132408400,0.0,0.0,5225.KL,IHH Healthcare
2013-03-01 00:00:00+08:00,4.100542618788069,4.266902302858253,4.04658816142411,4.20395565032959,318229200,0.0,0.0,1155.KL,Maybank
2013-03-01 00:00:00+08:00,4.108707675279359,4.423003645781278,4.017276159858788,4.36014461517334,246799600,0.0,0.0,1023.KL,CIMB
2013-03-01 00:00:00+08:00,0.1261939452601579,0.1290302178591171,0.1219403054417772,0.1247757971286773,14879200,0.000893,0.0,8869.KL,Press Metal
2013-03-01 00:00:00+08:00,15.059245247270992,15.1747522880766,14.351762901145966,15.10256004333496,23040600,0.0,0.0,2445.KL,Kuala Lumpur Kepong
2013-03-01 00:00:00+08:00,9.48550048597009,9.69483507880036,9.223831115288576,9.459333419799805,16517295,0.144971,0.0,5819.KL,Hong Leong Bank
2013-03-01 00:00:00+08:00,4.067366390288682,4.261050743997108,4.038020479629355,4.237573623657227,178998600,0.0,0.0,5347.KL,Tenaga Nasional
2013-03-01 00:00:00+08:00,14.95970059333404,15.11248036858495,14.450434675831,14.70506763458252,13268200,0.175,0.0,5681.KL,PETRONAS Dagangan
2013-03-01 00:00:00+08:00,7.934725514160232,8.497834547078247,7.729957860794862,8.088300704956055,31329720,0.0,0.0,4065.KL,PPB Group
2013-03-01 00:00:00+08:00,10.92953173016021,11.591928105345731,10.763933482403925,11.237072944641112,15151000,0.0,0.0,6033.KL,PETRONAS Gas
2013-03-01 00:00:00+08:00,4.197588150370781,4.382387448571016,4.124988268722018,4.355987548828125,322480600,0.0,0.0,6888.KL,Axiata
2013-03-01 00:00:00+08:00,3.4551165148851983,3.553087745598936,3.40286527488906,3.520430564880371,181987300,0.0,0.0,4863.KL,Telekom Malaysia
2013-03-01 00:00:00+08:00,0.7723015242912002,0.7977066626187987,0.7113308464872505,0.7418164610862732,126597244,0.0,0.0,6742.KL,YTL Power
2013-03-01 00:00:00+08:00,0.6291363150415644,0.6480734526042491,0.605991502801628,0.635448694229126,27845095,0.0,0.0,7084.KL,QL Resources
2013-03-01 00:00:00+08:00,3.8366945143619504,4.0193940733737445,3.800154312166186,3.9889442920684814,132431500,0.0,0.0,1015.KL,AMMB Holdings
2013-03-01 00:00:00+08:00,4.151239240102051,4.203374064036133,3.994834768299805,4.177306652069092,53093200,0.0,0.0,5183.KL,PETRONAS Chemicals
2013-03-01 00:00:00+08:00,3.212691673806248,3.28584587391795,3.0298058828380405,3.273653507232666,87924600,0.0,0.0,3816.KL,MISC
2013-03-01 00:00:00+08:00,1.4187325731127445,1.440321893905879,1.3878903488560472,1.4295272827148438,492708606,0.0,0.0,4197.KL,Sime Darby
2013-03-01 00:00:00+08:00,42.94615826223028,43.97755542185175,42.75993529300127,43.461856842041016,1211900,0.0,0.0,4707.KL,Nestlé Malaysia
2013-03-01 00:00:00+08:00,0.5611440888462628,0.6680288419701405,0.5611440888462628,0.6613483428955078,75463159,0.0,0.0,5211.KL,Sunway
2013-03-01 00:00:00+08:00,3.4587303349294167,3.5221287600980205,3.226269890506367,3.2967123985290527,127436700,0.07,0.0,1961.KL,IOI Corporation
2013-03-01 00:00:00+08:00,3.6529347841827446,3.7731724691775206,3.641483589088863,3.738818883895874,141989200,0.08,0.0,6012.KL,Maxis
2013-03-01 00:00:00+08:00,1.938955541914284,1.9606058728578104,1.9004647737396867,1.9557950496673584,205087224,0.0,0.0,1295.KL,Public Bank
2013-04-01 00:00:00+08:00,3.988944959476516,4.104654554347167,3.9158648332510335,4.080294609069824,135438000,0.0,0.0,1015.KL,AMMB Holdings
2013-04-01 00:00:00+08:00,4.203957575484465,4.42876813184637,4.158995292695241,4.325355052947998,369078900,0.37,0.0,1155.KL,Maybank
2013-04-01 00:00:00+08:00,1.317093433232091,1.3627352417822505,1.2877522705927027,1.3268738985061646,359556000,0.0,0.0,5398.KL,Gamuda
2013-04-01 00:00:00+08:00,14.635810258238708,15.302824117643144,13.699426828646,15.148898124694824,8662700,0.35,0.0,5681.KL,PETRONAS Dagangan
2013-04-01 00:00:00+08:00,2.809462259286092,2.8701417303558965,2.7002389220179026,2.8155300617218018,232753700,0.0,0.0,6947.KL,Celcomdigi
2013-04-01 00:00:00+08:00,0.7418164471180112,0.7824635648886002,0.7164113092687866,0.7672210335731506,122109557,0.0,0.0,6742.KL,YTL Power
2013-04-01 00:00:00+08:00,9.452585722806116,9.624451712346756,9.254280066158447,9.558349609375,13724970,0.0,0.0,5819.KL,Hong Leong Bank
2013-04-01 00:00:00+08:00,3.790914678495023,3.970606320738184,3.756135677712372,3.918437957763672,134538600,0.0,0.0,6012.KL,Maxis
2013-04-01 00:00:00+08:00,3.350667012798168,3.672159443133822,3.2720798455757127,3.5935726165771484,91383200,0.0,0.0,1961.KL,IOI Corporation
2013-04-01 00:00:00+08:00,1.963012095113103,1.975040316581726,1.9124932551188456,1.975040316581726,291968358,0.0,0.0,1295.KL,Public Bank
2013-04-01 00:00:00+08:00,11.237070724431732,11.76935279629417,10.645645949461644,11.662896156311035,22626900,0.0,0.0,6033.KL,PETRONAS Gas
2013-04-01 00:00:00+08:00,4.355986204992704,4.501185923495663,4.322986497850419,4.468185901641846,272599500,0.0,0.0,6888.KL,Axiata
2013-04-01 00:00:00+08:00,4.37157216817249,4.514434001952719,4.222995730247136,4.423002243041992,308155000,0.1838,0.0,1023.KL,CIMB
2013-04-01 00:00:00+08:00,1.4295270748938458,1.4665373056127482,1.414106161829478,1.455742597579956,369106936,0.07,0.0,4197.KL,Sime Darby
2013-04-01 00:00:00+08:00,0.637553528549771,0.637553528549771,0.6228240626653164,0.6291364431381226,36005696,0.0,0.0,7084.KL,QL Resources
2013-04-01 00:00:00+08:00,4.58688281910024,4.738694671074306,4.527242735057529,4.597726345062256,49803269,0.0,0.0,1066.KL,RHB Bank
2013-04-01 00:00:00+08:00,43.47617918144434,45.48166957696797,43.11805579894853,44.2640495300293,922000,0.0,0.0,4707.KL,Nestlé Malaysia
2013-04-01 00:00:00+08:00,14.972618275058691,15.853360040549354,14.654973139573164,15.564592361450195,12827800,0.0,0.0,2445.KL,Kuala Lumpur Kepong
2013-04-01 00:00:00+08:00,8.101097451645266,8.318662075598292,7.781148656786215,8.190682411193848,11224800,0.0,0.0,4065.KL,PPB Group
2013-04-01 00:00:00+08:00,3.507368049760944,3.637996472175743,3.4812424275663805,3.605339288711548,148342300,0.0,0.0,4863.KL,Telekom Malaysia
2013-04-01 00:00:00+08:00,3.2736548852998304,3.3894825629129453,2.5543043666747227,2.6579396724700928,131103000,0.0,0.0,3816.KL,MISC
2013-04-01 00:00:00+08:00,0.9693467051466952,1.0109746938154098,0.9336652304207934,0.975293219089508,224665286,0.0,0.0,4677.KL,YTL Corporation
2013-04-01 00:00:00+08:00,4.144721322392968,4.262024641713799,3.818878457976023,4.255507946014404,66425300,0.0,0.0,5183.KL,PETRONAS Chemicals
2013-04-01 00:00:00+08:00,4.225834634029696,4.712979428023383,4.196488727324448,4.607333660125732,299104000,0.0,0.0,5347.KL,Tenaga Nasional
2013-04-01 00:00:00+08:00,0.6613483875995846,0.7036567223074425,0.6368538944338371,0.6457608342170715,81710335,0.021681,0.0,5211.KL,Sunway
2013-04-01 00:00:00+08:00,3.2923983575479725,3.3633934019429943,3.194779959922895,3.3278958797454834,106679500,0.0,0.0,5225.KL,IHH Healthcare
2013-04-01 00:00:00+08:00,0.1254768793126245,0.1326066280715941,0.1254768793126245,0.1276160478591919,26461120,0.0,0.0,8869.KL,Press Metal
2013-05-01 00:00:00+08:00,3.5935723722579995,4.072238763829298,3.436398048499029,3.6435821056365967,163834700,0.0,0.0,1961.KL,IOI Corporation
2013-05-01 00:00:00+08:00,0.6587084864981463,0.9449064135551452,0.642809136056944,0.9449064135551452,148848138,0.0,0.0,5211.KL,Sunway
2013-05-01 00:00:00+08:00,4.496153928937013,4.860706829736182,4.4634377743993445,4.757884502410889,388137600,0.0,0.0,1155.KL,Maybank
2013-05-01 00:00:00+08:00,0.6291363228948944,0.7154058740927981,0.6249286481651193,0.6754277348518372,82327603,0.0,0.0,7084.KL,QL Resources
2013-05-01 00:00:00+08:00,3.918437957763672,4.115518962198694,3.872065680321208,3.918437957763672,142852600,0.16,0.0,6012.KL,Maxis
2013-05-01 00:00:00+08:00,1.9750404911303223,2.0399930477142334,1.946172757054377,2.0399930477142334,335102372,0.0,0.0,1295.KL,Public Bank
2013-05-01 00:00:00+08:00,11.662899611564344,14.78562375464456,11.40267344568117,12.56186580657959,16918800,0.35,0.0,6033.KL,PETRONAS Gas
2013-05-01 00:00:00+08:00,3.605338510670751,3.886189044375071,3.540024469279271,3.5857441425323486,131883700,0.122,0.0,4863.KL,Telekom Malaysia
2013-05-01 00:00:00+08:00,0.7672211374210829,0.8129492889510934,0.7265734627545049,0.7723016142845154,163706411,0.0,0.0,6742.KL,YTL Power
2013-05-01 00:00:00+08:00,44.26404818569316,47.20066147233015,44.26404818569316,46.914161682128906,909400,1.55,0.0,4707.KL,Nestlé Malaysia
2013-05-01 00:00:00+08:00,4.255509613759445,4.483599646090776,4.157756653975135,4.301127433776856,115050400,0.0,0.0,5183.KL,PETRONAS Chemicals
2013-05-01 00:00:00+08:00,4.468185563391267,4.883984296657218,4.322986170591725,4.454985618591309,281229400,0.27,0.0,6888.KL,Axiata
2013-05-01 00:00:00+08:00,2.657939761884696,2.987134102727171,2.5969779007451783,2.974941730499268,86890200,0.0,0.0,3816.KL,MISC
2013-05-01 00:00:00+08:00,4.080293992841497,4.506593551599812,4.007214168046383,4.463963508605957,142722000,0.0,0.0,1015.KL,AMMB Holdings
2013-05-01 00:00:00+08:00,15.56459018109247,15.882235272080848,14.770478142097884,15.290261268615724,14864400,0.0,0.0,2445.KL,Kuala Lumpur Kepong
2013-05-01 00:00:00+08:00,1.3268736795037912,1.646366597532594,1.2975324439796043,1.574643611907959,613143600,0.0,0.0,5398.KL,Gamuda
2013-05-01 00:00:00+08:00,1.4851898757381572,1.5654279369108757,1.4442843982967286,1.4820433855056765,427927858,0.0,0.0,4197.KL,Sime Darby
2013-05-01 00:00:00+08:00,4.530447920204852,5.092363980260654,4.425088763609407,4.8465256690979,472378800,0.0,0.0,1023.KL,CIMB
2013-05-01 00:00:00+08:00,4.597727291736518,5.920658745544026,4.489290350785245,4.749538898468018,70242068,0.0,0.0,1066.KL,RHB Bank
2013-05-01 00:00:00+08:00,0.9752931693571256,1.0704439630299971,0.957452432903914,1.0050281286239624,184322396,0.0,0.0,4677.KL,YTL Corporation
2013-05-01 00:00:00+08:00,4.607334387315157,5.035787155656358,4.554511634962146,4.9007954597473145,255712900,0.1,0.0,5347.KL,Tenaga Nasional
2013-05-01 00:00:00+08:00,15.376169670165254,17.901975059509276,14.881424028613838,16.27452278137207,8319000,0.0,0.0,5681.KL,PETRONAS Dagangan
2013-05-01 00:00:00+08:00,2.815531093493208,2.9429581741076287,2.7730555928501657,2.882278680801392,189532800,0.038,0.0,6947.KL,Celcomdigi
2013-05-01 00:00:00+08:00,0.1276160639300766,0.1682537986583404,0.1247646400066757,0.1589856892824173,102646880,0.0,0.0,8869.KL,Press Metal
2013-05-01 00:00:00+08:00,9.558350786165896,9.954962148290637,9.122077635561002,9.373265266418455,25170631,0.0,0.0,5819.KL,Hong Leong Bank
2013-05-01 00:00:00+08:00,8.190684340574588,8.90737004421719,7.9347256837767235,8.70260238647461,17106960,0.108333,0.0,4065.KL,PPB Group
2013-05-01 00:00:00+08:00,3.3278955921424167,4.2597065272078165,3.301272452795106,3.540880918502808,112497400,0.0,0.0,5225.KL,IHH Healthcare
2013-06-01 00:00:00+08:00,1.4930561824552089,1.5339620568496533,1.4631636752327624,1.5072157382965088,355819256,0.0,0.0,4197.KL,Sime Darby
2013-06-01 00:00:00+08:00,2.0327761989101405,2.068860865258955,1.991880088801788,2.0375876426696777,272326046,0.0,0.0,1295.KL,Public Bank
2013-06-01 00:00:00+08:00,1.0050281218928057,1.0407095945602534,0.9515059128916344,0.987187385559082,159902384,0.0,0.0,4677.KL,YTL Corporation
2013-06-01 00:00:00+08:00,4.669117122060936,4.669117122060936,4.428794662059423,4.552389144897461,272040200,0.0,0.0,6888.KL,Axiata
2013-06-01 00:00:00+08:00,4.744117975576979,4.776648841482032,4.554353577294767,4.679055690765381,50803891,0.0,0.0,1066.KL,RHB Bank
2013-06-01 00:00:00+08:00,4.301126642129092,4.385845879065625,4.144722183859833,4.314160346984863,97777100,0.14,0.0,5183.KL,PETRONAS Chemicals
2013-06-01 00:00:00+08:00,8.7987676797716,9.289740645990465,8.630802563017278,9.14761734008789,16213080,0.0,0.0,4065.KL,PPB Group
2013-06-01 00:00:00+08:00,1.5811638842049718,1.6105051200076743,1.4246775523492203,1.545302391052246,334252200,0.0,0.0,5398.KL,Gamuda
2013-06-01 00:00:00+08:00,4.840672801280449,4.899205386948981,4.665073648741277,4.8465256690979,293407500,0.0,0.0,1023.KL,CIMB
2013-06-01 00:00:00+08:00,4.995194683831982,5.024892744650168,4.78136966553916,4.923919677734375,252137000,0.0,0.0,5347.KL,Tenaga Nasional
2013-06-01 00:00:00+08:00,3.576378743223705,3.673996711814609,3.3900163397299705,3.5053834915161133,150613900,0.0,0.0,5225.KL,IHH Healthcare
2013-06-01 00:00:00+08:00,16.274520550588996,17.237971869188492,16.014128470109046,16.46981430053711,7506800,0.175,0.0,5681.KL,PETRONAS Dagangan
2013-06-01 00:00:00+08:00,0.1554204172351026,0.188216147490351,0.1554204172351026,0.1661146432161331,257825120,0.0,0.0,8869.KL,Press Metal
2013-06-01 00:00:00+08:00,48.93887563522144,49.158992767333984,47.69156014741357,49.158992767333984,389700,0.0,0.0,4707.KL,Nestlé Malaysia
2013-06-01 00:00:00+08:00,9.280721442495055,9.426146466734869,8.804787193519513,9.18817901611328,15698232,0.0,0.0,5819.KL,Hong Leong Bank
2013-06-01 00:00:00+08:00,0.9085634360394086,0.9108351758683348,0.7586506382031274,0.804078996181488,95141218,0.0,0.0,5211.KL,Sunway
2013-06-01 00:00:00+08:00,3.672159446611496,3.9650751281123098,3.6507267995905712,3.8864879608154297,150376000,0.0,0.0,1961.KL,IOI Corporation
2013-06-01 00:00:00+08:00,4.039761520403808,4.081286337184331,3.9626441247534094,4.075354099273682,133630000,0.0,0.0,6012.KL,Maxis
2013-06-01 00:00:00+08:00,3.6721336634577,3.6788104229339313,3.5586312992850866,3.605367660522461,98621100,0.0,0.0,4863.KL,Telekom Malaysia
2013-06-01 00:00:00+08:00,12.618319773666158,13.123052656298652,12.01744740349158,12.558232307434082,15944400,0.0,0.0,6033.KL,PETRONAS Gas
2013-06-01 00:00:00+08:00,0.772301681227072,0.823111416812986,0.7621401752252552,0.8129493594169617,138587351,0.0,0.0,6742.KL,YTL Power
2013-06-01 00:00:00+08:00,2.926171417690451,3.1639227545374875,2.9017866801004475,3.1090569496154785,53417600,0.0,0.0,3816.KL,MISC
2013-06-01 00:00:00+08:00,4.767232696345359,4.944835539879945,4.6597364847378335,4.860707759857178,345818500,0.0,0.0,1155.KL,Maybank
2013-06-01 00:00:00+08:00,15.29026160348272,15.853358166938952,15.059247487505525,15.680097579956056,15606500,0.0,0.0,2445.KL,Kuala Lumpur Kepong
2013-06-01 00:00:00+08:00,2.9241756068207194,2.930292977054993,2.8079426553077567,2.911940574645996,217830700,0.0,0.0,6947.KL,Celcomdigi
2013-06-01 00:00:00+08:00,4.421333789227701,4.5553134690254735,4.250813906364395,4.470053672790527,121462200,0.0,0.0,1015.KL,AMMB Holdings
2013-06-01 00:00:00+08:00,0.677531635214104,0.6943649641442705,0.6312411106072908,0.656490683555603,26101427,0.0,0.0,7084.KL,QL Resources
2013-07-01 00:00:00+08:00,2.037587931674525,2.0905121164927145,2.032776487232548,2.076077938079834,236949674,0.0,0.0,1295.KL,Public Bank
2013-07-01 00:00:00+08:00,3.638749431443777,3.638749431443777,3.485187510723535,3.5185706615448,89144500,0.0,0.0,4863.KL,Telekom Malaysia
2013-07-01 00:00:00+08:00,0.9812403953240494,1.0109747602951566,0.963399656787926,0.9931340217590332,140783989,0.0,0.0,4677.KL,YTL Corporation
2013-07-01 00:00:00+08:00,0.166827645368072,0.1753826999418925,0.1547081037066244,0.1639762222766876,69690880,0.0,0.0,8869.KL,Press Metal
2013-07-01 00:00:00+08:00,1.5485625752070336,1.6137651477705148,1.5420423179506857,1.5518227815628052,247971600,0.03,0.0,5398.KL,Gamuda
2013-07-01 00:00:00+08:00,9.0571749742107,9.896998365606024,9.0571749742107,9.625670433044434,7927080,0.0,0.0,4065.KL,PPB Group
2013-07-01 00:00:00+08:00,4.559254295120918,4.724046792609256,4.538655437567962,4.662249565124512,273650300,0.0,0.0,6888.KL,Axiata
2013-07-01 00:00:00+08:00,0.79499372963665,0.9072927992474102,0.7881792064351881,0.8628430962562561,48861269,0.0,0.0,5211.KL,Sunway
2013-07-01 00:00:00+08:00,4.463964462967216,4.920713901176305,4.445694648059196,4.768464088439941,96898800,0.0,0.0,1015.KL,AMMB Holdings
2013-07-01 00:00:00+08:00,0.8078681533480753,0.9094871197390972,0.7977066495772597,0.8231112360954285,120539547,0.0,0.0,6742.KL,YTL Power
2013-07-01 00:00:00+08:00,2.899704413734825,2.899704413734825,2.8018241845911964,2.84464693069458,179874900,0.0,0.0,6947.KL,Celcomdigi
2013-07-01 00:00:00+08:00,4.087217005302916,4.223655322776592,4.016031869976977,4.217723369598389,130494100,0.0,0.0,6012.KL,Maxis
2013-07-01 00:00:00+08:00,16.502347387569177,17.931065493407438,16.502347387569177,17.564054489135742,10121100,0.0,0.0,5681.KL,PETRONAS Dagangan
2013-07-01 00:00:00+08:00,4.917980042946162,5.58915373745945,4.894221707142303,5.280295372009277,387497100,0.0,0.0,5347.KL,Tenaga Nasional
2013-07-01 00:00:00+08:00,4.842011073562256,5.04765658793321,4.767231048599767,4.795273780822754,249236100,0.0,0.0,1155.KL,Maybank
2013-07-01 00:00:00+08:00,12.738495952089362,13.074984191398752,12.426042013979751,12.522181510925291,14643200,0.0,0.0,6033.KL,PETRONAS Gas
2013-07-01 00:00:00+08:00,3.0785771158777755,3.5662723077379272,3.0785771158777755,3.316328525543213,39513800,0.0,0.0,3816.KL,MISC
2013-07-01 00:00:00+08:00,1.507215824983034,1.5087891202116357,1.4757501212144757,1.4914829730987549,295761720,0.0,0.0,4197.KL,Sime Darby
2013-07-01 00:00:00+08:00,15.708970673846771,15.853353767791278,15.059243308715589,15.304696083068848,9872800,0.15,0.0,2445.KL,Kuala Lumpur Kepong
2013-07-01 00:00:00+08:00,4.846526061322408,5.010418654170193,4.606541156768799,4.606541156768799,277094500,0.0,0.0,1023.KL,CIMB
2013-07-01 00:00:00+08:00,9.14851604836418,9.584789076788311,9.069193145886386,9.122075080871582,11450407,0.0,0.0,5819.KL,Hong Leong Bank
2013-07-01 00:00:00+08:00,4.379190592324687,4.439088438235101,4.312637606507377,4.405811786651611,67710200,0.0,0.0,5183.KL,PETRONAS Chemicals
2013-07-01 00:00:00+08:00,3.886488079341266,3.936498158358212,3.843622443326367,3.900776624679565,40883700,0.0,0.0,1961.KL,IOI Corporation
2013-07-01 00:00:00+08:00,49.30572370798757,50.77315602784208,49.30572370798757,49.64323806762695,364800,0.0,0.0,4707.KL,Nestlé Malaysia
2013-07-01 00:00:00+08:00,3.50538390636153,3.727243433010301,3.4698863820977266,3.549755811691284,132008900,0.0,0.0,5225.KL,IHH Healthcare
2013-07-01 00:00:00+08:00,4.646524266438955,4.71158654343134,4.473025321960449,4.473025321960449,41131376,0.150445,0.0,1066.KL,RHB Bank
2013-07-01 00:00:00+08:00,0.6564907002698257,0.7659059220932003,0.6522821314287316,0.72592693567276,78943766,0.0,0.0,7084.KL,QL Resources
2013-08-01 00:00:00+08:00,15.4424241002429,15.645997047424316,14.977116091516518,15.645997047424316,9611900,0.0,0.0,2445.KL,Kuala Lumpur Kepong
2013-08-01 00:00:00+08:00,4.78064392110759,4.945073702406538,4.403064466331257,4.524864196777344,138103200,0.15,0.0,1015.KL,AMMB Holdings
2013-08-01 00:00:00+08:00,1.584182338922413,1.5907830921106578,1.3597564157733557,1.4752696752548218,352614400,0.0,0.0,5398.KL,Gamuda
2013-08-01 00:00:00+08:00,0.7259268894393736,0.757488788723356,0.6733239341895302,0.7154059410095215,62207286,0.010739,0.0,7084.KL,QL Resources
2013-08-01 00:00:00+08:00,3.2919437929670465,3.3772904009955997,2.7189017005400085,2.8774025440216064,42727500,0.0,0.0,3816.KL,MISC
2013-08-01 00:00:00+08:00,0.9931339380223508,0.999081049622056,0.8979838137514413,0.9217709898948668,184795011,0.0,0.0,4677.KL,YTL Corporation
2013-08-01 00:00:00+08:00,2.0760777100320467,2.1001347746863206,1.99669159643802,2.0520212650299072,301299570,0.040727,0.0,1295.KL,Public Bank
2013-08-01 00:00:00+08:00,9.122077396043927,9.571570696161473,8.910550906952967,9.320383071899414,9251276,0.0,0.0,5819.KL,Hong Leong Bank
2013-08-01 00:00:00+08:00,4.6828483356437225,4.7721105894947735,4.373862552979147,4.627917289733887,202179200,0.0,0.0,6888.KL,Axiata
2013-08-01 00:00:00+08:00,9.625671336417936,9.741954324538034,8.449918330257718,8.61788272857666,9442320,0.0,0.0,4065.KL,PPB Group
2013-08-01 00:00:00+08:00,12.666390523103845,12.906739261041896,10.971930488049088,12.101570129394531,17272000,0.0,0.0,6033.KL,PETRONAS Gas
2013-08-01 00:00:00+08:00,3.54975563583437,3.7272432483605495,3.363393431099958,3.5586302280426025,113578700,0.0,0.0,5225.KL,IHH Healthcare
2013-08-01 00:00:00+08:00,17.6558090747699,19.18938721545309,16.71206839203508,18.219430923461918,13438700,0.0,0.0,5681.KL,PETRONAS Dagangan
2013-08-01 00:00:00+08:00,2.8446469396130225,2.911939743213288,2.8018241933753822,2.875234365463257,211272300,0.048,0.0,6947.KL,Celcomdigi
2013-08-01 00:00:00+08:00,0.823111416812986,0.8688395723066804,0.7824637386230964,0.8129493594169617,65094568,0.0,0.0,6742.KL,YTL Power
2013-08-01 00:00:00+08:00,3.90792060833817,3.922209153242549,3.643582357274281,3.857910871505737,96913900,0.0,0.0,1961.KL,IOI Corporation
2013-08-01 00:00:00+08:00,4.546458614215609,4.645895279969005,3.9443154404248495,4.132140159606934,67841802,0.0,0.0,1066.KL,RHB Bank
2013-08-01 00:00:00+08:00,0.8602284544659214,0.8706870708956147,0.671971807261143,0.7399532794952393,53935180,0.0,0.0,5211.KL,Sunway
2013-08-01 00:00:00+08:00,4.785925185994984,4.944832933053931,4.486805140447814,4.673755168914795,298829300,0.0,0.0,1155.KL,Maybank
2013-08-01 00:00:00+08:00,4.405811786651611,4.419122383815073,4.073046540215393,4.405811786651611,60606800,0.0,0.0,5183.KL,PETRONAS Chemicals
2013-08-01 00:00:00+08:00,4.21179059239966,4.342296939926899,3.956710415490304,4.05755615234375,126829600,0.0,0.0,6012.KL,Maxis
2013-08-01 00:00:00+08:00,0.1632632090682109,0.16825378964164,0.140448642008599,0.1504298150539398,35068320,0.0,0.0,8869.KL,Press Metal
2013-08-01 00:00:00+08:00,4.606539613626528,4.811405006951773,4.132423110741203,4.261195659637451,405726600,0.0,0.0,1023.KL,CIMB
2013-08-01 00:00:00+08:00,3.538601885632564,3.618721094318136,3.465159118488072,3.612044334411621,96642300,0.0,0.0,4863.KL,Telekom Malaysia
2013-08-01 00:00:00+08:00,5.333750002848467,5.511937764513778,5.018951982653825,5.18526029586792,237985700,0.0,0.0,5347.KL,Tenaga Nasional
2013-08-01 00:00:00+08:00,1.4883360187733603,1.508788751343163,1.415964455951073,1.477323055267334,412727182,0.0,0.0,4197.KL,Sime Darby
2013-08-01 00:00:00+08:00,49.643242817563774,50.62641987898927,49.15898741872871,49.55519485473633,371500,0.0,0.0,4707.KL,Nestlé Malaysia
2013-09-01 00:00:00+08:00,5.185262222481978,5.434725068214116,5.108048044632807,5.363450050354004,206167000,0.0,0.0,5347.KL,Tenaga Nasional
2013-09-01 00:00:00+08:00,4.137663378430631,4.424924425712517,3.9774602212523607,4.176332950592041,33158185,0.0,0.0,1066.KL,RHB Bank
2013-09-01 00:00:00+08:00,4.392500589657768,4.638746762229805,4.2793603705436905,4.558883190155029,116117100,0.08,0.0,5183.KL,PETRONAS Chemicals
2013-09-01 00:00:00+08:00,0.7209115434832799,0.7870300606951518,0.7123795015272685,0.7699677348136902,38128610,0.0,0.0,7084.KL,QL Resources
2013-09-01 00:00:00+08:00,4.261196823017723,4.764580027840855,4.144130812141308,4.401675701141357,262269900,0.1282,0.0,1023.KL,CIMB
2013-09-01 00:00:00+08:00,0.921771031493406,0.9396117693304104,0.8979838542764906,0.9158245921134948,160227755,0.0,0.0,4677.KL,YTL Corporation
2013-09-01 00:00:00+08:00,12.065520088129231,13.73594609695283,11.93332854705659,13.219195365905762,15259500,0.15,0.0,6033.KL,PETRONAS Gas
2013-09-01 00:00:00+08:00,4.600451790057856,4.799575802237462,4.538654897341601,4.724046230316162,165668900,0.08,0.0,6888.KL,Axiata
2013-09-01 00:00:00+08:00,17.839310286810235,19.582608003117365,17.11839865602865,19.005878448486328,7744300,0.175,0.0,5681.KL,PETRONAS Dagangan
2013-09-01 00:00:00+08:00,3.829334020614625,3.8936323063630978,3.7578912916353184,3.829334020614624,101283500,0.085,0.0,1961.KL,IOI Corporation
2013-09-01 00:00:00+08:00,4.057557997621188,4.193996359613266,4.027897373458472,4.152471542358398,143295200,0.08,0.0,6012.KL,Maxis
2013-09-01 00:00:00+08:00,4.593107430042401,4.804427762286149,4.562031102362742,4.611753463745117,111606500,0.0,0.0,1015.KL,AMMB Holdings
2013-09-01 00:00:00+08:00,3.5497556583047047,3.9047313087679454,3.514258135574765,3.682871580123901,89552300,0.0,0.0,5225.KL,IHH Healthcare
2013-09-01 00:00:00+08:00,1.4686690360529424,1.5412774841332912,1.4686690360529424,1.5181747674942017,265136400,0.0,0.0,5398.KL,Gamuda
2013-09-01 00:00:00+08:00,49.52583453234504,50.24487874118409,49.0856060116194,49.89269256591797,203700,0.6,0.0,4707.KL,Nestlé Malaysia
2013-09-01 00:00:00+08:00,0.8129491700291321,0.9196491625717916,0.7977066388802632,0.9044060111045836,197970047,0.0,0.0,6742.KL,YTL Power
2013-09-01 00:00:00+08:00,4.659734535716962,4.85135844719698,4.566259511302816,4.598975658416748,205023700,0.065,0.0,1155.KL,Maybank
2013-09-01 00:00:00+08:00,0.1497175830018876,0.1604110127604858,0.1454392568399939,0.1575595885515213,20647200,0.0,0.0,8869.KL,Press Metal
2013-09-01 00:00:00+08:00,1.4631635827161955,1.5245217880177608,1.4505773228088457,1.4946293830871582,393970310,0.0,0.0,4197.KL,Sime Darby
2013-09-01 00:00:00+08:00,2.8927967546953486,3.1215010040192017,2.8618909821730614,3.004058361053467,196249600,0.0,0.0,6947.KL,Celcomdigi
2013-09-01 00:00:00+08:00,0.7399534552117157,0.8445407303741599,0.7347242233286002,0.839311420917511,53794066,0.020798,0.0,5211.KL,Sunway
2013-09-01 00:00:00+08:00,3.612044445362516,3.6454276091896505,3.465159224927105,3.498542070388794,104897400,0.098,0.0,4863.KL,Telekom Malaysia
2013-09-01 00:00:00+08:00,2.0611532368174843,2.226825709390337,2.0611532368174843,2.161043643951416,218826368,0.0,0.0,1295.KL,Public Bank
2013-09-01 00:00:00+08:00,9.307163322932858,9.518689821387484,9.003093736803946,9.241061210632324,16435140,0.0,0.0,5819.KL,Hong Leong Bank
2013-09-01 00:00:00+08:00,8.579122108980874,9.496468870059344,8.424077867127473,9.18638038635254,10241400,0.066667,0.0,4065.KL,PPB Group
2013-09-01 00:00:00+08:00,2.8774022010366025,3.2675586583245595,2.804247974303508,3.1212499141693115,29531700,0.0,0.0,3816.KL,MISC
2013-09-01 00:00:00+08:00,15.355182019689016,16.70748398493989,15.326099571087235,16.43120765686035,15897900,0.0,0.0,2445.KL,Kuala Lumpur Kepong
2013-10-01 00:00:00+08:00,13.038002418260664,14.95072683335402,13.038002418260664,14.841773986816406,10295200,0.0,0.0,6033.KL,PETRONAS Gas
2013-10-01 00:00:00+08:00,49.819584126764845,50.70789536307839,49.819584126764845,50.33776473999024,100700,0.0,0.0,4707.KL,Nestlé Malaysia
2013-10-01 00:00:00+08:00,0.9098773273085412,0.987187383878832,0.8860894796483241,0.9812402725219728,179788723,0.0,0.0,4677.KL,YTL Corporation
2013-10-01 00:00:00+08:00,0.8535634667210362,0.8535634667210362,0.7418822050094604,0.7418822050094604,72614414,0.0,0.0,5211.KL,Sunway
2013-10-01 00:00:00+08:00,0.7657017702210056,0.8574155644856563,0.7657017702210056,0.8446183800697327,71172045,0.0,0.0,7084.KL,QL Resources
2013-10-01 00:00:00+08:00,2.9978773290520624,3.133863684903554,2.985514959860302,3.090595245361328,190487200,0.0,0.0,6947.KL,Celcomdigi
2013-10-01 00:00:00+08:00,4.605537335169737,4.711197485571347,4.562030423617503,4.593106746673584,84777300,0.0,0.0,1015.KL,AMMB Holdings
2013-10-01 00:00:00+08:00,1.5214749988534113,1.6270870425009256,1.5181745438022471,1.6072847843170166,192335600,0.0,0.0,5398.KL,Gamuda
2013-10-01 00:00:00+08:00,0.8993251164118227,0.9704584782540532,0.8993251164118227,0.9653774499893188,378333823,0.0,0.0,6742.KL,YTL Power
2013-10-01 00:00:00+08:00,19.195195902275174,20.751918817718952,18.69387792674517,20.18463897705078,9105300,0.0,0.0,5681.KL,PETRONAS Dagangan
2013-10-01 00:00:00+08:00,3.691745197067772,3.815986931204166,3.576378477032244,3.6651222705841056,89172300,0.0,0.0,5225.KL,IHH Healthcare
2013-10-01 00:00:00+08:00,0.1568465178992573,0.1789480216154426,0.1525689894342208,0.1753827482461929,50785280,0.0,0.0,8869.KL,Press Metal
2013-10-01 00:00:00+08:00,4.200546499149818,4.332563548935993,4.188544949169256,4.314561367034912,100509000,0.0,0.0,6012.KL,Maxis
2013-10-01 00:00:00+08:00,16.43120882708929,16.998302747937633,16.21309460722429,16.79473114013672,12521500,0.0,0.0,2445.KL,Kuala Lumpur Kepong
2013-10-01 00:00:00+08:00,1.4946294703062997,1.5103623212090092,1.4788966194035902,1.4993493556976318,216379331,0.0,0.0,4197.KL,Sime Darby
2013-10-01 00:00:00+08:00,2.158607283764308,2.273115422042828,2.141552723301004,2.2292613983154297,204320696,0.0,0.0,1295.KL,Public Bank
2013-10-01 00:00:00+08:00,4.187382025121023,4.413876008050068,4.17080882741498,4.358633518218994,16801221,0.056101,0.0,1066.KL,RHB Bank
2013-10-01 00:00:00+08:00,9.254281763406237,9.650894453976065,9.135298347595915,9.439367294311523,15518299,0.289941,0.0,5819.KL,Hong Leong Bank
2013-10-01 00:00:00+08:00,5.363449285331933,5.660428767277454,5.309992887950794,5.6010332107543945,176565100,0.0,0.0,5347.KL,Tenaga Nasional
2013-10-01 00:00:00+08:00,4.475518275864639,4.576693601699971,4.404100498965234,4.445760726928711,213774400,0.0,0.0,1023.KL,CIMB
2013-10-01 00:00:00+08:00,4.554273834982191,4.857442812451617,4.540799344095107,4.790071964263916,118450700,0.0,0.0,5183.KL,PETRONAS Chemicals
2013-10-01 00:00:00+08:00,3.163923756989468,3.200500874963502,3.084673189367846,3.115154266357422,17093500,0.0,0.0,3816.KL,MISC
2013-10-01 00:00:00+08:00,4.772433280944824,4.828007415548576,4.758539747293886,4.772433280944824,170209700,0.0,0.0,6888.KL,Axiata
2013-10-01 00:00:00+08:00,4.623652003150042,4.722427903920727,4.571912416487887,4.590726852416992,151491400,0.0,0.0,1155.KL,Maybank
2013-10-01 00:00:00+08:00,9.163812033984126,9.631751669397518,9.163812033984126,9.55376148223877,6936960,0.0,0.0,4065.KL,PPB Group
2013-10-01 00:00:00+08:00,3.563206672668457,3.624406893708528,3.488406762786025,3.563206672668457,132415100,0.0,0.0,4863.KL,Telekom Malaysia
2013-10-01 00:00:00+08:00,3.891155919506837,3.985530704356691,3.8766366952095046,3.949232816696167,79090400,0.0,0.0,1961.KL,IOI Corporation
2013-11-01 00:00:00+08:00,0.7525183223243502,0.7604955213157545,0.6993367853395756,0.7046548128128052,27236621,0.0,0.0,5211.KL,Sunway
2013-11-01 00:00:00+08:00,4.392773382314575,4.415043400577487,4.158937196800398,4.23688268661499,16164337,0.0,0.0,1066.KL,RHB Bank
2013-11-01 00:00:00+08:00,50.55985860149784,51.448170070230525,50.48582793931463,50.70790863037109,99700,0.0,0.0,4707.KL,Nestlé Malaysia
2013-11-01 00:00:00+08:00,4.445761633824013,4.558839945542869,4.332683605894233,4.511228084564209,157599300,0.0,0.0,1023.KL,CIMB
2013-11-01 00:00:00+08:00,0.9602962600655532,0.9958629005371432,0.945053729231482,0.9857008457183838,288740708,0.0,0.0,6742.KL,YTL Power
2013-11-01 00:00:00+08:00,0.1768088787189174,0.1810864075223149,0.1639762804102407,0.1682538092136383,44354240,0.0,0.0,8869.KL,Press Metal
2013-11-01 00:00:00+08:00,4.571911518137143,4.684798111530295,4.477839356976182,4.600132942199707,152097500,0.0,0.0,1155.KL,Maybank
2013-11-01 00:00:00+08:00,20.356130550046892,20.58040428161621,19.181991676427597,20.58040428161621,9201500,0.175,0.0,5681.KL,PETRONAS Dagangan
2013-11-01 00:00:00+08:00,1.4962026207978634,1.5685741898020846,1.4804697714160586,1.5182286500930786,407894761,0.0,0.0,4197.KL,Sime Darby
2013-11-01 00:00:00+08:00,4.803545401637368,4.837230659971384,4.41953114363322,4.5475358963012695,119299500,0.0,0.0,5183.KL,PETRONAS Chemicals
2013-11-01 00:00:00+08:00,4.574460192816834,4.649043710435668,4.49366123387882,4.599321365356445,91843900,0.072,0.0,1015.KL,AMMB Holdings
2013-11-01 00:00:00+08:00,3.5428077689036117,3.563207631908828,3.434007634875853,3.4952075481414795,116075400,0.0,0.0,4863.KL,Telekom Malaysia
2013-11-01 00:00:00+08:00,3.6651229412810618,3.7006204651976544,3.5763791314895794,3.594127893447876,76871300,0.0,0.0,5225.KL,IHH Healthcare
2013-11-01 00:00:00+08:00,5.577274988063761,5.921771148797658,5.517878863891673,5.856435298919678,173392400,0.0,0.0,5347.KL,Tenaga Nasional
2013-11-01 00:00:00+08:00,9.592755946156814,9.657747268676758,8.799858241319917,9.657747268676758,6031560,0.0,0.0,4065.KL,PPB Group
2013-11-01 00:00:00+08:00,0.8446184489228657,0.9128704776206048,0.8339538080649507,0.8872760534286499,37310624,0.0,0.0,7084.KL,QL Resources
2013-11-01 00:00:00+08:00,4.284557153530934,4.320561801829908,4.200546307499997,4.218548774719238,139121700,0.08,0.0,6012.KL,Maxis
2013-11-01 00:00:00+08:00,16.998300646247685,18.24881813602103,16.56207503390828,17.885295867919922,12922800,0.0,0.0,2445.KL,Kuala Lumpur Kepong
2013-11-01 00:00:00+08:00,4.737698517040862,4.807166169233975,4.626549942283986,4.6682305335998535,193863700,0.0,0.0,6888.KL,Axiata
2013-11-01 00:00:00+08:00,9.693356766416546,9.760859353836793,9.382845663587789,9.53135108947754,9876955,0.0,0.0,5819.KL,Hong Leong Bank
2013-11-01 00:00:00+08:00,1.587482952469582,1.620486724972966,1.551178724028659,1.5709811449050903,135028000,0.0,0.0,5398.KL,Gamuda
2013-11-01 00:00:00+08:00,14.696507571136465,14.829671553134926,13.752250102224416,14.44228458404541,10688900,0.0,0.0,6033.KL,PETRONAS Gas
2013-11-01 00:00:00+08:00,3.065870165249943,3.109138599969385,2.942246487111678,3.010239362716675,149207000,0.057,0.0,6947.KL,Celcomdigi
2013-11-01 00:00:00+08:00,2.234133676924813,2.253624262046732,2.197588535652713,2.239006519317627,244606300,0.0,0.0,1295.KL,Public Bank
2013-11-01 00:00:00+08:00,3.934713728616244,4.225098570781453,3.9056752790162856,4.094425201416016,126594800,0.0,0.0,1961.KL,IOI Corporation
2013-11-01 00:00:00+08:00,3.1212503449700493,3.3833867963111177,3.023711362530078,3.3468093872070312,29648400,0.0,0.0,3816.KL,MISC
2013-11-01 00:00:00+08:00,0.9812405084689756,0.9871876212558652,0.9396119144954777,0.9633997678756714,112640511,0.0,0.0,4677.KL,YTL Corporation
2013-12-01 00:00:00+08:00,9.618752142319142,10.528634373103069,9.60575328284731,10.489639282226562,7904520,0.0,0.0,4065.KL,PPB Group
2013-12-01 00:00:00+08:00,3.5020074010108955,3.876007989934422,3.4952072311259483,3.77400803565979,138570600,0.0,0.0,4863.KL,Telekom Malaysia
2013-12-01 00:00:00+08:00,4.260419370313525,4.430350755042945,4.236143499550924,4.412143707275391,72057100,0.0,0.0,6012.KL,Maxis
2013-12-01 00:00:00+08:00,9.517847514775289,9.855360357636457,9.46384519348278,9.760856628417969,8177176,0.0,0.0,5819.KL,Hong Leong Bank
2013-12-01 00:00:00+08:00,4.210578720778783,4.384809392508103,3.237789765126692,3.426539659500122,163154424,0.0,0.0,1961.KL,IOI Corporation
2013-12-01 00:00:00+08:00,1.515082418364769,1.5213755997661491,1.4631638726068754,1.4977762699127195,355589590,0.27,0.0,4197.KL,Sime Darby
2013-12-01 00:00:00+08:00,17.957998845124344,18.3796845794711,17.30365771706277,18.10340690612793,9317600,0.0,0.0,2445.KL,Kuala Lumpur Kepong
2013-12-01 00:00:00+08:00,4.707089758670336,4.7384704767689545,4.525082311943246,4.543910503387451,79033766,0.0,0.0,1015.KL,AMMB Holdings
2013-12-01 00:00:00+08:00,4.689071787418534,4.86274111287848,4.619604123484146,4.793273448944092,122534100,0.0,0.0,6888.KL,Axiata
2013-12-01 00:00:00+08:00,14.62387161391366,14.999153597801548,13.558556317962465,14.635977745056152,9186506,0.0,0.0,6033.KL,PETRONAS Gas
2013-12-01 00:00:00+08:00,2.2438786921292024,2.42416883681122,2.19271580908614,2.363260269165039,212624669,0.0,0.0,1295.KL,Public Bank
2013-12-01 00:00:00+08:00,3.5941278824427982,3.6207508137167927,3.3101472688157285,3.4255142211914062,84403900,0.0,0.0,5225.KL,IHH Healthcare
2013-12-01 00:00:00+08:00,0.889408584816506,0.889408584816506,0.8275551534721451,0.8680793046951294,29215391,0.0,0.0,7084.KL,QL Resources
2013-12-01 00:00:00+08:00,4.513850879849571,4.722700985323536,4.439743109519619,4.682278156280518,82286800,0.0,0.0,5183.KL,PETRONAS Chemicals
2013-12-01 00:00:00+08:00,50.33776473999024,50.91516760836855,49.36062012094728,50.33776473999024,295100,0.0,0.0,4707.KL,Nestlé Malaysia
2013-12-01 00:00:00+08:00,4.481470033626071,4.606451005055353,4.475518410144709,4.535033226013184,132753668,0.0,0.0,1023.KL,CIMB
2013-12-01 00:00:00+08:00,0.9633995311685168,1.005028114913877,0.9396116836329944,0.9693466424942015,104174156,0.014232,0.0,4677.KL,YTL Corporation
2013-12-01 00:00:00+08:00,0.7046548234133176,0.7977228300998664,0.6541322994051194,0.7232688665390015,32012433,0.0,0.0,5211.KL,Sunway
2013-12-01 00:00:00+08:00,3.0326584017179896,3.1139462258490744,2.9451178285869672,3.1014404296875,155670300,0.0,0.0,6947.KL,Celcomdigi
2013-12-01 00:00:00+08:00,5.886134857216537,7.044355041435659,5.862376514797196,6.7592549324035645,192481836,0.15,0.0,5347.KL,Tenaga Nasional
2013-12-01 00:00:00+08:00,1.561079901102716,1.5907833744081252,1.475269937053489,1.584182620048523,128676600,0.0,0.0,5398.KL,Gamuda
2013-12-01 00:00:00+08:00,0.9857007980511592,0.9958628523784944,0.8993249215266761,0.9602962136268616,137132333,0.0,0.0,6742.KL,YTL Power
2013-12-01 00:00:00+08:00,3.352906627919603,3.5418886029741885,3.1578283194652683,3.474830389022827,19673837,0.0,0.0,3816.KL,MISC
2013-12-01 00:00:00+08:00,0.1668276944632164,0.1711052230089457,0.159698741986967,0.1654015779495239,27587840,0.000893,0.0,8869.KL,Press Metal
2013-12-01 00:00:00+08:00,20.302433278156585,21.89478071329972,19.79818969168915,20.806676864624023,6791100,0.0,0.0,5681.KL,PETRONAS Dagangan
2013-12-01 00:00:00+08:00,4.264720920634198,4.509691726159772,4.225748453806063,4.426178932189941,18863695,0.0,0.0,1066.KL,RHB Bank
2013-12-01 00:00:00+08:00,4.60954009186244,4.750648548989423,4.553096798725931,4.694204807281494,108064923,0.0,0.0,1155.KL,Maybank
2014-01-01 00:00:00+08:00,0.8680793156786674,0.878743955874292,0.8318212118063568,0.8531495332717896,21996820,0.0,0.0,7084.KL,QL Resources
2014-01-01 00:00:00+08:00,9.760858119265102,9.814859782718877,9.450346389623466,9.51784896850586,8308051,0.0,0.0,5819.KL,Hong Leong Bank
2014-01-01 00:00:00+08:00,3.474828758789234,3.669906975721631,3.291943202936087,3.657714605331421,46830800,0.0,0.0,3816.KL,MISC
2014-01-01 00:00:00+08:00,50.33776740147962,50.55984804617256,49.44945611819873,50.01205062866211,789900,0.0,0.0,4707.KL,Nestlé Malaysia
2014-01-01 00:00:00+08:00,20.806676659576876,21.08533755289207,19.77164976127229,20.262624740600582,8295100,0.0,0.0,5681.KL,PETRONAS Dagangan
2014-01-01 00:00:00+08:00,3.426540014748173,3.448319024055073,2.976443719951257,3.049039840698242,150282900,0.0,0.0,1961.KL,IOI Corporation
2014-01-01 00:00:00+08:00,10.489640031156137,10.567630218477412,9.748736226682198,10.008702278137209,8353920,0.0,0.0,4065.KL,PPB Group
2014-01-01 00:00:00+08:00,3.774008083447297,3.801208114831606,3.5904077094782365,3.746808052062988,133366500,0.0,0.0,4863.KL,Telekom Malaysia
2014-01-01 00:00:00+08:00,4.543909093617171,4.631774957325001,4.506252423143222,4.600394248962402,57506200,0.0,0.0,1015.KL,AMMB Holdings
2014-01-01 00:00:00+08:00,4.412140742411338,4.424278669636212,4.1815198357477215,4.230071544647217,79184200,0.0,0.0,6012.KL,Maxis
2014-01-01 00:00:00+08:00,4.6822780144109375,4.6822780144109375,4.419531561089554,4.480165481567383,47620900,0.0,0.0,5183.KL,PETRONAS Chemicals
2014-01-01 00:00:00+08:00,4.793273020561824,4.821060083652206,4.50150852686489,4.557082653045654,167309200,0.0,0.0,6888.KL,Axiata
2014-01-01 00:00:00+08:00,14.635981737118197,14.696511254836294,13.57066615059504,14.15174674987793,10160500,0.0,0.0,6033.KL,PETRONAS Gas
2014-01-01 00:00:00+08:00,18.103409430016573,18.103409430016573,16.809270989044055,17.02738380432129,15111400,0.0,0.0,2445.KL,Kuala Lumpur Kepong
2014-01-01 00:00:00+08:00,1.584182338922413,1.584182338922413,1.3531556625851109,1.4752696752548218,337100800,0.03,0.0,5398.KL,Gamuda
2014-01-01 00:00:00+08:00,0.9602962821107668,0.9806198408207792,0.9348916958747312,0.9501341581344604,80642777,0.0,0.0,6742.KL,YTL Power
2014-01-01 00:00:00+08:00,3.4255138410805333,3.4787603324658387,3.212528510285035,3.274649381637573,76797800,0.0,0.0,5225.KL,IHH Healthcare
2014-01-01 00:00:00+08:00,2.363260634582756,2.3656966638855432,2.277987999133416,2.3242788314819336,324227309,0.0,0.0,1295.KL,Public Bank
2014-01-01 00:00:00+08:00,3.1014398300760733,3.1014398300760733,2.882588290478946,2.9326114654541016,146828300,0.0,0.0,6947.KL,Celcomdigi
2014-01-01 00:00:00+08:00,4.694204846646323,4.703612286533673,4.444913521060037,4.529578685760498,140484700,0.0,0.0,1155.KL,Maybank
2014-01-01 00:00:00+08:00,4.426179101447835,4.470719430292761,4.231315908066627,4.270288944244385,18238516,0.0,0.0,1066.KL,RHB Bank
2014-01-01 00:00:00+08:00,6.852526563122605,7.165646983047833,6.57553513528953,6.804354190826416,180141700,0.0,0.0,5347.KL,Tenaga Nasional
2014-01-01 00:00:00+08:00,0.7232687476789668,0.7578363155481371,0.6860413775624744,0.7179506421089172,32436164,0.0,0.0,5211.KL,Sunway
2014-01-01 00:00:00+08:00,0.9783501297884162,0.9783501297884162,0.9063244269265271,0.9123260974884032,101762393,0.0,0.0,4677.KL,YTL Corporation
2014-01-01 00:00:00+08:00,4.535033699127394,4.588597180891507,4.035108909888876,4.118429660797119,261414800,0.0,0.0,1023.KL,CIMB
2014-01-01 00:00:00+08:00,1.619571714753034,1.6229741783913711,1.4783696908943702,1.5294064283370972,303971265,0.0,0.0,4197.KL,Sime Darby
2014-01-01 00:00:00+08:00,0.1661146039960845,0.1747073534809206,0.1625347617352674,0.1675468683242797,20344800,0.0,0.0,8869.KL,Press Metal
2014-02-01 00:00:00+08:00,2.9326111251782105,3.257762022950549,2.8513233261947244,3.220244646072388,292943700,0.07,0.0,6947.KL,Celcomdigi
2014-02-01 00:00:00+08:00,4.5570817343989285,4.577922193139518,4.5015076194211625,4.550135135650635,227083700,0.0,0.0,6888.KL,Axiata
2014-02-01 00:00:00+08:00,0.9243309284376978,0.9843519364046852,0.9063244827592352,0.94833904504776,99764010,0.0,0.0,4677.KL,YTL Corporation
2014-02-01 00:00:00+08:00,20.262624612777483,20.56782397399138,19.77164963654641,20.342241287231445,9193500,0.175,0.0,5681.KL,PETRONAS Dagangan
2014-02-01 00:00:00+08:00,4.529578999737105,4.633058602813736,4.454321269707358,4.576614856719971,119611700,0.0,0.0,1155.KL,Maybank
2014-02-01 00:00:00+08:00,14.151748827294822,14.345443543327209,13.667514923475592,14.284914016723633,10908700,0.0,0.0,6033.KL,PETRONAS Gas
2014-02-01 00:00:00+08:00,17.02738005675126,17.81258796035069,16.59115313547887,17.434524536132812,14331300,0.35,0.0,2445.KL,Kuala Lumpur Kepong
2014-02-01 00:00:00+08:00,4.270288976131004,4.565367698669434,4.203478340399907,4.565367698669434,14543948,0.0,0.0,1066.KL,RHB Bank
2014-02-01 00:00:00+08:00,3.746808329688408,3.903208359611905,3.6652079052392232,3.8556084632873535,166345900,0.0,0.0,4863.KL,Telekom Malaysia
2014-02-01 00:00:00+08:00,10.008703384214982,10.671617818396925,9.774733540164318,10.346659660339355,10250760,0.0,0.0,4065.KL,PPB Group
2014-02-01 00:00:00+08:00,2.3242788314819336,2.34620607611491,2.3096609298764306,2.3242788314819336,266709712,0.055536,0.0,1295.KL,Public Bank
2014-02-01 00:00:00+08:00,0.167546879427429,0.1689791319007619,0.1611025200329371,0.1646831631660461,30915360,0.0,0.0,8869.KL,Press Metal
2014-02-01 00:00:00+08:00,0.7179505549412672,0.7924044972269856,0.6940184911009173,0.7737905383110046,24641580,0.0,0.0,5211.KL,Sunway
2014-02-01 00:00:00+08:00,3.657714493184044,3.9747164042991,3.5967526431021164,3.871081113815308,63064600,0.0,0.0,3816.KL,MISC
2014-02-01 00:00:00+08:00,1.529406460769258,1.568535010572217,1.4936807003752923,1.5481199026107788,279283480,0.0,0.0,4197.KL,Sime Darby
2014-02-01 00:00:00+08:00,9.517847501779276,9.69335404661008,9.247837893945825,9.571849822998049,11944266,0.0,0.0,5819.KL,Hong Leong Bank
2014-02-01 00:00:00+08:00,0.8531496246466851,0.9625362753868104,0.8531496246466851,0.9625362753868104,48981458,0.0,1.3,7084.KL,QL Resources
2014-02-01 00:00:00+08:00,1.4947666006000209,1.554958649124263,1.421198736181085,1.5114866495132446,200697600,0.0,0.0,5398.KL,Gamuda
2014-02-01 00:00:00+08:00,3.0490394070552256,3.4483185336254487,2.9691838586736288,3.346683979034424,179621000,0.0,0.0,1961.KL,IOI Corporation
2014-02-01 00:00:00+08:00,0.9501343341525064,0.9602964600114072,0.8485159703829572,0.8637585043907166,109588150,0.0,0.0,6742.KL,YTL Power
2014-02-01 00:00:00+08:00,4.600395676257482,4.688261267957423,4.399560038086187,4.543910503387451,56645900,0.0,0.0,1015.KL,AMMB Holdings
2014-02-01 00:00:00+08:00,4.118429703399452,4.31482876018074,3.9696425047725303,4.261265277862549,155318600,0.0,0.0,1023.KL,CIMB
2014-02-01 00:00:00+08:00,4.480165058383743,4.635118146218803,4.412794220466215,4.5475358963012695,59634700,0.12,0.0,5183.KL,PETRONAS Chemicals
2014-02-01 00:00:00+08:00,3.2746492187639884,3.4255136707032947,3.061663898561894,3.4077649116516118,88096400,0.0,0.0,5225.KL,IHH Healthcare
2014-02-01 00:00:00+08:00,4.230071544647217,4.2725544346297815,4.157243981297974,4.230071544647217,95062600,0.0,0.0,6012.KL,Maxis
2014-02-01 00:00:00+08:00,50.01206905243247,50.30817480518925,48.42790977009325,49.4494743347168,2421000,0.0,0.0,4707.KL,Nestlé Malaysia
2014-02-01 00:00:00+08:00,7.105432982855859,7.37038107441208,6.563492843282575,7.225863933563232,177323800,0.0,0.0,5347.KL,Tenaga Nasional
2014-03-01 00:00:00+08:00,0.9655910692722722,1.0144819006349464,0.953368601163051,0.990036964416504,29869510,0.0,0.0,7084.KL,QL Resources
2014-03-01 00:00:00+08:00,4.525081730787447,4.562738408108322,4.343074307435553,4.506253242492676,67424800,0.0,0.0,1015.KL,AMMB Holdings
2014-03-01 00:00:00+08:00,2.361211247285603,2.388437184045001,2.3290356763122437,2.3711116313934326,291063547,0.0,0.0,1295.KL,Public Bank
2014-03-01 00:00:00+08:00,3.346684889695943,3.513656162184001,3.310386651525022,3.4846177101135254,164268400,0.08,0.0,1961.KL,IOI Corporation
2014-03-01 00:00:00+08:00,3.398890733718872,3.461011605666138,3.2214031326749963,3.398890733718872,102250600,0.0,0.0,5225.KL,IHH Healthcare
2014-03-01 00:00:00+08:00,0.164683200696685,0.1661146528611804,0.1589549662334179,0.1618186831474304,29188320,0.000893,0.0,8869.KL,Press Metal
2014-03-01 00:00:00+08:00,4.604837790927412,4.6095415122810826,4.440211132121404,4.553098201751709,143761900,0.0,0.0,1155.KL,Maybank
2014-03-01 00:00:00+08:00,3.869208196852635,4.216008759446658,3.828408149738629,4.025608539581299,255680500,0.0,0.0,4863.KL,Telekom Malaysia
2014-03-01 00:00:00+08:00,10.33366353875271,10.918587890002865,9.89172074517058,10.801603317260742,12351120,0.0,0.0,4065.KL,PPB Group
2014-03-01 00:00:00+08:00,4.536242984255581,4.640444315853843,4.432041321409363,4.633497714996338,208994800,0.0,0.0,6888.KL,Axiata
2014-03-01 00:00:00+08:00,3.8710817904463592,4.328296182011419,3.779638853995531,4.224660873413086,134435500,0.0,0.0,3816.KL,MISC
2014-03-01 00:00:00+08:00,4.481854503546297,4.704555873977423,4.3259643392475775,4.68785285949707,23613046,0.0,0.0,1066.KL,RHB Bank
2014-03-01 00:00:00+08:00,0.8586780271456109,0.869601559444061,0.8162518977984506,0.8375918865203857,64256546,0.0,1.05,6742.KL,YTL Power
2014-03-01 00:00:00+08:00,4.575341806570792,4.73997163772583,4.493026890993274,4.73997163772583,70374900,0.0,0.0,5183.KL,PETRONAS Chemicals
2014-03-01 00:00:00+08:00,3.214516476517075,3.4427659417533434,3.170134484890675,3.417404890060425,241482800,0.0,0.0,6947.KL,Celcomdigi
2014-03-01 00:00:00+08:00,1.5549246975972932,1.5940532440676354,1.5311075622185677,1.583845853805542,347430109,0.0,0.0,4197.KL,Sime Darby
2014-03-01 00:00:00+08:00,7.225862690514584,7.298121248508534,6.985000830534753,7.201776504516602,197107200,0.0,0.0,5347.KL,Tenaga Nasional
2014-03-01 00:00:00+08:00,4.255313873291016,4.279119802009056,4.154138534344817,4.255313873291016,209884500,0.1033,0.0,1023.KL,CIMB
2014-03-01 00:00:00+08:00,0.9423373806734192,0.9423373806734192,0.9003221359956989,0.918328583240509,120364220,0.0,0.0,4677.KL,YTL Corporation
2014-03-01 00:00:00+08:00,17.648930722595143,18.386762272189756,17.117692513515742,17.85552406311035,17341800,0.0,0.0,2445.KL,Kuala Lumpur Kepong
2014-03-01 00:00:00+08:00,20.153674640311824,20.527384797604302,19.90008465036839,20.48734474182129,8344000,0.0,0.0,5681.KL,PETRONAS Dagangan
2014-03-01 00:00:00+08:00,4.224002838134766,4.266485729247838,4.157244091925944,4.224002838134766,131103600,0.08,0.0,6012.KL,Maxis
2014-03-01 00:00:00+08:00,14.284908903358918,14.587555273538111,13.74014566793722,14.405966758728027,15439600,0.0,0.0,6033.KL,PETRONAS Gas
2014-03-01 00:00:00+08:00,9.463845907700025,9.652852714314156,9.423344496717483,9.544849395751951,10013115,0.144971,0.0,5819.KL,Hong Leong Bank
2014-03-01 00:00:00+08:00,1.5148307774827707,1.575022668714603,1.4312308488225656,1.544926643371582,252241000,0.0,0.0,5398.KL,Gamuda
2014-03-01 00:00:00+08:00,0.7764504776016984,0.8110180509017234,0.7339049952309056,0.8056999444961548,51569353,0.020798,0.0,5211.KL,Sunway
2014-03-01 00:00:00+08:00,49.44945961441014,50.33777096049706,49.21257621227057,49.360626220703125,1879900,0.0,0.0,4707.KL,Nestlé Malaysia
2014-04-01 00:00:00+08:00,4.236852436304657,4.242948766558527,3.804022871706803,3.9686203002929688,44317200,0.0,0.0,3816.KL,MISC
2014-04-01 00:00:00+08:00,3.416639714857812,3.5852531583396057,3.327895908594721,3.5586302280426025,109785000,0.0,0.0,5225.KL,IHH Healthcare
2014-04-01 00:00:00+08:00,2.381011286579616,2.6334682655402024,2.368636006976774,2.492389440536499,888696760,0.0,0.0,1295.KL,Public Bank
2014-04-01 00:00:00+08:00,9.647334429259914,9.742852198647764,9.49723382706416,9.5518159866333,9352260,0.0,0.0,5819.KL,Hong Leong Bank
2014-04-01 00:00:00+08:00,4.31227991203791,4.565943487097366,4.3062404539603225,4.535745620727539,222810500,0.0,0.0,1023.KL,CIMB
2014-04-01 00:00:00+08:00,1.573638847028895,1.6297791775798105,1.5566266355194818,1.6059620380401611,398204228,0.06,0.0,4197.KL,Sime Darby
2014-04-01 00:00:00+08:00,0.9900370159275416,1.0053153682272664,0.9564245343208312,0.9564245343208312,34830018,0.0,0.0,7084.KL,QL Resources
2014-04-01 00:00:00+08:00,14.405965935747558,15.07178814300572,14.103319582857868,14.22437858581543,11168100,0.0,0.0,6033.KL,PETRONAS Gas
2014-04-01 00:00:00+08:00,0.162528450500568,0.2718405902710771,0.162528450500568,0.2517042458057403,784778400,0.0,0.0,8869.KL,Press Metal
2014-04-01 00:00:00+08:00,10.645619882035708,10.77560253856471,10.359656847640595,10.63262176513672,11142840,0.0,0.0,4065.KL,PPB Group
2014-04-01 00:00:00+08:00,1.5616470292842437,1.5649909442347851,1.4880789869213993,1.5415830612182615,263539400,0.0,0.0,5398.KL,Gamuda
2014-04-01 00:00:00+08:00,4.633496509277695,4.682123696370433,4.5154013441989855,4.675177097320557,179233900,0.0,0.0,6888.KL,Axiata
2014-04-01 00:00:00+08:00,3.4047240207665106,3.5125086307525635,3.284258886213131,3.5125086307525635,150351700,0.0,0.0,6947.KL,Celcomdigi
2014-04-01 00:00:00+08:00,4.297534868460865,4.297534868460865,4.21158425306062,4.266838073730469,74479000,0.0,0.0,6012.KL,Maxis
2014-04-01 00:00:00+08:00,4.524876060019712,4.703613423958728,4.510765345347864,4.656577110290527,171249000,0.35,0.0,1155.KL,Maybank
2014-04-01 00:00:00+08:00,20.487342650857254,20.540729810735996,20.046898263645108,20.22040557861328,7321500,0.0,0.0,5681.KL,PETRONAS Dagangan
2014-04-01 00:00:00+08:00,4.512529505013823,4.600395085429196,4.430939887850927,4.506253242492676,64787000,0.0,0.0,1015.KL,AMMB Holdings
2014-04-01 00:00:00+08:00,3.5070139646530154,3.691593647003174,3.4774812436416145,3.691593647003174,115623300,0.0,0.0,1961.KL,IOI Corporation
2014-04-01 00:00:00+08:00,49.24218849444093,51.07803935030081,49.18297187153957,50.70790863037109,480400,0.0,0.0,4707.KL,Nestlé Malaysia
2014-04-01 00:00:00+08:00,0.8170446545760919,0.8738590541202736,0.7845789394086722,0.8386879563331604,61289002,0.0,0.0,5211.KL,Sunway
2014-04-01 00:00:00+08:00,0.9183284450972872,1.002358318492709,0.8943196512759957,0.9663454294204712,185455867,0.0,0.0,4677.KL,YTL Corporation
2014-04-01 00:00:00+08:00,4.682286787128098,4.760232315490351,4.582071229489377,4.615476131439209,16619193,0.0,0.0,1066.KL,RHB Bank
2014-04-01 00:00:00+08:00,4.691953960152392,4.808566900707928,4.602779320069883,4.6164984703063965,79112900,0.0,0.0,5183.KL,PETRONAS Chemicals
2014-04-01 00:00:00+08:00,7.165646076202393,7.225861821082037,6.756180963504478,7.165646076202393,305783000,0.0,0.0,5347.KL,Tenaga Nasional
2014-04-01 00:00:00+08:00,17.693200221526258,18.003089528648076,17.353798384217697,17.85552406311035,12487600,0.0,0.0,2445.KL,Kuala Lumpur Kepong
2014-04-01 00:00:00+08:00,4.01200797850123,4.216008186340332,3.930407895365589,4.216008186340332,158925800,0.0,0.0,4863.KL,Telekom Malaysia
2014-04-01 00:00:00+08:00,0.8429267630833922,0.9069467292491978,0.8109170212354442,0.8375918865203857,53940396,0.0,0.0,6742.KL,YTL Power
2014-05-01 00:00:00+08:00,20.22040475861833,20.407260447041523,15.428903853472418,16.843664169311523,30365700,0.12,0.0,5681.KL,PETRONAS Dagangan
2014-05-01 00:00:00+08:00,17.85552678262528,18.549087531620668,17.575149962986963,17.64893341064453,14166700,0.0,0.0,2445.KL,Kuala Lumpur Kepong
2014-05-01 00:00:00+08:00,4.535745953762312,4.547825158795341,4.396834951886997,4.433072566986084,120841800,0.0,0.0,1023.KL,CIMB
2014-05-01 00:00:00+08:00,7.165647133651522,7.430595761109084,7.105431954145703,7.261992454528809,161986200,0.1,0.0,5347.KL,Tenaga Nasional
2014-05-01 00:00:00+08:00,4.616499313675262,4.698814230132109,4.595920421015849,4.623358726501465,61910800,0.0,0.0,5183.KL,PETRONAS Chemicals
2014-05-01 00:00:00+08:00,4.506253228174392,4.612947296545525,4.43721613627315,4.606671333312988,81790900,0.0,0.0,1015.KL,AMMB Holdings
2014-05-01 00:00:00+08:00,4.216009284824973,4.481210110488957,4.114009316454201,4.202409267425537,159727200,0.163,0.0,4863.KL,Telekom Malaysia
2014-05-01 00:00:00+08:00,1.541582978710687,1.544926893482258,1.4713590145111084,1.4713590145111084,125128000,0.0,0.0,5398.KL,Gamuda
2014-05-01 00:00:00+08:00,0.251704319956463,0.2610532154753537,0.2243760849279868,0.2552998661994934,330920800,0.0,0.0,8869.KL,Press Metal
2014-05-01 00:00:00+08:00,3.9686200917405294,4.011293238519023,3.724772417491526,3.76744556427002,50295300,0.05,0.0,3816.KL,MISC
2014-05-01 00:00:00+08:00,9.551817816150374,9.674627362084008,9.34713636165914,9.469945907592772,13348966,0.0,0.0,5819.KL,Hong Leong Bank
2014-05-01 00:00:00+08:00,3.4700978545359864,3.9573884507304,3.4700978545359864,3.63991117477417,143807000,0.0,0.0,1961.KL,IOI Corporation
2014-05-01 00:00:00+08:00,0.9663454635122436,1.0623800388660214,0.960343717334734,0.9783501625061036,338609607,0.0,0.0,4677.KL,YTL Corporation
2014-05-01 00:00:00+08:00,50.70790048393227,51.43335906345502,49.5975085025323,49.78997802734375,118300,1.75,0.0,4707.KL,Nestlé Malaysia
2014-05-01 00:00:00+08:00,4.266838621006017,4.297535419673662,3.9905686039826858,4.033544063568115,148734900,0.08,0.0,6012.KL,Maxis
2014-05-01 00:00:00+08:00,14.224374557028012,15.108101103004907,13.909622162089438,14.829667091369627,20610200,0.4,0.0,6033.KL,PETRONAS Gas
2014-05-01 00:00:00+08:00,3.55862987874755,3.7804895842107,3.487634629123648,3.647373676300049,86177100,0.0,0.0,5225.KL,IHH Healthcare
2014-05-01 00:00:00+08:00,0.8386878294732535,0.8765643844173601,0.8062228416150506,0.8413932919502258,60224060,0.0,0.0,5211.KL,Sunway
2014-05-01 00:00:00+08:00,2.4923898108506024,2.67306923866272,2.440413150647602,2.67306923866272,1312878847,0.0,0.0,1295.KL,Public Bank
2014-05-01 00:00:00+08:00,0.956424452649568,1.0022593990874766,0.9228118673657976,0.999203622341156,63425402,0.0,0.0,7084.KL,QL Resources
2014-05-01 00:00:00+08:00,0.8375919084022735,0.8856067636635269,0.7949119298433989,0.8055821657180786,113502756,0.0,0.0,6742.KL,YTL Power
2014-05-01 00:00:00+08:00,4.442881543750694,4.788067863261706,4.442881543750694,4.676717758178711,23746416,0.0,0.0,1066.KL,RHB Bank
2014-05-01 00:00:00+08:00,4.826348372721848,4.875099554234483,4.753222065378621,4.816598415374756,168064500,0.0,0.0,1155.KL,Maybank
2014-05-01 00:00:00+08:00,4.675177825004924,4.869687597394632,4.63349723047454,4.814113140106201,192485400,0.0,0.0,6888.KL,Axiata
2014-05-01 00:00:00+08:00,10.632623014355724,10.73660944930404,10.138687076466391,10.190679550170898,10536120,0.141667,0.0,4065.KL,PPB Group
2014-05-01 00:00:00+08:00,1.6341823077427104,1.6965030783434054,1.6203334071826676,1.6532245874404907,551525515,0.0,0.0,4197.KL,Sime Darby
2014-05-01 00:00:00+08:00,3.5125098125595278,3.594933401142884,3.3793641086410755,3.4364266395568848,239956700,0.062,0.0,6947.KL,Celcomdigi
2014-06-01 00:00:00+08:00,0.8215865776360197,0.8429266319626947,0.7789072271495526,0.7842420339584351,152761164,0.0,0.0,6742.KL,YTL Power
2014-06-01 00:00:00+08:00,3.48144912413286,3.712263523604933,3.4750377743910423,3.6737945079803462,147724500,0.0,0.0,6947.KL,Celcomdigi
2014-06-01 00:00:00+08:00,4.138891252422817,4.225895187796763,4.064316704673359,4.194822311401367,94556000,0.0,0.0,6012.KL,Maxis
2014-06-01 00:00:00+08:00,0.990354240818992,1.026367130530402,0.9243308862028036,0.9723477959632874,376423532,0.009488,0.0,4677.KL,YTL Corporation
2014-06-01 00:00:00+08:00,4.650798282691252,4.678236593625911,4.582202178264137,4.6439385414123535,49436000,0.0,0.0,5183.KL,PETRONAS Chemicals
2014-06-01 00:00:00+08:00,7.359244454479419,7.51711617565343,7.067789503760794,7.395676612854004,149493800,0.0,0.0,5347.KL,Tenaga Nasional
2014-06-01 00:00:00+08:00,17.914550530785842,18.416274802376496,17.57514728617528,17.85552406311035,15443200,0.0,0.0,2445.KL,Kuala Lumpur Kepong
2014-06-01 00:00:00+08:00,14.939781280090124,15.346222058004503,14.39785945981596,15.08757781982422,11089600,0.0,0.0,6033.KL,PETRONAS Gas
2014-06-01 00:00:00+08:00,4.698987202739147,4.788067854501842,4.5709346531103865,4.760230541229248,18152848,0.096307,0.0,1066.KL,RHB Bank
2014-06-01 00:00:00+08:00,1.4780469030594774,1.5817108052008777,1.4780469030594774,1.57502281665802,130396800,0.0,0.0,5398.KL,Gamuda
2014-06-01 00:00:00+08:00,4.840973678056158,4.865348802234839,4.74834653244468,4.792222499847412,128429500,0.0,0.0,1155.KL,Maybank
2014-06-01 00:00:00+08:00,51.07950391250996,51.77818141143366,48.22403204618995,50.88204956054688,223200,0.0,0.0,4707.KL,Nestlé Malaysia
2014-06-01 00:00:00+08:00,0.9992036427357168,1.0022594195444083,0.9625361323356628,0.9930928349494934,35523536,0.0,0.0,7084.KL,QL Resources
2014-06-01 00:00:00+08:00,4.772433159020531,4.862741291068456,4.6612848926526,4.841900825500488,195547900,0.14,0.0,6888.KL,Axiata
2014-06-01 00:00:00+08:00,9.53817314502192,9.55181835167339,9.34713688570668,9.415364265441896,11500384,0.0,0.0,5819.KL,Hong Leong Bank
2014-06-01 00:00:00+08:00,3.647373062615556,3.9313531670028112,3.647373062615556,3.88698148727417,87729700,0.02,0.0,5225.KL,IHH Healthcare
2014-06-01 00:00:00+08:00,16.57653211951205,16.898407510591003,15.905960413203106,16.12054443359375,11701400,0.0,0.0,5681.KL,PETRONAS Dagangan
2014-06-01 00:00:00+08:00,4.581566298075894,4.581566298075894,4.443491533329153,4.4685959815979,62363800,0.0,0.0,1015.KL,AMMB Holdings
2014-06-01 00:00:00+08:00,3.797018086528344,4.0120598042705335,3.6925696121319422,3.993627548217773,47742000,0.0,0.0,3816.KL,MISC
2014-06-01 00:00:00+08:00,0.2545806032474707,0.2869429204749145,0.2481079621694591,0.2826273143291473,152593280,0.004464,0.0,8869.KL,Press Metal
2014-06-01 00:00:00+08:00,10.257497175603795,10.388835420682325,9.692744149657974,9.942285537719728,11308920,0.0,0.0,4065.KL,PPB Group
2014-06-01 00:00:00+08:00,3.6768274448074103,3.905706218529304,3.6399113659247937,3.876173496246338,102551900,0.0,0.0,1961.KL,IOI Corporation
2014-06-01 00:00:00+08:00,4.43307109861503,4.439110555135606,4.318318544815388,4.420991897583008,102356400,0.0,0.0,1023.KL,CIMB
2014-06-01 00:00:00+08:00,1.6445688450099374,1.6774600208476227,1.6359132142769104,1.6739978790283203,319500368,0.0,0.0,4197.KL,Sime Darby
2014-06-01 00:00:00+08:00,0.8278664910642559,0.8711538245835988,0.8197501812459275,0.822455644607544,24228939,0.0,0.0,5211.KL,Sunway
2014-06-01 00:00:00+08:00,2.6483189786965133,2.722132851097781,2.5592166233601583,2.617846727371216,697535271,0.0,0.0,1295.KL,Public Bank
2014-06-01 00:00:00+08:00,4.324453210700011,4.450002069021129,4.240754193546152,4.4290771484375,139599700,0.0,0.0,4863.KL,Telekom Malaysia
2014-07-01 00:00:00+08:00,2.615172222292088,2.7221322903782537,2.604476199545188,2.6445863246917725,398086500,0.0,0.0,1295.KL,Public Bank
2014-07-01 00:00:00+08:00,3.9047317167540574,4.314817719432126,3.851242293591198,4.190008640289307,97875800,0.0,0.0,5225.KL,IHH Healthcare
2014-07-01 00:00:00+08:00,0.2872926482792081,0.3952100107014852,0.2865633636049951,0.3879187703132629,256245920,0.0,0.0,8869.KL,Press Metal
2014-07-01 00:00:00+08:00,14.9274700404805,15.247696580397884,14.274701458789613,14.459446907043455,21043900,0.0,0.0,6033.KL,PETRONAS Gas
2014-07-01 00:00:00+08:00,0.9930927129090932,1.0969851693869273,0.9930927129090932,1.0450384616851809,56779510,0.0,0.0,7084.KL,QL Resources
2014-07-01 00:00:00+08:00,4.835389177798581,5.466582725414799,4.497250146809516,5.105900287628174,43928107,0.0,0.0,1066.KL,RHB Bank
2014-07-01 00:00:00+08:00,4.408152293147189,4.484876221257421,4.3244529484782745,4.352352619171143,115334500,0.0,0.0,4863.KL,Telekom Malaysia
2014-07-01 00:00:00+08:00,3.648148059844971,3.757143743899184,3.558387034157481,3.6481480598449703,143947000,0.0,0.0,6947.KL,Celcomdigi
2014-07-01 00:00:00+08:00,4.934643745422363,4.941733574964402,4.828293597669386,4.934643745422363,148998400,0.0,0.0,6888.KL,Axiata
2014-07-01 00:00:00+08:00,1.670535703046859,1.6947718016281892,1.627257768352562,1.644568920135498,315857717,0.0,0.0,4197.KL,Sime Darby
2014-07-01 00:00:00+08:00,9.850348472595217,9.981685951215184,9.298729108434271,9.850348472595217,11216040,0.0,0.0,4065.KL,PPB Group
2014-07-01 00:00:00+08:00,1.5649910028977134,1.6485909527001303,1.55830301329169,1.59843111038208,167207400,0.03,0.0,5398.KL,Gamuda
2014-07-01 00:00:00+08:00,0.7842421309010956,0.8215866791949584,0.7735718956459903,0.7895770072937012,57228386,0.0,0.0,6742.KL,YTL Power
2014-07-01 00:00:00+08:00,3.993628994800208,4.171806264976701,3.889180189599324,4.005917072296143,33172700,0.0,0.0,3816.KL,MISC
2014-07-01 00:00:00+08:00,0.9723108466716492,1.008546049528581,0.9300369239148988,0.9481544494628906,129278740,0.0,0.0,4677.KL,YTL Corporation
2014-07-01 00:00:00+08:00,4.792222824618439,4.923850735747117,4.777597656134938,4.816598415374756,136237100,0.0,0.0,1155.KL,Maybank
2014-07-01 00:00:00+08:00,17.781740847287832,18.23919562562248,17.265258193243408,17.486608505249023,12713000,0.15,0.0,2445.KL,Kuala Lumpur Kepong
2014-07-01 00:00:00+08:00,9.456301667921144,9.783792051884635,9.415365369925707,9.633692741394045,18206845,0.0,0.0,5819.KL,Hong Leong Bank
2014-07-01 00:00:00+08:00,4.188606116402927,4.219678981661884,4.138889769054838,4.201035499572754,70670200,0.0,0.0,6012.KL,Maxis
2014-07-01 00:00:00+08:00,4.6370785670588095,4.67137628803869,4.547903903748349,4.554763317108154,51011100,0.0,0.0,5183.KL,PETRONAS Chemicals
2014-07-01 00:00:00+08:00,0.8251609857332727,0.871153780274945,0.8116339104127681,0.8684483170509338,37764379,0.0,0.0,5211.KL,Sunway
2014-07-01 00:00:00+08:00,7.383532989634991,7.626412714783509,7.359245075027096,7.541404724121094,180666200,0.0,0.0,5347.KL,Tenaga Nasional
2014-07-01 00:00:00+08:00,4.402874110888206,4.439111723522111,4.155250280561046,4.227725505828857,169559600,0.0,0.0,1023.KL,CIMB
2014-07-01 00:00:00+08:00,16.107133108775397,16.13395531263365,12.244639827132293,12.472634315490724,12695400,0.0,0.0,5681.KL,PETRONAS Dagangan
2014-07-01 00:00:00+08:00,4.49370106819077,4.550186234453408,4.349350320506328,4.355626583099365,50390500,0.0,0.0,1015.KL,AMMB Holdings
2014-07-01 00:00:00+08:00,3.861406968847633,3.898323046140786,3.4700978873598616,3.691593647003174,91201700,0.12,0.0,1961.KL,IOI Corporation
2014-07-01 00:00:00+08:00,50.95798110961914,51.33769781802766,50.42638003545409,50.95798110961914,90800,0.0,0.0,4707.KL,Nestlé Malaysia
2014-08-01 00:00:00+08:00,1.6445690347278858,1.6618801877170506,1.6255267553924124,1.6376445293426514,315126458,0.0,0.0,4197.KL,Sime Darby
2014-08-01 00:00:00+08:00,3.6545598473057743,3.7699671999040905,3.584033471522981,3.6737945079803462,167584500,0.064,0.0,6947.KL,Celcomdigi
2014-08-01 00:00:00+08:00,2.644586973270473,2.6606309316341483,2.529604820079322,2.5777368545532227,514428500,0.046,0.0,1295.KL,Public Bank
2014-08-01 00:00:00+08:00,3.742039089730877,3.794956946041589,3.485010377371402,3.613524913787842,160174400,0.0,0.0,1961.KL,IOI Corporation
2014-08-01 00:00:00+08:00,9.613939467007636,10.00795338574993,9.403798910750918,9.705875396728516,8145120,0.0,0.0,4065.KL,PPB Group
2014-08-01 00:00:00+08:00,50.88204255620077,52.38572337812489,50.42638363241144,51.12506103515625,1343500,0.6,0.0,4707.KL,Nestlé Malaysia
2014-08-01 00:00:00+08:00,4.145105429878146,4.188607095813193,3.964883480434128,4.070530891418457,67025300,0.08,0.0,6012.KL,Maxis
2014-08-01 00:00:00+08:00,12.405578534414214,14.712345928126572,12.311698889924822,13.478493690490724,14405700,0.14,0.0,5681.KL,PETRONAS Dagangan
2014-08-01 00:00:00+08:00,0.7789074184236014,0.8109170942285652,0.7575673588565096,0.7949119806289673,63520636,0.0,0.0,6742.KL,YTL Power
2014-08-01 00:00:00+08:00,7.529258303545453,7.614266269665616,7.249947076658509,7.517114639282227,155938800,0.0,0.0,5347.KL,Tenaga Nasional
2014-08-01 00:00:00+08:00,4.030491859790184,4.29468558280044,3.9321872731762793,4.2271013259887695,52968200,0.0,0.0,3816.KL,MISC
2014-08-01 00:00:00+08:00,9.565462767554466,9.920244843552409,9.442654571365845,9.824727058410645,14200616,0.0,0.0,5819.KL,Hong Leong Bank
2014-08-01 00:00:00+08:00,0.9481544229231132,1.0206248266084588,0.9300368978822487,0.9783502221107484,153496384,0.0,0.0,4677.KL,YTL Corporation
2014-08-01 00:00:00+08:00,1.6013593416160758,1.692768853233272,1.5979737264208007,1.6352146863937378,278267400,0.0,0.0,5398.KL,Gamuda
2014-08-01 00:00:00+08:00,4.8991925225409325,4.948822670898814,4.8708325343586365,4.91337251663208,195785600,0.0,0.0,6888.KL,Axiata
2014-08-01 00:00:00+08:00,0.3879188187574788,0.4878148410769216,0.3828146285775183,0.4841692447662353,392165760,0.004464,0.0,8869.KL,Press Metal
2014-08-01 00:00:00+08:00,17.3139046628466,17.81877004057356,16.21508085021063,16.363571166992188,16756400,0.0,0.0,2445.KL,Kuala Lumpur Kepong
2014-08-01 00:00:00+08:00,4.811722077421549,4.972600287842512,4.801972122357716,4.923849582672119,160969000,0.0,0.0,1155.KL,Maybank
2014-08-01 00:00:00+08:00,4.190007609833232,4.519859609193992,4.172177806497194,4.350476264953613,81458000,0.0,0.0,5225.KL,IHH Healthcare
2014-08-01 00:00:00+08:00,4.221685207783375,4.469309293727035,4.112972384094806,4.457230091094971,96838500,0.0,0.0,1023.KL,CIMB
2014-08-01 00:00:00+08:00,14.582605549289603,14.582605549289603,12.882943634803237,14.04068374633789,32820800,0.2,0.0,6033.KL,PETRONAS Gas
2014-08-01 00:00:00+08:00,0.8630373972553267,0.8657427797304478,0.8116337656974792,0.8116337656974792,26099004,0.0,0.0,5211.KL,Sunway
2014-08-01 00:00:00+08:00,1.045038482376973,1.066428491643501,0.9961476566876516,1.014481782913208,23937610,0.011966,0.0,7084.KL,QL Resources
2014-08-01 00:00:00+08:00,4.331428382537968,4.491851668283461,4.282603788584005,4.436052322387695,86644600,0.0,0.0,4863.KL,Telekom Malaysia
2014-08-01 00:00:00+08:00,4.3744551014848,4.53135808689237,4.192447662353516,4.192447662353516,60952600,0.169,0.0,1015.KL,AMMB Holdings
2014-08-01 00:00:00+08:00,4.554763600793257,4.630219114993289,4.314678230619103,4.321537971496582,93976600,0.08,0.0,5183.KL,PETRONAS Chemicals
2014-08-01 00:00:00+08:00,5.060814981051038,5.393317964588934,5.021364743841188,5.167891979217529,31060903,0.0,0.0,1066.KL,RHB Bank
2014-09-01 00:00:00+08:00,5.179164857162851,5.207343113297904,4.919925130643713,4.976281642913818,22746865,0.0,0.0,1066.KL,RHB Bank
2014-09-01 00:00:00+08:00,4.913373477344424,5.026813790332328,4.892103651087674,4.963003635406494,251981600,0.0,0.0,6888.KL,Axiata
2014-09-01 00:00:00+08:00,4.433071671517001,4.469309279296184,4.197526788965951,4.245843887329102,123858100,0.1,0.0,1023.KL,CIMB
2014-09-01 00:00:00+08:00,4.374319241042072,4.478469431140623,4.27016871985814,4.332658767700195,58415000,0.0,0.0,5183.KL,PETRONAS Chemicals
2014-09-01 00:00:00+08:00,1.6393755532454677,1.653224452676607,1.5389703419077447,1.583979845046997,263454590,0.0,0.0,4197.KL,Sime Darby
2014-09-01 00:00:00+08:00,1.0558123723867543,1.0928587661402,1.0311154224256454,1.0588997602462769,21216481,0.0,0.0,7084.KL,QL Resources
2014-09-01 00:00:00+08:00,2.6053876379932053,2.616209623119902,2.543161344459562,2.5566887855529785,429844500,0.0,0.0,1295.KL,Public Bank
2014-09-01 00:00:00+08:00,7.577834118737147,7.650698420594084,7.371387193707141,7.517114639282227,148109400,0.0,0.0,5347.KL,Tenaga Nasional
2014-09-01 00:00:00+08:00,16.378419222180913,17.37330067223508,15.44293361618482,15.650819778442385,12306600,0.0,0.0,2445.KL,Kuala Lumpur Kepong
2014-09-01 00:00:00+08:00,4.233245231400663,4.282397524884496,4.0919322411492525,4.147228717803955,42267400,0.04,0.0,3816.KL,MISC
2014-09-01 00:00:00+08:00,13.821668636374124,14.024135262411162,13.37624386123316,13.497723579406738,11098500,0.0,0.0,5681.KL,PETRONAS Dagangan
2014-09-01 00:00:00+08:00,4.120552699196806,4.126843463178353,3.906661324284315,4.076516151428223,53731700,0.0,0.0,6012.KL,Maxis
2014-09-01 00:00:00+08:00,4.35047668762866,4.564434348448389,4.314817077492039,4.528774738311768,83160800,0.0,0.0,5225.KL,IHH Healthcare
2014-09-01 00:00:00+08:00,51.56150201274551,51.79134174339311,50.59615877742133,50.87197113037109,1500600,0.0,0.0,4707.KL,Nestlé Malaysia
2014-09-01 00:00:00+08:00,3.613525415760853,3.7042414444895466,3.553047702801602,3.636204242706299,122854700,0.0,0.0,1961.KL,IOI Corporation
2014-09-01 00:00:00+08:00,4.923849517110381,4.96285026669764,4.758096098901725,4.855597972869873,150379500,0.24,0.0,1155.KL,Maybank
2014-09-01 00:00:00+08:00,14.213331109913025,14.424543300621457,13.679089555357526,14.23818016052246,31215800,0.0,0.0,6033.KL,PETRONAS Gas
2014-09-01 00:00:00+08:00,0.4844547814183132,0.5484120603920194,0.3910930310898802,0.4594602286815643,395767680,0.0,0.0,8869.KL,Press Metal
2014-09-01 00:00:00+08:00,4.296780568223461,4.528343684689477,4.258186766598503,4.418994426727295,94266400,0.0,0.0,1015.KL,AMMB Holdings
2014-09-01 00:00:00+08:00,4.456976851003047,4.603450298309326,4.366303081434189,4.603450298309326,128634600,0.095,0.0,4863.KL,Telekom Malaysia
2014-09-01 00:00:00+08:00,0.8413935321528534,0.9928989122498802,0.8197501472242602,0.9306736588478088,53029018,0.020798,0.0,5211.KL,Sunway
2014-09-01 00:00:00+08:00,0.8002471830781573,0.8856065701498509,0.8002471830781573,0.8749368190765381,102216690,0.0,0.0,6742.KL,YTL Power
2014-09-01 00:00:00+08:00,1.6419860245794806,1.6622992347767578,1.5945885341191677,1.6318295001983645,183061000,0.0,0.0,5398.KL,Gamuda
2014-09-01 00:00:00+08:00,9.8110809835416,10.206799341438971,9.633690622327236,9.97482681274414,30184439,0.0,0.0,5819.KL,Hong Leong Bank
2014-09-01 00:00:00+08:00,9.719008926445705,9.916015869221775,9.206791175836647,9.324995040893556,7521720,0.058333,0.0,4065.KL,PPB Group
2014-09-01 00:00:00+08:00,3.7144303574174775,3.8116668157060754,3.688500676421342,3.792219400405884,164854900,0.0,0.0,6947.KL,Celcomdigi
2014-09-01 00:00:00+08:00,0.9964678928051788,1.0387425002629749,0.9783502906152404,1.0145854949951172,214049928,0.0,0.0,4677.KL,YTL Corporation
2014-10-01 00:00:00+08:00,4.339602352706748,4.367375781277241,4.096584687172248,4.270168781280518,64953600,0.0,0.0,5183.KL,PETRONAS Chemicals
2014-10-01 00:00:00+08:00,13.497721232577328,13.835164263391762,12.48539214013403,13.767675399780272,9284800,0.0,0.0,5681.KL,PETRONAS Dagangan
2014-10-01 00:00:00+08:00,7.504971834100547,8.172890289581272,7.419964430760113,8.112170219421387,161708300,0.0,0.0,5347.KL,Tenaga Nasional
2014-10-01 00:00:00+08:00,4.171376070685338,4.294972280835001,4.004521039644989,4.239354133605957,32645500,0.0,0.0,3816.KL,MISC
2014-10-01 00:00:00+08:00,1.5909040635239595,1.6757287979125977,1.5545501955971928,1.6757287979125977,239845765,0.0,0.0,4197.KL,Sime Darby
2014-10-01 00:00:00+08:00,4.664863923978685,5.110821816775294,4.601155508919703,5.0966644287109375,149976000,0.0,0.0,4863.KL,Telekom Malaysia
2014-10-01 00:00:00+08:00,4.306499566166968,4.392261919835531,3.773547066678117,3.975701332092285,156134600,0.0,0.0,1023.KL,CIMB
2014-10-01 00:00:00+08:00,4.082805045245946,4.246369033486421,4.019895934374341,4.240077972412109,57039500,0.0,0.0,6012.KL,Maxis
2014-10-01 00:00:00+08:00,50.87197529548315,52.48087692260742,50.48890320115755,52.48087692260742,937700,0.0,0.0,4707.KL,Nestlé Malaysia
2014-10-01 00:00:00+08:00,9.315934804219015,10.45073713568646,9.078417896694122,10.437541961669922,9108480,0.0,0.0,4065.KL,PPB Group
2014-10-01 00:00:00+08:00,4.406129479695374,4.470452477345389,4.219592633152206,4.361103534698486,72004800,0.0,0.0,1015.KL,AMMB Holdings
2014-10-01 00:00:00+08:00,1.0496386852467954,1.0650745498481566,0.9755458892856662,1.0619871616363523,37935489,0.0,0.0,7084.KL,QL Resources
2014-10-01 00:00:00+08:00,9.85201727253252,10.05669939072598,9.442654382623322,9.97482681274414,16578341,0.251283,0.0,5819.KL,Hong Leong Bank
2014-10-01 00:00:00+08:00,3.65132348629122,3.696681499481201,3.432092908969588,3.696681499481201,115878700,0.0,0.0,1961.KL,IOI Corporation
2014-10-01 00:00:00+08:00,0.8749368642144877,0.8802717400263701,0.8162517828742563,0.8482620716094971,114795239,0.092272,0.0,6742.KL,YTL Power
2014-10-01 00:00:00+08:00,0.4631364902177319,0.5212117511144517,0.3469843243880605,0.4851900339126587,602152320,0.0,0.0,8869.KL,Press Metal
2014-10-01 00:00:00+08:00,1.020624810411651,1.0568600116792894,0.966272008510194,1.002507209777832,226028109,0.090133,0.0,4677.KL,YTL Corporation
2014-10-01 00:00:00+08:00,4.970645845662041,5.100265714107303,4.694498694567373,4.95937442779541,42405895,0.0,0.0,1066.KL,RHB Bank
2014-10-01 00:00:00+08:00,13.989694706408551,14.325148574642345,13.045452169753352,13.964845657348633,26750100,0.0,0.0,6033.KL,PETRONAS Gas
2014-10-01 00:00:00+08:00,2.559394677421859,2.5675112079642,2.451175130243164,2.5079903602600098,426439000,0.0,0.0,1295.KL,Public Bank
2014-10-01 00:00:00+08:00,0.9452353735570064,0.9479830861091614,0.8655499975740739,0.9479830861091614,47200809,0.0,0.0,5211.KL,Sunway
2014-10-01 00:00:00+08:00,4.963003457170758,5.097713591577584,4.8353834899800825,4.998453617095947,232163600,0.08,0.0,6888.KL,Axiata
2014-10-01 00:00:00+08:00,4.9690340253466205,5.043944373225423,4.684375941697078,4.844183921813965,171630900,0.0,0.0,1155.KL,Maybank
2014-10-01 00:00:00+08:00,15.650822538039748,17.403002370865103,14.55199852116335,17.076324462890625,10397600,0.0,0.0,2445.KL,Kuala Lumpur Kepong
2014-10-01 00:00:00+08:00,3.792219739153555,4.012622356414795,3.623676797623237,4.012622356414795,185054500,0.0,0.0,6947.KL,Celcomdigi
2014-10-01 00:00:00+08:00,1.6386002561031403,1.7638651090207738,1.608130365931549,1.733395218849182,300989600,0.0,0.0,5398.KL,Gamuda
2014-10-01 00:00:00+08:00,4.546604159968364,4.546604159968364,4.234582385037447,4.412880420684815,124354900,0.0,0.0,5225.KL,IHH Healthcare
2014-11-01 00:00:00+08:00,0.934244153307646,0.953478381478302,0.8628020938550522,0.9314964413642884,141290609,0.0,0.0,5211.KL,Sunway
2014-11-01 00:00:00+08:00,4.361103907037876,4.367536053993914,4.071649932825631,4.283915996551514,65632200,0.0,0.0,1015.KL,AMMB Holdings
2014-11-01 00:00:00+08:00,4.077445058391795,4.194128590191766,3.831112848819098,4.083927631378174,156296500,0.062,0.0,6947.KL,Celcomdigi
2014-11-01 00:00:00+08:00,9.95056053772251,10.200713857573165,9.797688835923472,9.936662673950195,12272470,0.0,0.0,5819.KL,Hong Leong Bank
2014-11-01 00:00:00+08:00,10.50351888881779,10.543104412005658,9.57984309028265,10.239611625671388,4386480,0.0,0.0,4065.KL,PPB Group
2014-11-01 00:00:00+08:00,52.34297186029003,53.01717665652159,52.09780594845888,52.55749130249024,200700,0.0,0.0,4707.KL,Nestlé Malaysia
2014-11-01 00:00:00+08:00,5.026975386770581,5.2277673582386095,4.955263626442127,5.062830924987793,175304000,0.0,0.0,6888.KL,Axiata
2014-11-01 00:00:00+08:00,4.251714025045565,4.875875368015231,4.239354403244482,4.517446041107178,58873400,0.0,0.0,3816.KL,MISC
2014-11-01 00:00:00+08:00,1.684384870041293,1.6913093742277616,1.6497621281611428,1.6757287979125977,225499738,0.0,0.0,4197.KL,Sime Darby
2014-11-01 00:00:00+08:00,1.0650744283195686,1.0897714859264311,1.0342027026394145,1.0588997602462769,35740863,0.0,0.0,7084.KL,QL Resources
2014-11-01 00:00:00+08:00,1.0611153843167676,1.0675072174743407,0.9908000793233318,1.009976863861084,122689765,0.0,0.0,4677.KL,YTL Corporation
2014-11-01 00:00:00+08:00,4.2400783187773605,4.49171508279389,4.2149146723731405,4.35960578918457,59400500,0.08,0.0,6012.KL,Maxis
2014-11-01 00:00:00+08:00,13.691516953760251,14.163637165732222,13.1696986301405,14.113940238952637,23299500,0.2,0.0,6033.KL,PETRONAS Gas
2014-11-01 00:00:00+08:00,4.421796624583297,4.457456240499601,4.100859656240403,4.386137008666992,90532000,0.0,0.0,5225.KL,IHH Healthcare
2014-11-01 00:00:00+08:00,16.690247883332713,17.566337651875156,16.333872816297742,16.705097198486328,7079900,0.0,0.0,2445.KL,Kuala Lumpur Kepong
2014-11-01 00:00:00+08:00,4.304885144613319,4.304885144613319,3.7216428483449366,3.909113645553589,74226500,0.0,0.0,5183.KL,PETRONAS Chemicals
2014-11-01 00:00:00+08:00,0.9040686024836136,0.9438700165056012,0.8585806740087524,0.869952380657196,76040769,0.0,0.0,6742.KL,YTL Power
2014-11-01 00:00:00+08:00,8.160747254654835,8.877241640935202,7.845004348560336,8.658650398254395,197626100,0.0,0.0,5347.KL,Tenaga Nasional
2014-11-01 00:00:00+08:00,4.959373883737004,5.004459550257493,4.570514033656129,4.609963417053223,16936513,0.0,0.0,1066.KL,RHB Bank
2014-11-01 00:00:00+08:00,4.884135038789484,4.894123273883812,4.704351093478952,4.724327087402344,132172200,0.0,0.0,1155.KL,Maybank
2014-11-01 00:00:00+08:00,13.889157875435805,13.90265590830706,10.798179146297793,10.85216999053955,23609900,0.12,0.0,5681.KL,PETRONAS Dagangan
2014-11-01 00:00:00+08:00,3.719361194835391,3.749599874429703,3.3942948484862887,3.64376449584961,105158200,0.0,0.0,1961.KL,IOI Corporation
2014-11-01 00:00:00+08:00,5.05419282626224,5.358577209784607,4.898461540245684,5.011720657348633,117874400,0.0,0.0,4863.KL,Telekom Malaysia
2014-11-01 00:00:00+08:00,3.987953359213012,3.987953359213012,3.5162596872971785,3.571392774581909,131858300,0.0,0.0,1023.KL,CIMB
2014-11-01 00:00:00+08:00,0.4851902034527294,0.514596280057364,0.4528447362656254,0.4984231293201446,231095760,0.005357,2.0,8869.KL,Press Metal
2014-11-01 00:00:00+08:00,2.5025795210430246,2.5539838397174384,2.443058671587443,2.513401508331299,309721000,0.0,0.0,1295.KL,Public Bank
2014-11-01 00:00:00+08:00,1.7164678183358446,1.807877337570592,1.7164678183358446,1.7909495830535889,290316400,0.0,0.0,5398.KL,Gamuda
2014-12-01 00:00:00+08:00,0.9232523897568424,0.9314963399128856,0.8600535545398358,0.9040181636810304,78514298,0.0,0.0,5211.KL,Sunway
2014-12-01 00:00:00+08:00,8.780091125319341,8.780091125319341,7.881436963124851,8.379340171813965,206531700,0.19,0.0,5347.KL,Tenaga Nasional
2014-12-01 00:00:00+08:00,1.0496387297565222,1.0496387297565222,0.9477615884843942,1.01876699924469,29665343,0.0,0.0,7084.KL,QL Resources
2014-12-01 00:00:00+08:00,4.386136564328843,4.41288106100864,4.118689046954212,4.296987533569336,59226100,0.0,0.0,5225.KL,IHH Healthcare
2014-12-01 00:00:00+08:00,9.86717469675575,10.006149200720731,9.519739122514114,9.714303016662598,17111104,0.0,0.0,5819.KL,Hong Leong Bank
2014-12-01 00:00:00+08:00,0.8699527241087894,0.8983825161649666,0.8301512943734601,0.8415229320526123,53447941,0.0,0.0,6742.KL,YTL Power
2014-12-01 00:00:00+08:00,4.566884203308336,4.566884203308336,4.023060588085338,4.461827278137207,43410000,0.0,0.0,3816.KL,MISC
2014-12-01 00:00:00+08:00,3.651324011274891,3.666443351178728,3.29601934329797,3.628645181655884,85809400,0.0,0.0,1961.KL,IOI Corporation
2014-12-01 00:00:00+08:00,4.389921574669608,4.44718121421029,4.059086921981748,4.358110427856445,88522000,0.0,0.0,6012.KL,Maxis
2014-12-01 00:00:00+08:00,5.025877052944784,5.025877052944784,4.487896015571412,4.870145797729492,164715900,0.0,0.0,4863.KL,Telekom Malaysia
2014-12-01 00:00:00+08:00,4.724326739548741,4.724326739548741,4.120052372527441,4.579500675201416,250308200,0.0,0.0,1155.KL,Maybank
2014-12-01 00:00:00+08:00,4.1252472069127935,4.1252472069127935,3.889518714800589,4.040122985839844,225071800,0.0,0.0,6947.KL,Celcomdigi
2014-12-01 00:00:00+08:00,14.233301610856172,14.233301610856172,12.916564262495786,13.8947114944458,28329000,0.0,0.0,6033.KL,PETRONAS Gas
2014-12-01 00:00:00+08:00,1.0099767486338866,1.0483303133336728,0.9907999662839936,1.0163692235946655,126336920,0.0,0.0,4677.KL,YTL Corporation
2014-12-01 00:00:00+08:00,10.921145707602404,12.089327499097784,9.888798932825967,11.62748908996582,16500000,0.0,0.0,5681.KL,PETRONAS Dagangan
2014-12-01 00:00:00+08:00,0.5013115596868412,0.5013115596868412,0.3366797813007809,0.3841413855552673,214740960,0.0,0.0,8869.KL,Press Metal
2014-12-01 00:00:00+08:00,52.097804828281824,52.78733576711116,51.30101417065862,52.48087692260742,289000,0.0,0.0,4707.KL,Nestlé Malaysia
2014-12-01 00:00:00+08:00,1.7604795498294057,1.7841783719860582,1.6013593480205053,1.6961544752120972,258076600,0.0,0.0,5398.KL,Gamuda
2014-12-01 00:00:00+08:00,16.705097581799745,17.031775442132034,14.774730466903373,16.927831649780273,8402300,0.0,0.0,2445.KL,Kuala Lumpur Kepong
2014-12-01 00:00:00+08:00,10.028484242781625,10.23961079113727,8.854096451209312,9.4346923828125,9653280,0.0,0.0,4065.KL,PPB Group
2014-12-01 00:00:00+08:00,3.888283475690964,3.888283475690964,3.2286640786942846,3.784132957458496,73461300,0.0,0.0,5183.KL,PETRONAS Chemicals
2014-12-01 00:00:00+08:00,2.5134012972039432,2.516106753483789,2.3591881928748544,2.475524425506592,370513000,0.0,0.0,1295.KL,Public Bank
2014-12-01 00:00:00+08:00,4.60996364366326,4.60996364366326,3.973135183052894,4.294366836547852,28951754,0.0,0.0,1066.KL,RHB Bank
2014-12-01 00:00:00+08:00,3.565267677271976,3.565267677271976,3.2650989497181984,3.405994415283203,150984000,0.0,0.0,1023.KL,CIMB
2014-12-01 00:00:00+08:00,4.245320796966553,4.290347037699782,3.8400855505160094,4.245320796966553,63680900,0.12,0.0,1015.KL,AMMB Holdings
2014-12-01 00:00:00+08:00,5.098686620435653,5.098686620435653,4.732957887019495,5.055659770965576,216527000,0.0,0.0,6888.KL,Axiata
2014-12-01 00:00:00+08:00,1.6774598542600894,1.6791909802347778,1.5199277219851468,1.5909039974212646,245382139,0.3,0.0,4197.KL,Sime Darby
2015-01-01 00:00:00+08:00,5.0556601211465,5.2062542756961925,4.933750534897031,5.163227081298828,184408500,0.0,0.0,6888.KL,Axiata
2015-01-01 00:00:00+08:00,0.9040180728468924,0.9342439576858024,0.8737928401869155,0.915009081363678,64419631,0.0,0.0,5211.KL,Sunway
2015-01-01 00:00:00+08:00,4.325045405976388,4.423341956391421,3.990837509536618,4.115346431732178,116509600,0.0,0.0,1015.KL,AMMB Holdings
2015-01-01 00:00:00+08:00,4.358107769535561,4.644407006098957,4.2372259101030245,4.517162799835205,129413400,0.0,0.0,6012.KL,Maxis
2015-01-01 00:00:00+08:00,4.296987772690937,4.760563183533833,4.109774585129755,4.635754108428955,94698300,0.0,0.0,5225.KL,IHH Healthcare
2015-01-01 00:00:00+08:00,4.579500695556835,4.579500695556835,4.184974485666339,4.354770660400391,294358900,0.0,0.0,1155.KL,Maybank
2015-01-01 00:00:00+08:00,1.0187668091706004,1.0897714531629736,1.0002436666736436,1.0805102586746216,35726823,0.0,0.0,7084.KL,QL Resources
2015-01-01 00:00:00+08:00,4.040125793629968,4.341334545041304,3.9942895706817296,4.197278022766113,218247800,0.0,0.0,6947.KL,Celcomdigi
2015-01-01 00:00:00+08:00,4.294365855647767,4.7001327579364585,4.063304442787604,4.598691463470459,49853750,0.0,0.0,1066.KL,RHB Bank
2015-01-01 00:00:00+08:00,13.894713751348796,14.158061263796116,13.16737323048314,13.919795036315918,29819500,0.0,0.0,6033.KL,PETRONAS Gas
2015-01-01 00:00:00+08:00,1.0163694290319625,1.1442144563615675,0.9971926428058931,1.125037670135498,152258989,0.0,0.0,4677.KL,YTL Corporation
2015-01-01 00:00:00+08:00,2.4755252436444826,2.478230700818457,2.3537780582167502,2.45388126373291,517122500,0.0,0.0,1295.KL,Public Bank
2015-01-01 00:00:00+08:00,0.8415226671098341,0.9381842381949884,0.8187787377832558,0.9097544550895692,64647736,0.0,0.0,6742.KL,YTL Power
2015-01-01 00:00:00+08:00,1.7376238306037246,1.8264900189284248,1.6846818146255442,1.7773300409317017,275448914,0.0,0.0,4197.KL,Sime Darby
2015-01-01 00:00:00+08:00,4.461826378156788,4.937672129668499,4.375309049157353,4.789356708526611,65111100,0.0,0.0,3816.KL,MISC
2015-01-01 00:00:00+08:00,3.5530468705367197,3.6588825730693855,3.4018535247377244,3.5606067180633545,99969600,0.0,0.0,1961.KL,IOI Corporation
2015-01-01 00:00:00+08:00,9.434692370011565,10.028484229175032,9.091612578825195,9.60623264312744,9860040,0.0,0.0,4065.KL,PPB Group
2015-01-01 00:00:00+08:00,1.6961547661381513,1.7943353639435684,1.6656848697726612,1.7164679765701294,269182000,0.03,0.0,5398.KL,Gamuda
2015-01-01 00:00:00+08:00,52.48087580220683,54.80995478740954,52.48087580220683,54.7793083190918,343700,0.0,0.0,4707.KL,Nestlé Malaysia
2015-01-01 00:00:00+08:00,0.384141337523165,0.4182538917805031,0.3515113200477415,0.400455504655838,290465840,0.0,0.0,8869.KL,Press Metal
2015-01-01 00:00:00+08:00,3.4059934282902304,3.70616206886077,3.0935733164609784,3.3692381381988525,333452100,0.0,0.0,1023.KL,CIMB
2015-01-01 00:00:00+08:00,16.927827313606837,17.38814606325726,15.90324888079672,16.823884963989258,9575100,0.0,0.0,2445.KL,Kuala Lumpur Kepong
2015-01-01 00:00:00+08:00,9.714305402879155,10.131228331516002,9.519741460938096,9.74209976196289,12503309,0.0,0.0,5819.KL,Hong Leong Bank
2015-01-01 00:00:00+08:00,8.500408171707523,9.36276817411767,8.401852809996226,8.931588172912598,233961600,0.0,0.0,5347.KL,Tenaga Nasional
2015-01-01 00:00:00+08:00,11.627487238008715,12.170827218344533,11.00264561291018,11.980657577514648,10045900,0.0,0.0,5681.KL,PETRONAS Dagangan
2015-01-01 00:00:00+08:00,3.7841329378595994,3.888283455552647,3.388361434145531,3.5411152839660645,56906400,0.0,0.0,5183.KL,PETRONAS Chemicals
2015-01-01 00:00:00+08:00,4.870146406579811,4.990484378514355,4.700257405749052,4.948011875152588,135686100,0.0,0.0,4863.KL,Telekom Malaysia
2015-02-01 00:00:00+08:00,1.736901648597986,1.8362510361288389,1.730049972332301,1.801992654800415,128311000,0.0,0.0,5398.KL,Gamuda
2015-02-01 00:00:00+08:00,0.9097545169270822,0.9211262252577176,0.8870105860545614,0.8926964402198792,33016111,0.0,0.0,6742.KL,YTL Power
2015-02-01 00:00:00+08:00,16.823885664932234,17.447542620838096,16.48235997846912,16.85358428955078,11434300,0.4,0.0,2445.KL,Kuala Lumpur Kepong
2015-02-01 00:00:00+08:00,5.163227992245312,5.213426166600664,5.005462838759625,5.134543418884277,132429900,0.0,0.0,6888.KL,Axiata
2015-02-01 00:00:00+08:00,9.606234412584698,9.89653280898774,9.434694107871293,9.619429588317873,5929200,0.0,0.0,4065.KL,PPB Group
2015-02-01 00:00:00+08:00,4.598691797461855,4.745218473604081,4.401443751892575,4.485979080200195,26798541,0.0,0.0,1066.KL,RHB Bank
2015-02-01 00:00:00+08:00,8.93159132931248,10.44688143227749,8.143147569551944,9.067105293273926,292989000,0.0,0.0,5347.KL,Tenaga Nasional
2015-02-01 00:00:00+08:00,1.0805101773829673,1.1731252370254002,1.0774227898485436,1.163863182067871,24935911,0.0,0.0,7084.KL,QL Resources
2015-02-01 00:00:00+08:00,1.7773299146545083,1.8227083340947448,1.7546407049343902,1.7640944719314575,239295178,0.0,0.0,4197.KL,Sime Darby
2015-02-01 00:00:00+08:00,3.369237903602597,3.7184135733155967,3.369237903602597,3.64490270614624,135597900,0.0,0.0,1023.KL,CIMB
2015-02-01 00:00:00+08:00,4.11534745142994,4.285727910220105,4.069475633209874,4.187431335449219,85455200,0.0,0.0,1015.KL,AMMB Holdings
2015-02-01 00:00:00+08:00,4.78935676253623,5.289922051226349,4.6657605768575285,5.203404426574707,53684700,0.06,0.0,3816.KL,MISC
2015-02-01 00:00:00+08:00,2.4538812775750736,2.575628463689573,2.4538812775750736,2.4782307147979736,443841500,0.062,0.0,1295.KL,Public Bank
2015-02-01 00:00:00+08:00,3.541115724930327,3.8674540322674273,3.541115724930327,3.798020124435425,48661200,0.0,0.0,5183.KL,PETRONAS Chemicals
2015-02-01 00:00:00+08:00,11.980656837543624,13.298257827758787,11.545984880121969,13.298257827758787,12437800,0.0,0.0,5681.KL,PETRONAS Dagangan
2015-02-01 00:00:00+08:00,4.635754140522238,4.992350710969211,4.582264718719613,4.965606212615967,47156600,0.0,0.0,5225.KL,IHH Healthcare
2015-02-01 00:00:00+08:00,13.919797492143587,14.923025148995048,13.255157674552366,14.45903205871582,19534100,0.0,0.0,6033.KL,PETRONAS Gas
2015-02-01 00:00:00+08:00,0.4004555190053339,0.4642321283483517,0.3960061262777201,0.4464345574378967,271981360,0.005357,0.0,8869.KL,Press Metal
2015-02-01 00:00:00+08:00,4.197276110829258,4.354428580613273,4.125248194735434,4.15798807144165,144806400,0.072,0.0,6947.KL,Celcomdigi
2015-02-01 00:00:00+08:00,4.948012517965634,5.379813432904314,4.813517477489488,5.040035724639893,102849300,0.0,0.0,4863.KL,Telekom Malaysia
2015-02-01 00:00:00+08:00,4.354771423071326,4.644423603781555,4.354771423071326,4.594483375549316,139221000,0.0,0.0,1155.KL,Maybank
2015-02-01 00:00:00+08:00,3.5606067180633545,3.772277402181948,3.530368048903555,3.5606067180633545,59503300,0.0,0.0,1961.KL,IOI Corporation
2015-02-01 00:00:00+08:00,0.915009292013388,0.9342441727636884,0.8930272699192053,0.9287486672401428,43553516,0.0,0.0,5211.KL,Sunway
2015-02-01 00:00:00+08:00,1.125037694545291,1.1378226473284458,1.054723024368286,1.054723024368286,140892765,0.0,0.0,4677.KL,YTL Corporation
2015-02-01 00:00:00+08:00,4.517166225356409,4.644410528113855,4.345386674501437,4.485355377197266,80554800,0.08,0.0,6012.KL,Maxis
2015-02-01 00:00:00+08:00,9.742098584364298,9.992252585576855,9.728201406502285,9.978355407714844,14487441,0.0,0.0,5819.KL,Hong Leong Bank
2015-02-01 00:00:00+08:00,54.77931872517073,57.29227115243332,54.77931872517073,56.31160736083984,205200,0.0,0.0,4707.KL,Nestlé Malaysia
2015-03-01 00:00:00+08:00,1.1638632776132678,1.2688277883645382,1.0990334087096425,1.210170865058899,23344421,0.0,0.0,7084.KL,QL Resources
2015-03-01 00:00:00+08:00,9.606232877045477,10.160438474750906,9.249957903880944,10.147242546081545,12220920,0.0,0.0,4065.KL,PPB Group
2015-03-01 00:00:00+08:00,5.263279271271617,5.325566838938988,5.0203590642090665,5.288194179534912,69475100,0.0,0.0,3816.KL,MISC
2015-03-01 00:00:00+08:00,56.3116057847169,57.61404875049426,55.92853363652155,56.4648323059082,132200,0.0,0.0,4707.KL,Nestlé Malaysia
2015-03-01 00:00:00+08:00,1.061115315048678,1.0802920983345974,0.9844082622215604,1.0675071477890017,209564106,0.0,0.0,4677.KL,YTL Corporation
2015-03-01 00:00:00+08:00,4.480343153221865,4.547971363753868,4.305638212049229,4.463436603546143,19306514,0.056101,0.0,1066.KL,RHB Bank
2015-03-01 00:00:00+08:00,3.749416308457796,3.929943584993884,3.4855684193581458,3.916056871414185,55103300,0.08,0.0,5183.KL,PETRONAS Chemicals
2015-03-01 00:00:00+08:00,4.594483128767188,4.674387108634659,4.5345551438665845,4.65940523147583,191048000,0.0,0.0,1155.KL,Maybank
2015-03-01 00:00:00+08:00,5.032955868356226,5.217001895536483,4.912617912584388,5.146214962005615,118747300,0.0,0.0,4863.KL,Telekom Malaysia
2015-03-01 00:00:00+08:00,0.4524264386583899,0.5258334540437511,0.4419397293182774,0.4958716630935669,272349280,0.0,0.0,8869.KL,Press Metal
2015-03-01 00:00:00+08:00,1.7659853620048953,1.786783795518578,1.7243880123284798,1.752750039100647,298219150,0.0,0.0,4197.KL,Sime Darby
2015-03-01 00:00:00+08:00,0.9287486554646958,1.013929519895165,0.9287486554646958,1.0029385089874268,113535061,0.024958,0.0,5211.KL,Sunway
2015-03-01 00:00:00+08:00,4.180878004159522,4.220196567877102,4.003944311192328,4.167771816253662,107615100,0.0,0.0,1015.KL,AMMB Holdings
2015-03-01 00:00:00+08:00,9.067102330033524,9.128699139022494,8.68519999953119,8.845352172851562,307145300,0.0,0.0,5347.KL,Tenaga Nasional
2015-03-01 00:00:00+08:00,9.992251580453928,10.061738834116062,9.742097604404414,9.908867835998535,14855374,0.144971,0.0,5819.KL,Hong Leong Bank
2015-03-01 00:00:00+08:00,4.974520530555667,5.455925715764531,4.76056285939444,5.3578619956970215,94973800,0.0,0.0,5225.KL,IHH Healthcare
2015-03-01 00:00:00+08:00,5.12737139711367,5.148884651757848,5.005461814306606,5.077173233032227,199145600,0.0,0.0,6888.KL,Axiata
2015-03-01 00:00:00+08:00,2.539632951325955,2.605669046452077,2.490105961982405,2.597414493560791,589443500,0.0,0.0,1295.KL,Public Bank
2015-03-01 00:00:00+08:00,14.709833514791534,14.810157439192825,13.781847678565596,14.43394660949707,22514200,0.15,0.0,6033.KL,PETRONAS Gas
2015-03-01 00:00:00+08:00,1.815695831542925,1.822547507145256,1.7300498048353687,1.7471789121627808,250576800,0.0,0.0,5398.KL,Gamuda
2015-03-01 00:00:00+08:00,13.298257562318758,13.692179339725406,12.415329842573556,13.583511352539062,15000400,0.22,0.0,5681.KL,PETRONAS Dagangan
2015-03-01 00:00:00+08:00,3.583286650850904,3.5908465007218004,3.379175390491973,3.4698917865753174,76060600,0.045,0.0,1961.KL,IOI Corporation
2015-03-01 00:00:00+08:00,3.620399309023333,3.828679571168523,3.4795038891201284,3.810301780700684,210170600,0.05,0.0,1023.KL,CIMB
2015-03-01 00:00:00+08:00,4.530327026715527,4.646159141991842,4.465975851562018,4.626853942871094,75691700,0.0,0.0,6012.KL,Maxis
2015-03-01 00:00:00+08:00,0.8983822327902964,0.9097544545524792,0.835836812837542,0.8528949618339539,69571755,0.0,0.0,6742.KL,YTL Power
2015-03-01 00:00:00+08:00,17.149522152579713,17.361057179313573,16.409145236088314,17.2099609375,10058100,0.0,0.0,2445.KL,Kuala Lumpur Kepong
2015-03-01 00:00:00+08:00,4.211473761929294,4.290935453573525,4.079037293436214,4.171742916107178,209618400,0.0,0.0,6947.KL,Celcomdigi
2015-04-01 00:00:00+08:00,13.861832494320767,15.469200663861328,13.73818858740599,14.699861526489258,17157700,0.0,0.0,5681.KL,PETRONAS Dagangan
2015-04-01 00:00:00+08:00,5.200991691538555,5.848779824914177,5.200991691538555,5.699289798736572,83628700,0.0,0.0,3816.KL,MISC
2015-04-01 00:00:00+08:00,4.581806895942387,4.646158056055237,4.453104575716687,4.465974807739258,83625100,0.0,0.0,6012.KL,Maxis
2015-04-01 00:00:00+08:00,4.674386669288668,4.794243104089847,4.574506703842056,4.59947681427002,216629400,0.33,0.0,1155.KL,Maybank
2015-04-01 00:00:00+08:00,4.184988541047855,4.284315545424459,3.973090279155219,3.979712247848511,225007200,0.0,0.0,6947.KL,Celcomdigi
2015-04-01 00:00:00+08:00,0.4943732515412035,0.5213392143661597,0.4194687104439897,0.4239629209041595,304085040,0.0,0.0,8869.KL,Press Metal
2015-04-01 00:00:00+08:00,14.553043710876832,15.133650893634572,14.275362904479644,14.338471412658691,18393600,0.0,0.0,6033.KL,PETRONAS Gas
2015-04-01 00:00:00+08:00,8.894629855017262,9.177976821188196,8.771435649603012,8.845352172851562,195045500,0.0,0.0,5347.KL,Tenaga Nasional
2015-04-01 00:00:00+08:00,2.6029168890642387,2.737740350803127,2.586407950647944,2.6799588203430176,544671000,0.0,0.0,1295.KL,Public Bank
2015-04-01 00:00:00+08:00,1.757457112920757,1.8054188586662308,1.7403278363332153,1.7917155027389526,223097000,0.0,0.0,5398.KL,Gamuda
2015-04-01 00:00:00+08:00,17.149528787576,17.7841369952503,16.54513926356603,16.726455688476562,10095900,0.0,0.0,2445.KL,Kuala Lumpur Kepong
2015-04-01 00:00:00+08:00,3.9878438444012185,4.438766370609634,3.868067558875961,4.135802745819092,55654400,0.0,0.0,5183.KL,PETRONAS Chemicals
2015-04-01 00:00:00+08:00,3.853682666736887,3.903089103950609,3.6190034887699465,3.643706560134888,136891300,0.0,0.0,1023.KL,CIMB
2015-04-01 00:00:00+08:00,1.061115315048678,1.0930764063477187,1.029153581217163,1.0675071477890017,94507184,0.0,0.0,4677.KL,YTL Corporation
2015-04-01 00:00:00+08:00,4.514071437914756,4.712804683619324,4.400509914161008,4.485681056976318,21648707,0.0,0.0,1066.KL,RHB Bank
2015-04-01 00:00:00+08:00,5.048489089295588,5.105858229091463,4.833354473114014,4.833354473114014,226206900,0.0,0.0,6888.KL,Axiata
2015-04-01 00:00:00+08:00,0.8528949623374756,0.9097544550895692,0.847208520888675,0.9097544550895692,53498224,0.0,0.0,6742.KL,YTL Power
2015-04-01 00:00:00+08:00,10.16043683256844,10.688251997717746,9.949310313481543,10.120850563049316,7117800,0.0,0.0,4065.KL,PPB Group
2015-04-01 00:00:00+08:00,4.128453939673194,4.272622030632895,4.121900688391461,4.252962589263916,66526900,0.0,0.0,1015.KL,AMMB Holdings
2015-04-01 00:00:00+08:00,1.017458282489481,1.0985192618343107,1.0118679015770036,1.0593860149383545,110617976,0.0,0.0,5211.KL,Sunway
2015-04-01 00:00:00+08:00,56.46483094522477,57.84389298358239,56.388217686475336,56.77128982543945,335800,0.0,0.0,4707.KL,Nestlé Malaysia
2015-04-01 00:00:00+08:00,1.7546408020909985,1.7886745582245391,1.7130433320999143,1.7130433320999146,190906482,0.06,0.0,4197.KL,Sime Darby
2015-04-01 00:00:00+08:00,5.117900494302708,5.514307683293031,5.117900494302708,5.245316982269287,150112900,0.0,0.0,4863.KL,Telekom Malaysia
2015-04-01 00:00:00+08:00,1.2101709507543523,1.2811763537820742,1.1854738919717376,1.2317814826965332,66097683,0.0,0.0,7084.KL,QL Resources
2015-04-01 00:00:00+08:00,5.39352092775843,5.39352092775843,4.956690099884879,5.277626991271973,117851200,0.0,0.0,5225.KL,IHH Healthcare
2015-04-01 00:00:00+08:00,10.02810345917132,10.40731749337674,9.803383980164416,9.887654304504396,16144909,0.0,0.0,5819.KL,Hong Leong Bank
2015-04-01 00:00:00+08:00,3.5261891620636034,3.549086654987033,3.3124809265136714,3.312480926513672,83265200,0.0,0.0,1961.KL,IOI Corporation
2015-05-01 00:00:00+08:00,5.277627758137635,5.366776789505613,5.001265548348848,5.197393417358398,105092400,0.0,0.0,5225.KL,IHH Healthcare
2015-05-01 00:00:00+08:00,5.245316935961485,5.379812285285977,5.082506811783283,5.153294086456299,166525600,0.134,0.0,4863.KL,Telekom Malaysia
2015-05-01 00:00:00+08:00,4.833354772289535,4.897895229528349,4.5823645991732445,4.718616485595703,228008600,0.0,0.0,6888.KL,Axiata
2015-05-01 00:00:00+08:00,1.067507095683566,1.086683878033459,0.9971924412447724,1.0163692235946655,116472853,0.0,0.0,4677.KL,YTL Corporation
2015-05-01 00:00:00+08:00,14.338468867972042,14.818100908060554,13.114146211561348,13.820971488952637,21107800,0.14,0.0,6033.KL,PETRONAS Gas
2015-05-01 00:00:00+08:00,4.13580250330815,4.488085517272318,4.093528581948041,4.41058349609375,59174900,0.0,0.0,5183.KL,PETRONAS Chemicals
2015-05-01 00:00:00+08:00,1.7917153599652285,1.808844635187816,1.6889400353434565,1.7094950675964355,163994000,0.0,0.0,5398.KL,Gamuda
2015-05-01 00:00:00+08:00,4.765179265628714,4.873831580874581,4.66170098763821,4.672048568725586,161047800,0.0,0.0,1155.KL,Maybank
2015-05-01 00:00:00+08:00,4.252960901196687,4.252960901196687,4.069474312803969,4.128452301025391,46736300,0.0,0.0,1015.KL,AMMB Holdings
2015-05-01 00:00:00+08:00,9.887654916052629,9.971924552654803,9.480350748542252,9.592710494995115,13364900,0.0,0.0,5819.KL,Hong Leong Bank
2015-05-01 00:00:00+08:00,2.6799595476276674,2.723983614021061,2.5451362133026123,2.5451362133026123,464119000,0.0,0.0,1295.KL,Public Bank
2015-05-01 00:00:00+08:00,3.3124804494686577,3.4040696800856,3.0071826501356003,3.045344829559326,100116800,0.0,0.0,1961.KL,IOI Corporation
2015-05-01 00:00:00+08:00,3.6437062415992303,3.730166983818058,3.415202704207564,3.501663446426392,113732600,0.0,0.0,1023.KL,CIMB
2015-05-01 00:00:00+08:00,3.979711948554866,4.026064462910589,3.714839220046997,3.714839220046997,238366600,0.061,0.0,6947.KL,Celcomdigi
2015-05-01 00:00:00+08:00,1.7426911546855408,1.7580791668903204,1.5907347796644933,1.6003522872924805,252739973,0.0,0.0,4197.KL,Sime Darby
2015-05-01 00:00:00+08:00,8.845352225799745,8.845352225799745,7.995311322198613,8.22938060760498,185606200,0.1,0.0,5347.KL,Tenaga Nasional
2015-05-01 00:00:00+08:00,56.77131006168283,57.07776905113543,53.63011857153664,54.396263122558594,185400,1.75,0.0,4707.KL,Nestlé Malaysia
2015-05-01 00:00:00+08:00,0.423962988343151,0.4674073630658534,0.382016075623139,0.3910044729709625,338142560,0.005357,0.0,8869.KL,Press Metal
2015-05-01 00:00:00+08:00,10.120850900779518,10.595884640770176,9.76457597330918,10.068069458007812,6886320,0.133333,0.0,4065.KL,PPB Group
2015-05-01 00:00:00+08:00,0.9097544684299488,0.9495559596766876,0.8926963926320766,0.8983822464942932,80915584,0.0,0.0,6742.KL,YTL Power
2015-05-01 00:00:00+08:00,14.69986574432458,15.098273275267475,12.872686242740675,13.669501304626465,13081200,0.12,0.0,5681.KL,PETRONAS Dagangan
2015-05-01 00:00:00+08:00,1.2317814826965332,1.2811763537820742,1.1854738919717376,1.2317814826965332,52667253,0.0,0.0,7084.KL,QL Resources
2015-05-01 00:00:00+08:00,4.465975481991782,4.581807587682712,4.382318807789709,4.433799743652344,93722100,0.13,0.0,6012.KL,Maxis
2015-05-01 00:00:00+08:00,4.485680458492396,4.485680458492396,4.196098843210807,4.372118949890137,12944944,0.0,0.0,1066.KL,RHB Bank
2015-05-01 00:00:00+08:00,5.699291435172984,5.711749188439026,5.057731992431052,5.169849395751953,84863000,0.0,0.0,3816.KL,MISC
2015-05-01 00:00:00+08:00,1.0593862661272078,1.0649773118037853,0.9636153415766214,0.97519052028656,109386497,0.0,0.0,5211.KL,Sunway
2015-05-01 00:00:00+08:00,16.726448863954055,17.225069189260733,15.396794182811496,15.638550758361816,17996600,0.0,0.0,2445.KL,Kuala Lumpur Kepong
2015-06-01 00:00:00+08:00,4.656526903996616,4.85830991413554,4.641005285808497,4.728961944580078,176721400,0.0,0.0,1155.KL,Maybank
2015-06-01 00:00:00+08:00,55.94920988736016,56.89084913347151,55.6196307631045,56.10614776611328,425800,0.0,0.0,4707.KL,Nestlé Malaysia
2015-06-01 00:00:00+08:00,1.0099768065280683,1.0291535899772188,0.9588389315078282,0.9908000230789183,123922208,0.0,0.0,4677.KL,YTL Corporation
2015-06-01 00:00:00+08:00,5.240992750282331,5.240992750282331,4.671476370136843,4.714730739593506,187784300,0.0,0.0,4863.KL,Telekom Malaysia
2015-06-01 00:00:00+08:00,1.7266241596138905,1.7334758363045462,1.5758871090626003,1.5998680591583252,240277800,0.0,0.0,5398.KL,Gamuda
2015-06-01 00:00:00+08:00,14.09962053102377,14.09962053102377,13.261263726908224,13.502609252929688,22572700,0.0,0.0,6033.KL,PETRONAS Gas
2015-06-01 00:00:00+08:00,9.676980041134064,9.76125036989835,9.33990080492658,9.410125732421877,18456825,0.0,0.0,5819.KL,Hong Leong Bank
2015-06-01 00:00:00+08:00,3.0758749220247568,3.1445666667443435,2.984285504464825,3.0987720489501958,115569200,0.0,0.0,1961.KL,IOI Corporation
2015-06-01 00:00:00+08:00,10.172268062237206,10.292255195840612,9.772309933079736,10.07894515991211,9761640,0.0,0.0,4065.KL,PPB Group
2015-06-01 00:00:00+08:00,4.517944563109292,4.557288020369178,4.170410534309964,4.176967620849609,70529200,0.0,0.0,6012.KL,Maxis
2015-06-01 00:00:00+08:00,0.3995204957107339,0.4191936201181099,0.388927121393964,0.3934670090675354,92652000,0.0,0.0,8869.KL,Press Metal
2015-06-01 00:00:00+08:00,13.973743071601266,14.416038521325737,13.185906320182172,14.2225341796875,9095500,0.0,0.0,5681.KL,PETRONAS Dagangan
2015-06-01 00:00:00+08:00,3.7594918347834314,3.8999710954229903,3.5721863665837605,3.5855653285980225,249598000,0.0,0.0,6947.KL,Celcomdigi
2015-06-01 00:00:00+08:00,15.744315595025578,17.149518877266374,15.593217941095205,16.167387008666992,11462900,0.0,0.0,2445.KL,Kuala Lumpur Kepong
2015-06-01 00:00:00+08:00,8.28841554915949,8.3628623263245,7.630802055043377,7.841734886169434,190420000,0.0,0.0,5347.KL,Tenaga Nasional
2015-06-01 00:00:00+08:00,4.417629531028832,4.565588442170354,4.213305384397837,4.452857971191406,48768100,0.0,0.0,5183.KL,PETRONAS Chemicals
2015-06-01 00:00:00+08:00,4.732958565317179,4.740129878896775,4.496310688343378,4.589535713195801,208438400,0.14,0.0,6888.KL,Axiata
2015-06-01 00:00:00+08:00,3.501664223682817,3.507839845113044,3.2361057290538544,3.3781485557556152,194150400,0.0,0.0,1023.KL,CIMB
2015-06-01 00:00:00+08:00,4.366441774523931,4.366441774523931,4.037113175423517,4.1847429275512695,15874183,0.0,0.0,1066.KL,RHB Bank
2015-06-01 00:00:00+08:00,5.169848086189464,5.275736586054968,4.7525229617826446,4.808581352233887,66448100,0.0,0.0,3816.KL,MISC
2015-06-01 00:00:00+08:00,1.2286941572626815,1.2750017503457445,1.203997204868105,1.219433069229126,41876048,0.0,0.0,7084.KL,QL Resources
2015-06-01 00:00:00+08:00,0.9040686747694732,0.9268119429673468,0.8756382305353492,0.9097544550895692,53876019,0.0,0.0,6742.KL,YTL Power
2015-06-01 00:00:00+08:00,5.23305296254035,5.313287302286727,4.938860950265109,5.045839786529541,109356900,0.0,0.0,5225.KL,IHH Healthcare
2015-06-01 00:00:00+08:00,4.1546650531029785,4.193983611376607,3.85322246052904,3.951519012451172,60990900,0.0,0.0,1015.KL,AMMB Holdings
2015-06-01 00:00:00+08:00,0.9780842504561242,1.027277543818977,0.9751902492583948,0.9954466819763184,105496512,0.0,0.0,5211.KL,Sunway
2015-06-01 00:00:00+08:00,1.6022754454242305,1.6830626149358874,1.5888109376307125,1.638821721076965,201296158,0.0,0.0,4197.KL,Sime Darby
2015-06-01 00:00:00+08:00,2.5671476339305404,2.61392298830944,2.5231235780420977,2.575402021408081,461148000,0.0,0.0,1295.KL,Public Bank
2015-07-01 00:00:00+08:00,1.6101455030446554,1.675236513709948,1.5553320891609814,1.65125572681427,155591400,0.03,0.0,5398.KL,Gamuda
2015-07-01 00:00:00+08:00,7.878958476335419,7.978220852155325,7.444685286298116,7.568763256072998,201875200,0.0,0.0,5347.KL,Tenaga Nasional
2015-07-01 00:00:00+08:00,13.528010770182606,14.188533966905275,13.159642437053812,14.02340316772461,23749700,0.0,0.0,6033.KL,PETRONAS Gas
2015-07-01 00:00:00+08:00,0.9040687362205144,0.9211262252577176,0.8642666551820406,0.8926964402198792,46560166,0.0,0.0,6742.KL,YTL Power
2015-07-01 00:00:00+08:00,4.691041534673879,4.749679497061956,4.544446279193862,4.6690521240234375,150905600,0.0,0.0,6888.KL,Axiata
2015-07-01 00:00:00+08:00,10.092276333034455,10.318919633422729,9.905629761793088,10.292255401611328,9583440,0.0,0.0,4065.KL,PPB Group
2015-07-01 00:00:00+08:00,4.821039130109805,5.182305591393387,4.665320807349011,4.85841178894043,50570200,0.0,0.0,3816.KL,MISC
2015-07-01 00:00:00+08:00,3.098771901521123,3.297215599797757,3.0911396475568504,3.2361557483673096,76875000,0.0,0.0,1961.KL,IOI Corporation
2015-07-01 00:00:00+08:00,3.958072604379169,4.03670973394205,3.440377699375932,3.6631832122802734,56890900,0.0,0.0,1015.KL,AMMB Holdings
2015-07-01 00:00:00+08:00,4.19664009781075,4.373685836791992,4.098281284449161,4.373685836791992,61149300,0.0,0.0,6012.KL,Maxis
2015-07-01 00:00:00+08:00,2.5726504074326937,2.6386863233749724,2.5423839937930794,2.6139228343963623,445739000,0.0,0.0,1295.KL,Public Bank
2015-07-01 00:00:00+08:00,0.3919541566876838,0.4025475020347047,0.3556333505859211,0.3722801804542541,77050400,0.0,0.0,8869.KL,Press Metal
2015-07-01 00:00:00+08:00,9.536528587341309,9.662933712820934,9.283719722281605,9.536528587341309,10565644,0.0,0.0,5819.KL,Hong Leong Bank
2015-07-01 00:00:00+08:00,4.2244907883883,4.35508674549553,4.037114055904314,4.218812942504883,11970632,0.0,0.0,1066.KL,RHB Bank
2015-07-01 00:00:00+08:00,4.739310292188096,4.81691938252931,4.651353619188774,4.760005950927734,165842600,0.0,0.0,1155.KL,Maybank
2015-07-01 00:00:00+08:00,16.514918039375598,17.376171285455875,16.182503924354847,16.620685577392578,12769100,0.15,0.0,2445.KL,Kuala Lumpur Kepong
2015-07-01 00:00:00+08:00,5.019095257928975,5.3667766861140205,5.019095257928975,5.3578619956970215,114163500,0.03,0.0,5225.KL,IHH Healthcare
2015-07-01 00:00:00+08:00,3.3904985952952527,3.4769596129939786,3.2114012356794968,3.3225653171539307,165913000,0.0,0.0,1023.KL,CIMB
2015-07-01 00:00:00+08:00,4.772402336599167,4.945420125711958,4.678684381819535,4.721939086914063,103816700,0.0,0.0,4863.KL,Telekom Malaysia
2015-07-01 00:00:00+08:00,1.6407451025851474,1.684985993219047,1.6080458315428063,1.677291989326477,167767941,0.0,0.0,4197.KL,Sime Darby
2015-07-01 00:00:00+08:00,1.0012342983875768,1.0504282728956873,0.9780846025076204,1.0041282176971436,85089138,0.0,0.0,5211.KL,Sunway
2015-07-01 00:00:00+08:00,0.9908000793233318,1.035546124088926,0.9716232947855796,1.009976863861084,92064116,0.0,0.0,4677.KL,YTL Corporation
2015-07-01 00:00:00+08:00,3.5989440844826093,3.759491619458388,3.5119806768809303,3.612323045730591,271540800,0.0,0.0,6947.KL,Celcomdigi
2015-07-01 00:00:00+08:00,4.438766698711773,4.678318951506088,4.163985669502745,4.516268730163574,73269000,0.0,0.0,5183.KL,PETRONAS Chemicals
2015-07-01 00:00:00+08:00,56.10615012380811,56.90654291795726,56.01198380052139,56.49850082397461,372500,0.0,0.0,4707.KL,Nestlé Malaysia
2015-07-01 00:00:00+08:00,14.29164137854365,15.065656022771815,13.890812036818978,14.568075180053713,8573100,0.0,0.0,5681.KL,PETRONAS Dagangan
2015-07-01 00:00:00+08:00,1.2348686277045509,1.3305709630367428,1.1978222394774574,1.305873155593872,59991451,0.0,0.0,7084.KL,QL Resources
2015-08-01 00:00:00+08:00,1.6734452502525932,1.6926801402549816,1.2887448724430646,1.433007836341858,228865890,0.0,0.0,4197.KL,Sime Darby
2015-08-01 00:00:00+08:00,5.332637458322161,5.476036407866113,4.76800556354734,5.243013381958008,150884000,0.0,0.0,5225.KL,IHH Healthcare
2015-08-01 00:00:00+08:00,3.669736380465802,3.7876923946886007,2.7326430798439665,3.0799572467803955,135147000,0.153,0.0,1015.KL,AMMB Holdings
2015-08-01 00:00:00+08:00,7.568762459422532,7.593578050765542,6.365205391810983,6.935964584350586,182262400,0.0,0.0,5347.KL,Tenaga Nasional
2015-08-01 00:00:00+08:00,4.6470630317501085,5.020880214224646,4.0973316137800415,4.500467777252197,146676500,0.0,0.0,6888.KL,Axiata
2015-08-01 00:00:00+08:00,4.721939900843882,4.801239405090941,4.325441004587923,4.678685188293457,138988400,0.0,0.0,4863.KL,Telekom Malaysia
2015-08-01 00:00:00+08:00,14.56808147903758,14.858337425659824,13.033872228686224,14.623368263244627,13951600,0.14,0.0,5681.KL,PETRONAS Dagangan
2015-08-01 00:00:00+08:00,3.612323742316515,3.6792185614561497,3.2510913999828293,3.498602390289306,251809900,0.059,0.0,6947.KL,Celcomdigi
2015-08-01 00:00:00+08:00,10.105607401531625,10.41224182827964,9.545666241258743,10.225594520568848,13699680,0.0,0.0,4065.KL,PPB Group
2015-08-01 00:00:00+08:00,4.218812841562521,4.275593615580698,3.4125251555416454,3.6793951988220215,24948422,0.0,0.0,1066.KL,RHB Bank
2015-08-01 00:00:00+08:00,56.49849124924563,57.51860529151968,56.10614061557031,56.6240463256836,819100,0.65,0.0,4707.KL,Nestlé Malaysia
2015-08-01 00:00:00+08:00,3.3225662785618626,3.3349178140237203,2.766746593810604,3.0878868103027344,175071700,0.0,0.0,1023.KL,CIMB
2015-08-01 00:00:00+08:00,0.8870106685108122,0.904068820262486,0.8301511666082425,0.8813248872756958,73760343,0.0,0.0,6742.KL,YTL Power
2015-08-01 00:00:00+08:00,13.743953746523992,14.569607910254462,12.82938465785694,13.540716171264648,30231700,0.14,0.0,6033.KL,PETRONAS Gas
2015-08-01 00:00:00+08:00,9.480348433614626,9.564618049639703,8.637650887464401,9.185404777526855,18498004,0.0,0.0,5819.KL,Hong Leong Bank
2015-08-01 00:00:00+08:00,16.715446132700507,16.82191493102627,14.905493967268438,15.833284378051758,15759600,0.0,0.0,2445.KL,Kuala Lumpur Kepong
2015-08-01 00:00:00+08:00,4.749657550406251,4.765179168432391,4.232265677583726,4.532352924346924,302384500,0.0,0.0,1155.KL,Maybank
2015-08-01 00:00:00+08:00,4.438766444356325,4.61490796459327,3.642606692254146,4.276716232299805,112177900,0.08,0.0,5183.KL,PETRONAS Chemicals
2015-08-01 00:00:00+08:00,1.0012339513166384,1.015703045269886,0.9607218317103078,0.9838715195655824,95571211,0.0,0.0,5211.KL,Sunway
2015-08-01 00:00:00+08:00,1.009976930927672,1.0291537167388412,0.920485558302973,0.9971926212310792,169783315,0.0,0.0,4677.KL,YTL Corporation
2015-08-01 00:00:00+08:00,0.3707674613513035,0.3768200874871973,0.2118671207721734,0.2602931559085846,212110640,0.002679,0.0,8869.KL,Press Metal
2015-08-01 00:00:00+08:00,2.613923096014368,2.6441896766852997,2.344276316594242,2.476348161697388,716727000,0.048,0.0,1295.KL,Public Bank
2015-08-01 00:00:00+08:00,1.6720697546816146,1.6720697546816146,1.3078221408205266,1.505556583404541,210951400,0.0,0.0,5398.KL,Gamuda
2015-08-01 00:00:00+08:00,4.833498142085463,5.387855135570086,4.833498142085463,5.0452752113342285,94351700,0.075,0.0,3816.KL,MISC
2015-08-01 00:00:00+08:00,3.1979940398165354,3.2666861514222774,2.824004281198711,3.052977561950684,109694600,0.0,0.0,1961.KL,IOI Corporation
2015-08-01 00:00:00+08:00,4.373685047490151,4.721219062595868,4.0786086606566645,4.308112621307373,71884300,0.05,0.0,6012.KL,Maxis
2015-08-01 00:00:00+08:00,1.308960751923144,1.3243966161938037,1.145341128882967,1.1916487216949463,114517547,0.01453,0.0,7084.KL,QL Resources
2015-09-01 00:00:00+08:00,5.565659307110448,5.7807570448919074,5.108575973283024,5.350561141967773,135106700,0.0,0.0,5225.KL,IHH Healthcare
2015-09-01 00:00:00+08:00,0.9722971957781248,1.0272777565539568,0.8970595346510127,0.9115280508995056,100340338,0.108151,0.0,5211.KL,Sunway
2015-09-01 00:00:00+08:00,4.66687426304537,4.734134762691683,4.252960725229701,4.4288740158081055,322073400,0.0,0.0,1155.KL,Maybank
2015-09-01 00:00:00+08:00,3.221034050670014,3.3905621586000145,2.881977834810012,3.0921926498413086,175916200,0.0,0.0,1015.KL,AMMB Holdings
2015-09-01 00:00:00+08:00,0.266016892066113,0.368448900571016,0.2537859649454841,0.3149397075176239,232290240,0.0,0.0,8869.KL,Press Metal
2015-09-01 00:00:00+08:00,9.410123638301462,9.536528063893137,9.002819565239765,9.213494300842283,25486524,0.0,0.0,5819.KL,Hong Leong Bank
2015-09-01 00:00:00+08:00,3.0682428874520005,3.587249018463895,2.8850641994561346,3.106405258178711,120863500,0.045,0.0,1961.KL,IOI Corporation
2015-09-01 00:00:00+08:00,1.4753246365966832,1.5811172080070923,1.3753025690813874,1.4984065294265747,223537219,0.0,0.0,4197.KL,Sime Darby
2015-09-01 00:00:00+08:00,57.13991471843056,57.80506600272945,56.45892304659824,57.09239959716797,215500,0.0,0.0,4707.KL,Nestlé Malaysia
2015-09-01 00:00:00+08:00,3.1805234154710997,3.199050571083889,2.754395008087158,2.754395008087158,251417500,0.03,0.0,1023.KL,CIMB
2015-09-01 00:00:00+08:00,15.833283067192143,17.491139091416493,15.2401062350262,16.50251007080078,13152600,0.0,0.0,2445.KL,Kuala Lumpur Kepong
2015-09-01 00:00:00+08:00,2.580977236736395,2.6311474392622944,2.4109560871386235,2.441615581512451,783527000,0.0,0.0,1295.KL,Public Bank
2015-09-01 00:00:00+08:00,1.5055571030250356,1.675539271216366,1.4882119095534196,1.5229021310806274,189003600,0.0,0.0,5398.KL,Gamuda
2015-09-01 00:00:00+08:00,10.265594348891636,10.625556604483071,9.945628069001424,10.278926849365234,13551360,0.066667,0.0,4065.KL,PPB Group
2015-09-01 00:00:00+08:00,5.212548480918336,5.558375099966834,5.061642516127101,5.533224105834961,123500300,0.0,0.0,3816.KL,MISC
2015-09-01 00:00:00+08:00,4.467332246705637,4.559850870508855,4.216209952694333,4.328554153442383,70628500,0.0,0.0,6012.KL,Maxis
2015-09-01 00:00:00+08:00,3.713462544488343,3.730496946365224,3.3216753552685483,3.378456115722656,25810005,0.0,0.0,1066.KL,RHB Bank
2015-09-01 00:00:00+08:00,1.2203838991894196,1.3202612123728463,1.1798079312723342,1.248474359512329,45003461,0.0,0.0,7084.KL,QL Resources
2015-09-01 00:00:00+08:00,14.014599125121634,14.219191617252724,13.183441820972217,14.040172576904297,32580500,0.0,0.0,6033.KL,PETRONAS Gas
2015-09-01 00:00:00+08:00,7.134491756668024,8.189155637149705,6.799480863064418,7.457095146179199,232429700,0.0,0.0,5347.KL,Tenaga Nasional
2015-09-01 00:00:00+08:00,3.638625858531464,3.9564982291110353,3.34780611944088,3.75360107421875,226696800,0.0,0.0,6947.KL,Celcomdigi
2015-09-01 00:00:00+08:00,4.42290717032334,4.465778604036667,4.1513877494270615,4.387180805206299,74439500,0.0,0.0,5183.KL,PETRONAS Chemicals
2015-09-01 00:00:00+08:00,4.757984180631964,5.118437532857947,4.548921263841302,4.815656661987305,117354400,0.093,0.0,4863.KL,Telekom Malaysia
2015-09-01 00:00:00+08:00,4.632404610000054,4.691042585523741,4.155970534605238,4.251257419586182,219626400,0.08,0.0,6888.KL,Axiata
2015-09-01 00:00:00+08:00,14.87862278138961,15.86681952199063,14.321892784156226,15.18482494354248,15175700,0.0,0.0,5681.KL,PETRONAS Dagangan
2015-09-01 00:00:00+08:00,1.0035849201129792,1.0355460099764262,0.990799970141644,1.0227617025375366,150670083,0.0,0.0,4677.KL,YTL Corporation
2015-09-01 00:00:00+08:00,0.8870107107481404,0.9211263547471822,0.8813249292422808,0.9154404997825624,69746455,0.0,0.0,6742.KL,YTL Power
2015-10-01 00:00:00+08:00,9.25562903756137,10.070236484414751,9.143269318035069,9.817427635192873,25742400,0.251283,0.0,5819.KL,Hong Leong Bank
2015-10-01 00:00:00+08:00,1.022761874026935,1.029153707551894,0.958839041049472,0.9652315974235536,189258594,0.090133,0.0,4677.KL,YTL Corporation
2015-10-01 00:00:00+08:00,14.065744681875325,15.101495508651722,13.835577560487852,14.692309379577637,36332600,0.0,0.0,6033.KL,PETRONAS Gas
2015-10-01 00:00:00+08:00,10.454596490646267,10.856696355671126,10.213336418242427,10.360773086547852,13949400,0.0,0.0,4065.KL,PPB Group
2015-10-01 00:00:00+08:00,2.458338634537537,2.619997998181511,2.436040733989413,2.519657611846924,666317000,0.0,0.0,1295.KL,Public Bank
2015-10-01 00:00:00+08:00,4.34837851515098,4.573066870136329,4.29551074106426,4.354987144470215,103521900,0.0,0.0,6012.KL,Maxis
2015-10-01 00:00:00+08:00,3.3500660454140787,3.61693576006391,3.3387094868778027,3.463627576828003,15608523,0.0,0.0,1066.KL,RHB Bank
2015-10-01 00:00:00+08:00,1.4618602060826078,1.7503849011170782,1.4599367048423633,1.608046054840088,324854733,0.0,0.0,4197.KL,Sime Darby
2015-10-01 00:00:00+08:00,3.713022551623991,3.929446577751089,3.5371782924243385,3.557468175888061,248174700,0.0,0.0,6947.KL,Celcomdigi
2015-10-01 00:00:00+08:00,3.0989744102952232,3.4244684409681336,3.0786308919128675,3.24137806892395,106984300,0.0,0.0,1015.KL,AMMB Holdings
2015-10-01 00:00:00+08:00,4.309693290449065,4.852120200926474,4.250248949394545,4.584621906280518,200486200,0.0,0.0,6888.KL,Axiata
2015-10-01 00:00:00+08:00,0.9154403360046872,0.921126189952073,0.8472085460023662,0.8585807681083679,95754288,0.092272,0.0,6742.KL,YTL Power
2015-10-01 00:00:00+08:00,3.1427614835154354,3.629232862429792,3.1195960044229425,3.289475202560425,128972100,0.0,0.0,1961.KL,IOI Corporation
2015-10-01 00:00:00+08:00,57.12405307563377,58.53354497476606,56.221344644923526,57.26658630371094,313600,0.0,0.0,4707.KL,Nestlé Malaysia
2015-10-01 00:00:00+08:00,1.5298397512394026,1.7345122496287029,1.5020875817119,1.5610610246658323,167014000,0.0,0.0,5398.KL,Gamuda
2015-10-01 00:00:00+08:00,0.9858214180723494,0.9858214180723494,0.9420073819606471,0.9701736569404602,57289354,0.020798,0.0,5211.KL,Sunway
2015-10-01 00:00:00+08:00,15.170908808117382,16.70191853841146,15.003889782015175,15.658048629760742,13988200,0.0,0.0,5681.KL,PETRONAS Dagangan
2015-10-01 00:00:00+08:00,5.251974972886356,5.897268623468946,5.251974972886356,5.655283451080322,172519800,0.0,0.0,5225.KL,IHH Healthcare
2015-10-01 00:00:00+08:00,4.848451914400546,5.119029082198709,4.848451914400546,4.87039041519165,168420400,0.0,0.0,4863.KL,Telekom Malaysia
2015-10-01 00:00:00+08:00,4.3871812420200325,4.787315003895979,4.315728845383595,4.5372314453125,105449200,0.0,0.0,5183.KL,PETRONAS Chemicals
2015-10-01 00:00:00+08:00,7.494316267610101,7.990628724678073,7.419869487797467,7.854142665863037,204318300,0.0,0.0,5347.KL,Tenaga Nasional
2015-10-01 00:00:00+08:00,4.403005300244349,4.516831165896202,4.273657321929932,4.273657321929932,239667800,0.24,0.0,1155.KL,Maybank
2015-10-01 00:00:00+08:00,1.2422312210185174,1.320260861345715,1.2359893939510662,1.260958552360535,53354043,0.0,0.0,7084.KL,QL Resources
2015-10-01 00:00:00+08:00,5.577236290684078,5.879048716826004,5.413754584842484,5.677840232849121,110500000,0.0,0.0,3816.KL,MISC
2015-10-01 00:00:00+08:00,16.259154248946608,18.02347910339993,16.259154248946608,17.323833465576172,24730800,0.0,0.0,2445.KL,Kuala Lumpur Kepong
2015-10-01 00:00:00+08:00,0.3149397399973579,0.3638625604942792,0.313410641123643,0.356218010187149,206179120,0.0,0.0,8869.KL,Press Metal
2015-10-01 00:00:00+08:00,2.795940879848314,3.1625198900121423,2.771088095728925,2.864286184310913,276804400,0.0,0.0,1023.KL,CIMB
2015-11-01 00:00:00+08:00,1.02656737355616,1.0741560459136963,0.985776619253804,1.0741560459136963,179887587,0.0,0.0,4677.KL,YTL Corporation
2015-11-01 00:00:00+08:00,57.076547989434864,59.784673470218166,56.87066530312893,58.20097351074219,76700,0.65,0.0,4707.KL,Nestlé Malaysia
2015-11-01 00:00:00+08:00,1.588813430424314,1.6235036474915692,1.5263710397032548,1.574937343597412,103968200,0.0,0.0,5398.KL,Gamuda
2015-11-01 00:00:00+08:00,4.35498678028947,4.447505377204469,4.242642612191447,4.335161209106445,82575600,0.05,0.0,6012.KL,Maxis
2015-11-01 00:00:00+08:00,4.863078826243744,4.899643118948576,4.614440101543327,4.760698318481445,154015100,0.0,0.0,4863.KL,Telekom Malaysia
2015-11-01 00:00:00+08:00,17.56719400246985,17.871387542885202,16.95880547112993,17.44551658630371,15762800,0.0,0.0,2445.KL,Kuala Lumpur Kepong
2015-11-01 00:00:00+08:00,4.48006915110844,5.001672113741372,4.48006915110844,4.8158955574035645,187166300,0.0,0.0,5183.KL,PETRONAS Chemicals
2015-11-01 00:00:00+08:00,2.5140832199067784,2.561466217041016,2.4722747809758467,2.561466217041016,434077000,0.0,0.0,1295.KL,Public Bank
2015-11-01 00:00:00+08:00,1.260958619491544,1.3670786094909222,1.2484740940380303,1.3577154874801636,47342583,0.0,0.0,7084.KL,QL Resources
2015-11-01 00:00:00+08:00,0.909006396167288,0.951426324075089,0.8968859246467417,0.9393065571784972,57686487,0.0,0.0,6742.KL,YTL Power
2015-11-01 00:00:00+08:00,15.310091247558594,17.815379171719833,15.310091247558594,17.397830963134766,13178300,0.14,0.0,5681.KL,PETRONAS Dagangan
2015-11-01 00:00:00+08:00,2.864286668868974,2.951271428002251,2.7835149586823413,2.7959413528442383,206353600,0.0,0.0,1023.KL,CIMB
2015-11-01 00:00:00+08:00,5.69041701907997,5.916775928477164,5.608676151885924,5.809884071350098,89852200,0.0,0.0,3816.KL,MISC
2015-11-01 00:00:00+08:00,7.841733421883403,8.784726348205616,7.8045097444264755,8.288414001464844,297461300,0.0,0.0,5347.KL,Tenaga Nasional
2015-11-01 00:00:00+08:00,1.6080463616086895,1.6330517597516172,1.5099477796418472,1.5214886665344238,223790699,0.0,0.0,4197.KL,Sime Darby
2015-11-01 00:00:00+08:00,5.646320770670226,5.986892164589341,5.529809290648882,5.682170391082764,128973700,0.0,0.0,5225.KL,IHH Healthcare
2015-11-01 00:00:00+08:00,4.569761166894405,4.651496830421625,4.473164505845338,4.554900169372559,153408000,0.0,0.0,6888.KL,Axiata
2015-11-01 00:00:00+08:00,3.2345968098347018,3.2820648041427,3.0379441986789706,3.112536668777466,66340000,0.0,0.0,1015.KL,AMMB Holdings
2015-11-01 00:00:00+08:00,3.463627897619914,3.740768896456383,3.352117653990631,3.376408338546753,33236565,0.0,0.0,1066.KL,RHB Bank
2015-11-01 00:00:00+08:00,14.51329555237266,15.114285747515073,14.270341031385254,14.653952598571776,26235700,0.15,0.0,6033.KL,PETRONAS Gas
2015-11-01 00:00:00+08:00,10.320561530982278,10.789677720180942,10.213335017276556,10.588627815246582,8659800,0.0,0.0,4065.KL,PPB Group
2015-11-01 00:00:00+08:00,0.9861828898545548,0.9925451142496396,0.9607333540916444,0.9607333540916444,46779150,0.0,0.0,5211.KL,Sunway
2015-11-01 00:00:00+08:00,4.400072634544185,4.511803127134428,4.35218784777431,4.426674842834473,171368400,0.0,0.0,1155.KL,Maybank
2015-11-01 00:00:00+08:00,0.3531607581383771,0.3638626147578298,0.304237930345498,0.3195261657238006,113045520,0.0,0.0,8869.KL,Press Metal
2015-11-01 00:00:00+08:00,9.774231440365158,10.160621289922236,9.545259625363746,10.039283752441406,27720278,0.0,0.0,5819.KL,Hong Leong Bank
2015-11-01 00:00:00+08:00,3.5709948165811967,3.60481086053278,3.3816237449646,3.3816237449646,188394300,0.051,0.0,6947.KL,Celcomdigi
2015-11-01 00:00:00+08:00,3.320362004210007,3.6292325800597816,3.1350392904973723,3.358970642089844,70322400,0.0,0.0,1961.KL,IOI Corporation
2015-12-01 00:00:00+08:00,3.358970299697286,3.482518885646191,3.150482498149254,3.443909883499145,77668700,0.0,0.0,1961.KL,IOI Corporation
2015-12-01 00:00:00+08:00,17.475935835391397,17.65845196611894,16.51772506118985,17.399887084960938,18240300,0.0,0.0,2445.KL,Kuala Lumpur Kepong
2015-12-01 00:00:00+08:00,5.791021905366503,5.910488976751176,5.552087162950163,5.891625881195068,78645500,0.0,0.0,3816.KL,MISC
2015-12-01 00:00:00+08:00,2.536381793087308,2.608849739892537,2.522445476949212,2.580977439880371,403603500,0.0,0.0,1295.KL,Public Bank
2015-12-01 00:00:00+08:00,4.368254197999316,4.587998643828936,4.268370272388876,4.528068542480469,70236200,0.0,0.0,6012.KL,Maxis
2015-12-01 00:00:00+08:00,4.753383838216894,4.987396706555635,4.665629143354676,4.9581451416015625,103527200,0.0,0.0,4863.KL,Telekom Malaysia
2015-12-01 00:00:00+08:00,4.554899809377378,4.814967422612389,4.391428495242846,4.762953758239746,180693100,0.0,0.0,6888.KL,Axiata
2015-12-01 00:00:00+08:00,5.744908119194351,5.986893317249119,5.5746221757689565,5.897269248962402,169148800,0.0,0.0,5225.KL,IHH Healthcare
2015-12-01 00:00:00+08:00,9.98005287242878,10.068896697425412,9.343343500368547,9.950438499450684,29371400,0.0,0.0,5819.KL,Hong Leong Bank
2015-12-01 00:00:00+08:00,1.538799687338883,1.5464941829153114,1.3560675697033169,1.4907124042510986,249474464,0.19,0.0,4197.KL,Sime Darby
2015-12-01 00:00:00+08:00,1.0605595671920989,1.0809549484123495,0.9857768159256632,1.0673582553863523,162634771,0.0,0.0,4677.KL,YTL Corporation
2015-12-01 00:00:00+08:00,8.238783805048358,8.462124713031072,7.940996716605209,8.263599395751953,222012000,0.19,0.0,5347.KL,Tenaga Nasional
2015-12-01 00:00:00+08:00,17.782404526625328,17.796406740641576,16.592244377061306,17.404354095458984,7595500,0.0,0.0,5681.KL,PETRONAS Dagangan
2015-12-01 00:00:00+08:00,4.858767043261158,5.2517553386630205,4.715861929805327,5.19459342956543,211249400,0.0,0.0,5183.KL,PETRONAS Chemicals
2015-12-01 00:00:00+08:00,3.098974297622155,3.241377951073344,2.90232169492275,3.071849822998047,67200800,0.05,0.0,1015.KL,AMMB Holdings
2015-12-01 00:00:00+08:00,59.11814044426151,59.59747549911872,57.77599863361577,58.6388053894043,186700,0.0,0.0,4707.KL,Nestlé Malaysia
2015-12-01 00:00:00+08:00,3.421752894449718,3.7495851794690473,3.414922892342269,3.688116788864136,155498300,0.0,0.0,6947.KL,Celcomdigi
2015-12-01 00:00:00+08:00,10.642240528072676,10.789677168617278,10.253544627495533,10.655644416809082,9943320,0.0,0.0,4065.KL,PPB Group
2015-12-01 00:00:00+08:00,4.442637025146315,4.527765314207024,4.352188091168153,4.469239234924316,152244200,0.0,0.0,1155.KL,Maybank
2015-12-01 00:00:00+08:00,0.9271862159709398,0.9332460611251516,0.8787057323228901,0.8968860507011414,68084853,0.0,0.0,6742.KL,YTL Power
2015-12-01 00:00:00+08:00,14.544459885246788,15.123663784693788,13.566248145851109,14.608816146850586,28465800,0.0,0.0,6033.KL,PETRONAS Gas
2015-12-01 00:00:00+08:00,1.5957515728143523,1.6581941328244183,1.491680915157598,1.6165657043457031,134457200,0.0,0.0,5398.KL,Gamuda
2015-12-01 00:00:00+08:00,3.3764086834833207,3.704333248059799,3.3642633399644817,3.4432082176208496,23385900,0.0,0.0,1066.KL,RHB Bank
2015-12-01 00:00:00+08:00,1.3733214469279815,1.3733214469279815,1.295291800710752,1.338988184928894,42017912,0.0,0.0,7084.KL,QL Resources
2015-12-01 00:00:00+08:00,0.967095490513626,0.983001461814125,0.9352829097300546,0.9798206686973572,63952136,0.0,0.0,5211.KL,Sunway
2015-12-01 00:00:00+08:00,0.3179970921372261,0.3348143755869253,0.3103534082061006,0.3195261657238006,31434480,0.002679,0.0,8869.KL,Press Metal
2015-12-01 00:00:00+08:00,2.795941081202008,2.864286390586592,2.733809116429012,2.820793867111206,149974100,0.0,0.0,1023.KL,CIMB
2016-01-01 00:00:00+08:00,5.194593049631105,5.444676553997797,4.873057164118476,5.137431144714356,169699000,0.0,0.0,5183.KL,PETRONAS Chemicals
2016-01-01 00:00:00+08:00,1.067358199019912,1.087753579163097,1.0129700630631029,1.0605595111846924,128110383,0.0,0.0,4677.KL,YTL Corporation
2016-01-01 00:00:00+08:00,3.6881179283334458,3.6881179283334458,3.2510077542537306,3.332965850830078,197290900,0.0,0.0,6947.KL,Celcomdigi
2016-01-01 00:00:00+08:00,2.580976912009872,2.580976912009872,2.475062127172901,2.564253568649292,509503500,0.0,0.0,1295.KL,Public Bank
2016-01-01 00:00:00+08:00,0.8968860293731403,0.909006502308954,0.8484055468779593,0.8908261060714722,57275203,0.0,0.0,6742.KL,YTL Power
2016-01-01 00:00:00+08:00,14.608818198229317,14.840499054044722,13.424667237417191,14.724658012390137,18712600,0.0,0.0,6033.KL,PETRONAS Gas
2016-01-01 00:00:00+08:00,9.95043976045272,9.95043976045272,9.5062241094866,9.683910369873049,18181500,0.0,0.0,5819.KL,Hong Leong Bank
2016-01-01 00:00:00+08:00,4.469239065034203,4.5756499297197,4.352187925727528,4.565008640289307,175243500,0.0,0.0,1155.KL,Maybank
2016-01-01 00:00:00+08:00,2.82079386189046,2.82079386189046,2.441788581208074,2.578479051589966,266412900,0.0,0.0,1023.KL,CIMB
2016-01-01 00:00:00+08:00,1.6165654237449056,1.640848655691111,1.5194328267920532,1.585344314575195,87432600,0.03,0.0,5398.KL,Gamuda
2016-01-01 00:00:00+08:00,8.385785017702561,8.612428245466521,7.932499762971638,8.562063217163086,182968200,0.0,0.0,5347.KL,Tenaga Nasional
2016-01-01 00:00:00+08:00,5.891626828376972,5.90420262720082,5.432620964954185,5.51436185836792,89034800,0.0,0.0,3816.KL,MISC
2016-01-01 00:00:00+08:00,58.63882124860931,59.91705043895824,58.31926242725269,59.11815643310547,266300,0.0,0.0,4707.KL,Nestlé Malaysia
2016-01-01 00:00:00+08:00,3.443207499899589,3.491788863848376,3.042410957754332,3.309608459472656,35772500,0.0,0.0,1066.KL,RHB Bank
2016-01-01 00:00:00+08:00,0.979820327214988,0.979820327214988,0.9289204527399,0.938464105129242,42602862,0.0,0.0,5211.KL,Sunway
2016-01-01 00:00:00+08:00,17.404354181166003,17.88041877746582,16.15818516940028,17.88041877746582,10766800,0.0,0.0,5681.KL,PETRONAS Dagangan
2016-01-01 00:00:00+08:00,10.655645371589276,11.191777960750228,10.400982200001684,11.111357688903809,10587480,0.0,0.0,4065.KL,PPB Group
2016-01-01 00:00:00+08:00,3.104738886803915,3.1115924447715915,2.912834361540766,2.9882254600524902,67296900,0.0,0.0,1015.KL,AMMB Holdings
2016-01-01 00:00:00+08:00,3.4439087197595137,3.7450575828552246,3.258586087560347,3.7450575828552246,93955900,0.0,0.0,1961.KL,IOI Corporation
2016-01-01 00:00:00+08:00,4.958145428546686,4.958145428546686,4.709506763341324,4.753384113311768,116479200,0.0,0.0,4863.KL,Telekom Malaysia
2016-01-01 00:00:00+08:00,1.3389884735627655,1.451351297168387,1.320261245602015,1.4201394319534302,35458014,0.0,0.0,7084.KL,QL Resources
2016-01-01 00:00:00+08:00,4.762954559976248,4.762954559976248,3.915876916964754,4.168514251708984,236292300,0.0,0.0,6888.KL,Axiata
2016-01-01 00:00:00+08:00,17.399879063141277,18.221201998017538,16.882750989744714,18.175573348999023,13984300,0.0,0.0,2445.KL,Kuala Lumpur Kepong
2016-01-01 00:00:00+08:00,0.3217820488997458,0.3217820488997458,0.2802123185529119,0.2863700985908508,34101200,0.0,0.0,8869.KL,Press Metal
2016-01-01 00:00:00+08:00,1.5959860569515811,1.6783597165413116,1.4415359544700732,1.661885142326355,213143266,0.0,0.0,4197.KL,Sime Darby
2016-01-01 00:00:00+08:00,4.52806903898402,4.52806903898402,3.702362189924032,3.808904886245728,134343600,0.0,0.0,6012.KL,Maxis
2016-01-01 00:00:00+08:00,5.897268320509373,5.915193131344673,5.700095401321071,5.879343509674072,113644100,0.0,0.0,5225.KL,IHH Healthcare
2016-02-01 00:00:00+08:00,5.879344205246693,6.004817895938317,5.735945701599121,5.735945701599121,119286400,0.0,0.0,5225.KL,IHH Healthcare
2016-02-01 00:00:00+08:00,5.514360119504271,5.759582122771618,5.2817127118013945,5.501784324645996,90722600,0.125,0.0,3816.KL,MISC
2016-02-01 00:00:00+08:00,3.309608897060615,3.382481242186558,3.176010128537368,3.2185189723968506,20173600,0.0,0.0,1066.KL,RHB Bank
2016-02-01 00:00:00+08:00,2.5784788527122227,2.808367252349853,2.4977071567524427,2.808367252349853,184747300,0.0,0.0,1023.KL,CIMB
2016-02-01 00:00:00+08:00,0.9384643809752592,0.9575517825332748,0.9193769794172436,0.9543702602386476,29998984,0.0,0.0,5211.KL,Sunway
2016-02-01 00:00:00+08:00,8.562064194926187,8.562064194926187,8.209508356142775,8.259873390197754,168135700,0.0,0.0,5347.KL,Tenaga Nasional
2016-02-01 00:00:00+08:00,0.8908257657180783,0.8968856867044624,0.8544657700505948,0.8847659230232239,57810036,0.0,0.0,6742.KL,YTL Power
2016-02-01 00:00:00+08:00,2.5642533100001774,2.592125601500403,2.522444706617877,2.57540225982666,515389000,0.064,0.0,1295.KL,Public Bank
2016-02-01 00:00:00+08:00,59.11815485450579,60.07682519789925,59.11815485450579,59.277931213378906,102100,0.0,0.0,4707.KL,Nestlé Malaysia
2016-02-01 00:00:00+08:00,0.2863700276413234,0.3402570006042326,0.2832911383851633,0.3264007270336151,30559760,0.0,0.0,8869.KL,Press Metal
2016-02-01 00:00:00+08:00,1.6618851106036892,1.6721818014284635,1.5156717066344236,1.538324952125549,167786948,0.0,0.0,4197.KL,Sime Darby
2016-02-01 00:00:00+08:00,4.168514314915563,4.517747970315471,4.138792316767237,4.398859977722168,198695200,0.0,0.0,6888.KL,Axiata
2016-02-01 00:00:00+08:00,18.175581831918134,18.84480909890532,17.44551730485132,18.099533081054688,26443900,0.3,0.0,2445.KL,Kuala Lumpur Kepong
2016-02-01 00:00:00+08:00,2.988225570073258,3.125300002585745,2.9265419120370257,2.9676642417907715,34482000,0.0,0.0,1015.KL,AMMB Holdings
2016-02-01 00:00:00+08:00,4.565008773330423,4.639496279300189,4.447957123207826,4.527765274047852,182804700,0.0,0.0,1155.KL,Maybank
2016-02-01 00:00:00+08:00,9.683910600346197,10.216970100254574,9.595067468038543,9.72833251953125,16811900,0.0,0.0,5819.KL,Hong Leong Bank
2016-02-01 00:00:00+08:00,3.808904557525877,4.241734700261654,3.808904557525877,4.07526159286499,99737800,0.05,0.0,6012.KL,Maxis
2016-02-01 00:00:00+08:00,3.745058805098137,3.8531634943773354,3.4979623724599698,3.629232168197632,133537000,0.0,0.0,1961.KL,IOI Corporation
2016-02-01 00:00:00+08:00,1.6065291551979812,1.6768367071781534,1.5291906803933657,1.5608291625976562,155092200,0.0,0.0,5398.KL,Gamuda
2016-02-01 00:00:00+08:00,1.0605595671920989,1.0877536366066032,1.0333654977775943,1.0673582553863523,115044052,0.0,0.0,4677.KL,YTL Corporation
2016-02-01 00:00:00+08:00,3.33296550340392,3.469562316792404,3.2646670967096783,3.367114543914795,165002800,0.049,0.0,6947.KL,Celcomdigi
2016-02-01 00:00:00+08:00,5.137431313462777,5.137431313462777,4.787314123279699,4.82304048538208,102342400,0.0,0.0,5183.KL,PETRONAS Chemicals
2016-02-01 00:00:00+08:00,4.753385309065981,4.972772462813073,4.753385309065981,4.82651424407959,83200600,0.0,0.0,4863.KL,Telekom Malaysia
2016-02-01 00:00:00+08:00,1.4201390231957818,1.451350879427051,1.3826844692230225,1.3826844692230225,15361803,0.0,0.0,7084.KL,QL Resources
2016-02-01 00:00:00+08:00,17.880418969602648,18.412489757311462,17.0963123316258,17.292339324951172,12914500,0.0,0.0,5681.KL,PETRONAS Dagangan
2016-02-01 00:00:00+08:00,11.111356927128831,11.111356927128831,10.454594742169254,10.722661018371582,9930120,0.0,0.0,4065.KL,PPB Group
2016-02-01 00:00:00+08:00,14.724654207314202,14.9048514730438,13.978124606781286,14.184064865112305,14907200,0.0,0.0,6033.KL,PETRONAS Gas
2016-03-01 00:00:00+08:00,8.259871715535388,9.002756717826623,8.259871715535388,8.776113510131836,279776200,0.0,0.0,5347.KL,Tenaga Nasional
2016-03-01 00:00:00+08:00,4.101151221842915,4.356214387801003,4.101151221842915,4.262243747711182,72821200,0.0,0.0,6012.KL,Maxis
2016-03-01 00:00:00+08:00,3.400371061678242,3.5038306968296444,3.3520901397929377,3.407268524169922,142289400,0.0,0.0,6947.KL,Celcomdigi
2016-03-01 00:00:00+08:00,3.2002999650522703,3.673968779705959,3.2002999650522703,3.582878589630127,32071900,0.0,0.0,1066.KL,RHB Bank
2016-03-01 00:00:00+08:00,1.5589183545340528,1.6536479193692668,1.5465623243381554,1.637172818183899,229052718,0.0,0.0,4197.KL,Sime Darby
2016-03-01 00:00:00+08:00,17.292339102594287,17.78240457661915,16.242197084266486,16.872282028198242,16902600,0.2,0.0,5681.KL,PETRONAS Dagangan
2016-03-01 00:00:00+08:00,0.3248608142231848,0.4357145079598612,0.3248608142231848,0.4080010652542114,278897360,0.002679,0.0,8869.KL,Press Metal
2016-03-01 00:00:00+08:00,10.870097696835948,11.379424006723994,10.70925716365488,11.191777229309082,18022560,0.0,0.0,4065.KL,PPB Group
2016-03-01 00:00:00+08:00,0.941645871716726,1.024357608077154,0.941645871716726,0.99890798330307,64627190,0.024958,0.0,5211.KL,Sunway
2016-03-01 00:00:00+08:00,5.735945022991671,6.049629426290025,5.67320797138752,5.879343509674072,201575800,0.0,0.0,5225.KL,IHH Healthcare
2016-03-01 00:00:00+08:00,1.560829335869369,1.7576906708943645,1.560829335869369,1.7295676469802856,277868400,0.0,0.0,5398.KL,Gamuda
2016-03-01 00:00:00+08:00,1.3858059418299469,1.3951700433264618,1.32338222624487,1.3577154874801636,53610563,0.0,0.0,7084.KL,QL Resources
2016-03-01 00:00:00+08:00,4.391429794996285,4.480596153785271,4.331985792013098,4.376568794250488,142095900,0.0,0.0,6888.KL,Axiata
2016-03-01 00:00:00+08:00,2.974517976073836,3.26237459657275,2.974517976073836,3.152714729309082,73113700,0.0,0.0,1015.KL,AMMB Holdings
2016-03-01 00:00:00+08:00,59.27793793701154,61.43495559692383,59.08620506560092,61.43495559692383,389200,0.0,0.0,4707.KL,Nestlé Malaysia
2016-03-01 00:00:00+08:00,4.833827311934084,4.899643179093197,4.731446454208766,4.82651424407959,126390700,0.121,0.0,4863.KL,Telekom Malaysia
2016-03-01 00:00:00+08:00,4.533086602036818,4.799112796783447,4.533086602036818,4.799112796783447,242645300,0.0,0.0,1155.KL,Maybank
2016-03-01 00:00:00+08:00,5.610719764279079,5.770115208673113,5.483203530372925,5.674477577209473,59785200,0.0,0.0,3816.KL,MISC
2016-03-01 00:00:00+08:00,1.060559395530242,1.1625362851255443,1.0469627901253018,1.1149468421936035,218701755,0.0,0.0,4677.KL,YTL Corporation
2016-03-01 00:00:00+08:00,0.8847662821011559,0.9150663690793926,0.8726458088771166,0.8968860507011414,56112013,0.0,0.0,6742.KL,YTL Power
2016-03-01 00:00:00+08:00,4.808750297350136,5.015962392274358,4.758733455546687,4.794459819793701,142749900,0.1,0.0,5183.KL,PETRONAS Chemicals
2016-03-01 00:00:00+08:00,3.629232103186749,3.891772426364613,3.4593533087910693,3.5288493633270264,249687600,0.035,0.0,1961.KL,IOI Corporation
2016-03-01 00:00:00+08:00,14.184068193955518,14.737529162349263,13.888029847029513,14.1583251953125,23525800,0.17,0.0,6033.KL,PETRONAS Gas
2016-03-01 00:00:00+08:00,9.63948908470532,10.068897897080642,9.62468154342086,9.994861602783203,19666400,0.15,0.0,5819.KL,Hong Leong Bank
2016-03-01 00:00:00+08:00,2.6179976452595715,2.697416852539244,2.592470030843773,2.6633801460266118,747075500,0.0,0.0,1295.KL,Public Bank
2016-03-01 00:00:00+08:00,2.795940704855785,3.04446882676334,2.7773009697985898,3.0134027004241943,342500300,0.11,0.0,1023.KL,CIMB
2016-03-01 00:00:00+08:00,18.865745266278584,18.89654718802376,18.17271818289328,18.48073005676269,29601800,0.0,0.0,2445.KL,Kuala Lumpur Kepong
2016-04-01 00:00:00+08:00,3.558588664101241,3.813641134471226,3.558588664101241,3.716478109359741,28155200,0.12,0.0,1066.KL,RHB Bank
2016-04-01 00:00:00+08:00,1.0179952061336666,1.0504149184041034,1.0050268752527152,1.014752984046936,41109956,0.0,0.0,5211.KL,Sunway
2016-04-01 00:00:00+08:00,18.218916551541597,18.86574211291009,18.17271514536276,18.419124603271484,21433600,0.0,0.0,2445.KL,Kuala Lumpur Kepong
2016-04-01 00:00:00+08:00,4.856897442656339,4.9148905399505365,4.7481612061818765,4.864146709442139,115457900,0.0,0.0,5183.KL,PETRONAS Chemicals
2016-04-01 00:00:00+08:00,16.86731459195348,17.121383363711413,16.203913546864715,16.824970245361328,13435600,0.0,0.0,5681.KL,PETRONAS Dagangan
2016-04-01 00:00:00+08:00,11.138165354072404,11.325811374873991,10.736065532870434,10.843291282653809,10623720,0.0,0.0,4065.KL,PPB Group
2016-04-01 00:00:00+08:00,3.40726881273486,3.421063409997384,2.9727385056316398,3.0348143577575684,123070700,0.0,0.0,6947.KL,Celcomdigi
2016-04-01 00:00:00+08:00,0.8968859450020114,0.9271861067008976,0.8847661778303556,0.909006416797638,40515009,0.0,0.0,6742.KL,YTL Power
2016-04-01 00:00:00+08:00,3.1527150800272885,3.2006912977178734,3.0019331951316937,3.104739189147949,59864100,0.0,0.0,1015.KL,AMMB Holdings
2016-04-01 00:00:00+08:00,4.354277633114267,4.39886063701881,4.109070934482175,4.19823694229126,94903700,0.0,0.0,6888.KL,Axiata
2016-04-01 00:00:00+08:00,2.674725771488719,2.748472081648642,2.6321796347496567,2.6520345211029053,690787500,0.0,0.0,1295.KL,Public Bank
2016-04-01 00:00:00+08:00,4.871679342554896,5.050456751880861,4.871679342554896,4.953619003295898,121350700,0.0,0.0,4863.KL,Telekom Malaysia
2016-04-01 00:00:00+08:00,14.395902515330889,14.668257467897051,13.384297699029691,14.253239631652832,23560100,0.0,0.0,6033.KL,PETRONAS Gas
2016-04-01 00:00:00+08:00,9.92967240147066,10.304094431262284,9.884741443668194,10.07944107055664,13756600,0.0,0.0,5819.KL,Hong Leong Bank
2016-04-01 00:00:00+08:00,59.996940653608966,60.71594650225651,59.437717268592976,59.90107727050781,714900,0.0,0.0,4707.KL,Nestlé Malaysia
2016-04-01 00:00:00+08:00,5.610718969723947,5.738235185572047,5.33655864961657,5.3875651359558105,54152300,0.1,0.0,3816.KL,MISC
2016-04-01 00:00:00+08:00,1.7365982638285506,1.75769053007427,1.6311367649735218,1.6698060035705566,151710000,0.0,0.0,5398.KL,Gamuda
2016-04-01 00:00:00+08:00,4.79911168717571,4.8948807501064335,4.703342116840404,4.751226902008057,204244500,0.0,0.0,1155.KL,Maybank
2016-04-01 00:00:00+08:00,5.915193168978397,6.049629464779061,5.84349392518103,5.8703813552856445,126353400,0.0,0.0,5225.KL,IHH Healthcare
2016-04-01 00:00:00+08:00,1.3577155412543485,1.4138964521790365,1.3015345214979053,1.3639582395553589,54671170,0.0,0.0,7084.KL,QL Resources
2016-04-01 00:00:00+08:00,4.215259114072735,4.329366174113869,3.6984200489454793,3.7588295936584473,81175200,0.0,0.0,6012.KL,Maxis
2016-04-01 00:00:00+08:00,8.813887596993695,9.191625877024231,8.700565992904844,9.04053020477295,277193200,0.0,0.0,5347.KL,Tenaga Nasional
2016-04-01 00:00:00+08:00,1.6392323232174244,1.6515887489271557,1.5671557359180337,1.5856897830963137,131867680,0.06,0.0,4197.KL,Sime Darby
2016-04-01 00:00:00+08:00,3.546937107492384,3.5858291105898847,3.3680345608668163,3.438040018081665,116149600,0.0,0.0,1961.KL,IOI Corporation
2016-04-01 00:00:00+08:00,3.0828940677480934,3.1591717878707644,2.9557645342103083,2.968477487564087,230839100,0.0,0.0,1023.KL,CIMB
2016-04-01 00:00:00+08:00,0.4153289296056491,0.4866169266731075,0.4029307820470136,0.4540724456310272,169142960,0.0,0.0,8869.KL,Press Metal
2016-04-01 00:00:00+08:00,1.1149469637790277,1.148939719592652,1.0537608233494726,1.0605595111846924,205541410,0.0,0.0,4677.KL,YTL Corporation
2016-05-01 00:00:00+08:00,1.669806082504746,1.7084753229297327,1.6135600365239942,1.687383055686951,101161200,0.0,0.0,5398.KL,Gamuda
2016-05-01 00:00:00+08:00,9.04053040335195,9.04053040335195,8.70056618401639,8.80129623413086,210779400,0.1,0.0,5347.KL,Tenaga Nasional
2016-05-01 00:00:00+08:00,3.034814606458589,3.1865551887813925,3.0072254096726247,3.0899930000305176,164745700,0.051,0.0,6947.KL,Celcomdigi
2016-05-01 00:00:00+08:00,3.758828532622828,3.812526032793357,3.597736032111243,3.691706657409668,66699600,0.05,0.0,6012.KL,Maxis
2016-05-01 00:00:00+08:00,16.824965191572854,16.85319429878749,15.639313074312028,16.542667388916016,20541800,0.12,0.0,5681.KL,PETRONAS Dagangan
2016-05-01 00:00:00+08:00,0.4540724505257761,0.495915096533653,0.4385752508606767,0.4602715373039245,148769040,0.005357,0.0,8869.KL,Press Metal
2016-05-01 00:00:00+08:00,1.0605593713985764,1.1217455037635458,1.033365307004462,1.1081488132476809,178645554,0.0,0.0,4677.KL,YTL Corporation
2016-05-01 00:00:00+08:00,1.0147530457021288,1.0244790621762956,0.9661226845982916,0.9758487939834596,35082558,0.0,0.0,5211.KL,Sunway
2016-05-01 00:00:00+08:00,4.8641458521393615,4.922138593548307,4.31321411742637,4.769907474517822,186666000,0.0,0.0,5183.KL,PETRONAS Chemicals
2016-05-01 00:00:00+08:00,3.1047387966489635,3.152714681463224,2.8648580653328453,2.9539566040039062,51751200,0.0,0.0,1015.KL,AMMB Holdings
2016-05-01 00:00:00+08:00,4.198235060791225,4.220526375596211,3.849001155248563,3.87872314453125,148137600,0.0,0.0,6888.KL,Axiata
2016-05-01 00:00:00+08:00,2.968477271157456,3.025685708629233,2.7205745472809126,2.7904956340789795,594029600,0.0,0.0,1023.KL,CIMB
2016-05-01 00:00:00+08:00,0.9090063468610834,0.9090063468610834,0.8605257943649325,0.8787055611610413,53212116,0.0,0.0,6742.KL,YTL Power
2016-05-01 00:00:00+08:00,5.870381929280771,6.085479681704732,5.655283749495563,5.789720058441162,153369500,0.0,0.0,5225.KL,IHH Healthcare
2016-05-01 00:00:00+08:00,4.953621256014771,5.028111729110016,4.78974186000664,5.013213634490967,87161700,0.0,0.0,4863.KL,Telekom Malaysia
2016-05-01 00:00:00+08:00,10.079441349576417,10.154326043269045,9.80985773775902,10.004556655883787,15646600,0.0,0.0,5819.KL,Hong Leong Bank
2016-05-01 00:00:00+08:00,59.90108826035162,61.09942952959376,59.45370337518092,60.71595764160156,687000,1.3,0.0,4707.KL,Nestlé Malaysia
2016-05-01 00:00:00+08:00,1.6185938509848905,1.6417164995530829,1.492469581633588,1.5576335191726685,411429807,0.0,0.0,4197.KL,Sime Darby
2016-05-01 00:00:00+08:00,14.25323847994335,14.3699621983039,13.319451206752817,14.032760620117188,24538500,0.14,0.0,6033.KL,PETRONAS Gas
2016-05-01 00:00:00+08:00,1.3639581457329344,1.385805901391429,1.3077762591870277,1.3764426708221436,42458417,0.0,0.0,7084.KL,QL Resources
2016-05-01 00:00:00+08:00,10.843289615509608,11.218583133300893,10.213333734851988,10.937113761901855,17773680,0.141667,0.0,4065.KL,PPB Group
2016-05-01 00:00:00+08:00,4.751227557599714,4.793791704198655,4.341547012329102,4.341547012329102,440855100,0.3,0.0,1155.KL,Maybank
2016-05-01 00:00:00+08:00,3.438039903812412,3.4847100834372697,3.1657970038832666,3.220245361328125,258088700,0.0,0.0,1961.KL,IOI Corporation
2016-05-01 00:00:00+08:00,2.652034318339436,2.737126247186492,2.626506705872792,2.7115986347198486,536572500,0.0,0.0,1295.KL,Public Bank
2016-05-01 00:00:00+08:00,3.791056511936119,3.840612759875905,3.5680533962070786,3.778667449951172,17265200,0.0,0.0,1066.KL,RHB Bank
2016-05-01 00:00:00+08:00,5.448649448819152,5.480890101817707,4.436297003263991,4.977937698364258,116008600,0.0,0.0,3816.KL,MISC
2016-05-01 00:00:00+08:00,18.41912100948242,18.51152527252713,17.418082414863697,17.74149513244629,21151600,0.0,0.0,2445.KL,Kuala Lumpur Kepong
2016-06-01 00:00:00+08:00,14.268507369229074,14.42516054430681,13.798546599027098,14.359888076782228,13801500,0.0,0.0,6033.KL,PETRONAS Gas
2016-06-01 00:00:00+08:00,1.5534294357814666,1.6164918411414573,1.534510928807418,1.5954712629318235,167752416,0.0,0.0,4197.KL,Sime Darby
2016-06-01 00:00:00+08:00,1.6908984958420432,1.7225369832530175,1.6346524450016031,1.7084754705429075,109832800,0.0,0.0,5398.KL,Gamuda
2016-06-01 00:00:00+08:00,3.893584898269383,4.257679869437669,3.878723900730726,4.183374881744385,107468800,0.12,0.0,6888.KL,Axiata
2016-06-01 00:00:00+08:00,5.020661489310767,5.117499262358826,4.886578664843201,5.043008804321289,100012100,0.0,0.0,4863.KL,Telekom Malaysia
2016-06-01 00:00:00+08:00,1.101350170983844,1.1421409275484644,1.0673581016341311,1.1353422403335571,161471578,0.0,0.0,4677.KL,YTL Corporation
2016-06-01 00:00:00+08:00,2.7172713322617312,2.754144566351358,2.654870487576411,2.7513082027435303,485860500,0.0,0.0,1295.KL,Public Bank
2016-06-01 00:00:00+08:00,2.947103425572563,3.1458615286150917,2.9059807664226467,3.043055534362793,27419800,0.0,0.0,1015.KL,AMMB Holdings
2016-06-01 00:00:00+08:00,1.3733214707687118,1.38892729145132,1.3296250857920044,1.3639582395553589,18941125,0.0,0.0,7084.KL,QL Resources
2016-06-01 00:00:00+08:00,4.500648377685215,4.676928193342657,4.395982105799786,4.484122276306152,248787000,0.0,0.0,1155.KL,Maybank
2016-06-01 00:00:00+08:00,17.926306797264512,18.265119088506623,17.495088750511496,17.910905838012695,16477200,0.0,0.0,2445.KL,Kuala Lumpur Kepong
2016-06-01 00:00:00+08:00,9.884740836915556,10.019532987895698,9.600180026042649,9.86976432800293,9098300,0.0,0.0,5819.KL,Hong Leong Bank
2016-06-01 00:00:00+08:00,0.8787056951311653,0.8968860127399242,0.8362856847652713,0.8544660806655884,37720885,0.0,0.0,6742.KL,YTL Power
2016-06-01 00:00:00+08:00,3.7786669487200766,3.7786669487200766,2.824708416283882,3.177797079086304,7505400,0.0,0.0,1066.KL,RHB Bank
2016-06-01 00:00:00+08:00,5.771794595442547,6.022741944996764,5.655283112326062,5.9151930809021,133680100,0.03,0.0,5225.KL,IHH Healthcare
2016-06-01 00:00:00+08:00,3.1186774685192,3.348915692698692,3.111700734099447,3.3349618911743164,148633300,0.0,0.0,6947.KL,Celcomdigi
2016-06-01 00:00:00+08:00,4.919904359919546,4.984385350668439,4.59105084589577,4.810286521911621,89819900,0.0,0.0,3816.KL,MISC
2016-06-01 00:00:00+08:00,0.4725635681469276,0.5946168052638873,0.4584808860170969,0.5758390426635742,221111520,0.0,0.0,8869.KL,Press Metal
2016-06-01 00:00:00+08:00,2.796852826106066,2.917626050078685,2.669722973087162,2.7714269161224365,248513800,0.0,0.0,1023.KL,CIMB
2016-06-01 00:00:00+08:00,8.801207059540868,9.029480221908036,8.725116005418478,8.953389167785645,180544400,0.0,0.0,5347.KL,Tenaga Nasional
2016-06-01 00:00:00+08:00,16.27239725179055,16.939181502612037,16.27239725179055,16.598695755004883,14317000,0.0,0.0,5681.KL,PETRONAS Dagangan
2016-06-01 00:00:00+08:00,61.78547003084561,62.59843674177779,61.78547003084561,62.20820999145508,625300,0.0,0.0,4707.KL,Nestlé Malaysia
2016-06-01 00:00:00+08:00,0.9790912305240392,0.988817248203622,0.9628805816513196,0.972606599330902,51349221,0.0,0.0,5211.KL,Sunway
2016-06-01 00:00:00+08:00,10.949209473317287,11.179576873779297,10.651088095358467,11.179576873779297,12827160,0.0,0.0,4065.KL,PPB Group
2016-06-01 00:00:00+08:00,3.1891316921826665,3.43803967088679,3.1891316921826665,3.375812768936157,164957500,0.0,0.0,1961.KL,IOI Corporation
2016-06-01 00:00:00+08:00,3.752422948160421,3.989489316940308,3.657596465243943,3.989489316940308,53458700,0.0,0.0,6012.KL,Maxis
2016-06-01 00:00:00+08:00,4.697417150747716,4.885893584520852,4.465445809670577,4.791655540466309,144446900,0.0,0.0,5183.KL,PETRONAS Chemicals
2016-07-01 00:00:00+08:00,2.751308304865994,2.7910179040373806,2.731453420748987,2.7541446685791016,488060000,0.0,0.0,1295.KL,Public Bank
2016-07-01 00:00:00+08:00,0.9726066333640672,0.9823327442949952,0.9499130249023438,0.9499130249023438,52807994,0.0,0.0,5211.KL,Sunway
2016-07-01 00:00:00+08:00,9.86976386921567,10.049486252732756,9.764925455087404,9.824832916259766,9995100,0.0,0.0,5819.KL,Hong Leong Bank
2016-07-01 00:00:00+08:00,8.928025764230336,9.232390595022578,8.851934707711766,9.118253707885742,180740900,0.0,0.0,5347.KL,Tenaga Nasional
2016-07-01 00:00:00+08:00,4.281254096012006,4.402708361928907,4.129436716067362,4.31920862197876,131952900,0.0,0.0,6888.KL,Axiata
2016-07-01 00:00:00+08:00,17.772298669985386,18.203515212301657,17.64909394360931,17.8031005859375,18473900,0.15,0.0,2445.KL,Kuala Lumpur Kepong
2016-07-01 00:00:00+08:00,2.7714263569888504,2.8095652142698038,2.644296529618312,2.7904956340789795,167181300,0.0,0.0,1023.KL,CIMB
2016-07-01 00:00:00+08:00,4.791655880645782,4.87139574314807,4.661171840798268,4.748161315917969,82603600,0.0,0.0,5183.KL,PETRONAS Chemicals
2016-07-01 00:00:00+08:00,4.77804655888609,4.868320266366634,4.655532505136491,4.842527866363525,46948200,0.0,0.0,3816.KL,MISC
2016-07-01 00:00:00+08:00,1.3639583866300122,1.395170249024292,1.357715687655856,1.3608369827270508,25275800,0.0,0.0,7084.KL,QL Resources
2016-07-01 00:00:00+08:00,1.1285442364810616,1.1557376186158672,1.0877534799164412,1.1353422403335571,164152744,0.0,0.0,4677.KL,YTL Corporation
2016-07-01 00:00:00+08:00,14.359896215469508,14.790693002336036,14.229351206431996,14.477386474609377,15417500,0.0,0.0,6033.KL,PETRONAS Gas
2016-07-01 00:00:00+08:00,5.89760118866892,6.04166458757069,5.798557387252557,5.888597011566162,134982400,0.0,0.0,5225.KL,IHH Healthcare
2016-07-01 00:00:00+08:00,5.005763544158931,5.102601320040213,4.990865452115544,5.087703227996826,125352500,0.0,0.0,4863.KL,Telekom Malaysia
2016-07-01 00:00:00+08:00,3.969169190593623,4.267195578168377,3.93530243085524,4.077542304992676,62226400,0.0,0.0,6012.KL,Maxis
2016-07-01 00:00:00+08:00,3.171602873845505,3.2087700604087086,3.140630366065439,3.153019428253174,44714100,0.0,0.0,1066.KL,RHB Bank
2016-07-01 00:00:00+08:00,11.152472216495353,11.369288001526105,10.718840646433843,10.84079933166504,17225280,0.0,0.0,4065.KL,PPB Group
2016-07-01 00:00:00+08:00,1.5975733406165378,1.618593918911028,1.557633584540536,1.559735655784607,157787797,0.0,0.0,4197.KL,Sime Darby
2016-07-01 00:00:00+08:00,1.708475776706798,1.7295680495517605,1.6803527462468482,1.7119910717010498,104825000,0.03,0.0,5398.KL,Gamuda
2016-07-01 00:00:00+08:00,0.5789689803587371,0.6572083451399262,0.5789689803587371,0.6525132656097412,196024640,0.0,0.0,8869.KL,Press Metal
2016-07-01 00:00:00+08:00,3.34193900091044,3.488454099713186,3.2372853113820628,3.460546493530273,145559600,0.0,0.0,6947.KL,Celcomdigi
2016-07-01 00:00:00+08:00,3.0499084302098822,3.070469755316469,2.9059801348973,2.9471027851104736,38810900,0.0,0.0,1015.KL,AMMB Holdings
2016-07-01 00:00:00+08:00,62.59842450105692,66.50066643145048,62.27323663978369,64.22435760498047,623900,0.0,0.0,4707.KL,Nestlé Malaysia
2016-07-01 00:00:00+08:00,3.368033677842729,3.4380391167036968,3.27469333996246,3.290250062942505,88936400,0.0,0.0,1961.KL,IOI Corporation
2016-07-01 00:00:00+08:00,16.61287914929098,16.839869595089727,16.258206239487986,16.4993839263916,7700900,0.0,0.0,5681.KL,PETRONAS Dagangan
2016-07-01 00:00:00+08:00,4.49513954479501,4.555736126019177,4.412508511759705,4.418017387390137,118146400,0.0,0.0,1155.KL,Maybank
2016-07-01 00:00:00+08:00,0.8544662001432434,0.8847663683673589,0.8484056497740637,0.8665859699249268,38026612,0.0,0.0,6742.KL,YTL Power
2016-08-01 00:00:00+08:00,10.786594481679607,11.098267340397191,10.58332950639472,10.895002365112305,15239040,0.0,0.0,4065.KL,PPB Group
2016-08-01 00:00:00+08:00,2.803209021093936,3.089250949697868,2.7650701579002277,3.0320425033569336,276677400,0.02,0.0,1023.KL,CIMB
2016-08-01 00:00:00+08:00,4.855424725892877,5.023075348685604,4.752254804396879,4.861872673034668,51548900,0.1,0.0,3816.KL,MISC
2016-08-01 00:00:00+08:00,0.6525133376893119,0.6947630516520106,0.6259121669583603,0.6540783643722534,166021520,0.005357,0.0,8869.KL,Press Metal
2016-08-01 00:00:00+08:00,3.321363971922418,3.4924879485587104,3.282471973599741,3.4147043228149414,112172800,0.0,0.0,1961.KL,IOI Corporation
2016-08-01 00:00:00+08:00,65.7527324897893,65.7527324897893,63.73657891429192,64.22435760498047,957100,0.0,0.0,4707.KL,Nestlé Malaysia
2016-08-01 00:00:00+08:00,5.102600668757258,5.586789131164551,5.013212127906263,5.586789131164551,123838500,0.0,0.0,4863.KL,Telekom Malaysia
2016-08-01 00:00:00+08:00,4.79890450775253,4.8713954445217125,4.719164650138456,4.806153774261475,83977600,0.07,0.0,5183.KL,PETRONAS Chemicals
2016-08-01 00:00:00+08:00,3.4605474356935098,3.5372935399337484,3.4117089452342677,3.4535703659057617,100108200,0.054,0.0,6947.KL,Celcomdigi
2016-08-01 00:00:00+08:00,1.1353422969810918,1.169335051389274,1.1149469176811608,1.1421409845352173,153973004,0.0,0.0,4677.KL,YTL Corporation
2016-08-01 00:00:00+08:00,16.59869405675821,16.811498641967773,16.286581476899485,16.811498641967773,7302900,0.14,0.0,5681.KL,PETRONAS Dagangan
2016-08-01 00:00:00+08:00,1.3733213476806228,1.3920485702511298,1.351472612991753,1.3826844692230225,23425441,0.01453,0.0,7084.KL,QL Resources
2016-08-01 00:00:00+08:00,2.762654299669144,2.822218794599202,2.7484723092691614,2.8080368041992188,454773000,0.052,0.0,1295.KL,Public Bank
2016-08-01 00:00:00+08:00,2.947103323290712,3.084177759662321,2.947103323290712,3.0019330978393555,42423900,0.105,0.0,1015.KL,AMMB Holdings
2016-08-01 00:00:00+08:00,1.7261396556958906,1.751053073136334,1.7119034656467147,1.7368168830871582,105779600,0.0,0.0,5398.KL,Gamuda
2016-08-01 00:00:00+08:00,4.319207574787594,4.546933589492425,4.045935995180698,4.167389869689941,130985300,0.0,0.0,6888.KL,Axiata
2016-08-01 00:00:00+08:00,18.073759902335095,19.375814900146093,17.81024870143252,18.2752685546875,25179800,0.0,0.0,2445.KL,Kuala Lumpur Kepong
2016-08-01 00:00:00+08:00,9.130935054097495,9.447981418541406,9.092889829006277,9.333845138549805,217248700,0.0,0.0,5347.KL,Tenaga Nasional
2016-08-01 00:00:00+08:00,4.057222138073157,4.348475364149945,4.05044897998949,4.280742168426514,50074200,0.05,0.0,6012.KL,Maxis
2016-08-01 00:00:00+08:00,9.944648577387218,10.019533266492449,9.57022656016771,9.794879913330078,12175100,0.0,0.0,5819.KL,Hong Leong Bank
2016-08-01 00:00:00+08:00,14.47737894981984,14.63403213226082,14.255453296786246,14.490433692932127,24690000,0.14,0.0,6033.KL,PETRONAS Gas
2016-08-01 00:00:00+08:00,0.8665858750869518,0.9514264464378356,0.8423456335522815,0.9514264464378356,52292338,0.0,0.0,6742.KL,YTL Power
2016-08-01 00:00:00+08:00,5.933617147930427,6.059672624296491,5.825569167416711,5.879593372344971,117420400,0.0,0.0,5225.KL,IHH Healthcare
2016-08-01 00:00:00+08:00,4.434542786436209,4.445560010596505,4.307841556461529,4.379455089569092,153849200,0.0,0.0,1155.KL,Maybank
2016-08-01 00:00:00+08:00,1.5660425086429284,1.7405140308861893,1.5639404372612182,1.6480228900909424,471322729,0.0,0.0,4197.KL,Sime Darby
2016-08-01 00:00:00+08:00,3.1654080855593745,3.171602468171659,2.94859937731635,3.0972681045532227,54577700,0.0,0.0,1066.KL,RHB Bank
2016-08-01 00:00:00+08:00,0.9531545257088684,0.9888173048964548,0.930460916740118,0.9790912866592408,64712051,0.0,0.0,5211.KL,Sunway
2016-09-01 00:00:00+08:00,14.582400904625729,14.687499185682425,13.912398423236525,14.345929145812988,21978800,0.0,0.0,6033.KL,PETRONAS Gas
2016-09-01 00:00:00+08:00,9.397252769666384,9.397252769666384,9.054842766856778,9.067524909973145,178704800,0.0,0.0,5347.KL,Tenaga Nasional
2016-09-01 00:00:00+08:00,4.901319844696058,4.974583150054976,4.747466728768832,4.87201452255249,62418600,0.0,0.0,5183.KL,PETRONAS Chemicals
2016-09-01 00:00:00+08:00,0.9888172431495988,1.0342052944519935,0.9726065943597344,1.0050270557403564,52204099,0.0,0.0,5211.KL,Sunway
2016-09-01 00:00:00+08:00,3.540416300813368,3.603890007687576,3.3358902856578427,3.5122058391571045,137175300,0.0,0.0,6947.KL,Celcomdigi
2016-09-01 00:00:00+08:00,5.942621623616014,6.032661260618421,5.627482679436159,5.699514389038086,152303400,0.0,0.0,5225.KL,IHH Healthcare
2016-09-01 00:00:00+08:00,4.307842316141918,4.395982226388454,4.131562232971191,4.131562232971191,152401100,0.2,0.0,1155.KL,Maybank
2016-09-01 00:00:00+08:00,16.67022533063217,17.012763871668596,16.484683280622313,16.770132064819336,9863400,0.0,0.0,5681.KL,PETRONAS Dagangan
2016-09-01 00:00:00+08:00,1.743934988975525,1.7510530840444547,1.6905491911041652,1.743934988975525,165329600,0.0,0.0,5398.KL,Gamuda
2016-09-01 00:00:00+08:00,9.83981013862949,9.929671330388032,9.510318388028232,9.824832916259766,16406700,0.0,0.0,5819.KL,Hong Leong Bank
2016-09-01 00:00:00+08:00,1.367805713101223,1.402473723658579,1.3142285979044934,1.396170139312744,20807861,0.0,0.0,7084.KL,QL Resources
2016-09-01 00:00:00+08:00,1.660634996878324,1.679553503033059,1.589164980402272,1.6080834865570068,183876273,0.0,0.0,4197.KL,Sime Darby
2016-09-01 00:00:00+08:00,4.287515149678774,4.321651220324313,4.069042930242362,4.205587863922119,57873200,0.0,0.0,6012.KL,Maxis
2016-09-01 00:00:00+08:00,2.862994292965757,2.888864733129089,2.788257599086316,2.8486218452453613,659976500,0.0,0.0,1295.KL,Public Bank
2016-09-01 00:00:00+08:00,5.095152709637385,5.1398469880308735,4.819537460079714,5.0504584312438965,130031100,0.093,0.0,4863.KL,Telekom Malaysia
2016-09-01 00:00:00+08:00,4.152209054784267,4.379935481874799,3.932073677511968,3.962437152862549,104267100,0.0,0.0,6888.KL,Axiata
2016-09-01 00:00:00+08:00,1.1421408902142445,1.2373190912997096,1.1217455125986169,1.216923713684082,199562914,0.0,0.0,4677.KL,YTL Corporation
2016-09-01 00:00:00+08:00,18.27527237914056,18.8177959011811,18.13576624614398,18.585285186767575,28414400,0.0,0.0,2445.KL,Kuala Lumpur Kepong
2016-09-01 00:00:00+08:00,3.438039145205584,3.6091630994047215,3.375812252769534,3.461374044418335,98488600,0.045,0.0,1961.KL,IOI Corporation
2016-09-01 00:00:00+08:00,64.09430237545722,65.75275546525245,64.09430237545722,64.11056518554688,1503800,0.7,0.0,4707.KL,Nestlé Malaysia
2016-09-01 00:00:00+08:00,3.082171389954317,3.089192442412177,2.87154483795166,2.87154483795166,41942800,0.0,0.0,1015.KL,AMMB Holdings
2016-09-01 00:00:00+08:00,10.9085531688191,11.030511843967869,10.651085026926,10.962757110595703,14679360,0.066667,0.0,4065.KL,PPB Group
2016-09-01 00:00:00+08:00,4.887578653645122,5.050933554754151,4.8353051351421925,4.933318138122559,56710400,0.0,0.0,3816.KL,MISC
2016-09-01 00:00:00+08:00,0.6588065447610101,0.6824481710999345,0.6241322225932721,0.6761437058448792,200925200,0.0,0.0,8869.KL,Press Metal
2016-09-01 00:00:00+08:00,3.091074100019021,3.14063064860677,2.880460023880005,2.880460023880005,30333600,0.05,0.0,1066.KL,RHB Bank
2016-09-01 00:00:00+08:00,3.1288990094862106,3.154441017360812,2.9564903040902744,3.007574319839477,209235900,0.08,0.0,1023.KL,CIMB
2016-09-01 00:00:00+08:00,0.9090065061040388,0.981726603817938,0.9029459564445906,0.9696067571640016,75404065,0.0,0.0,6742.KL,YTL Power
2016-10-01 00:00:00+08:00,2.9096728620083643,3.0223052501678467,2.834584603235376,3.0223052501678467,20646200,0.0,0.0,1066.KL,RHB Bank
2016-10-01 00:00:00+08:00,1.7439344247400097,1.7617295718004755,1.7012258681444303,1.7474933862686155,129712200,0.0,0.0,5398.KL,Gamuda
2016-10-01 00:00:00+08:00,64.67646243930804,65.6770376677637,64.05315215225167,64.28279113769531,1811300,0.0,0.0,4707.KL,Nestlé Malaysia
2016-10-01 00:00:00+08:00,9.82483496873549,10.034511126641547,9.60018158533086,9.974603652954102,9956800,0.26,0.0,5819.KL,Hong Leong Bank
2016-10-01 00:00:00+08:00,4.240286299062243,4.489049794291378,4.240286299062243,4.466434955596924,113333800,0.0,0.0,1155.KL,Maybank
2016-10-01 00:00:00+08:00,9.06752514990628,9.257753068660262,9.004115642082324,9.092888832092283,245693100,0.0,0.0,5347.KL,Tenaga Nasional
2016-10-01 00:00:00+08:00,0.6761435862991872,0.7092415101103658,0.6698390695510105,0.6871762275695801,179239760,0.0,0.0,8869.KL,Press Metal
2016-10-01 00:00:00+08:00,1.396170415703605,1.4245358365693244,1.3867159714054915,1.3930195569992063,9815711,0.0,0.0,7084.KL,QL Resources
2016-10-01 00:00:00+08:00,0.96960675014556,0.9938469913188912,0.9090064995242486,0.9271861910820008,131048016,0.092272,0.0,6742.KL,YTL Power
2016-10-01 00:00:00+08:00,16.77013187649787,16.98421812195975,16.498955874837684,16.670225143432617,7503200,0.0,0.0,5681.KL,PETRONAS Dagangan
2016-10-01 00:00:00+08:00,4.2055890865340935,4.260207075884058,4.055389615821688,4.06904411315918,56854500,0.0,0.0,6012.KL,Maxis
2016-10-01 00:00:00+08:00,2.871545467742989,2.9628168262374635,2.7732528878596465,2.948775053024292,44248300,0.0,0.0,1015.KL,AMMB Holdings
2016-10-01 00:00:00+08:00,1.6080835595725638,1.7426159847860183,1.5954712662788126,1.7215954065322876,449886804,0.0,0.0,4197.KL,Sime Darby
2016-10-01 00:00:00+08:00,2.848622397610725,2.8716183869556584,2.8256264082657907,2.8543713092803955,522950500,0.0,0.0,1295.KL,Public Bank
2016-10-01 00:00:00+08:00,5.699513345069493,5.915608863636336,5.699513345069493,5.7625412940979,173269900,0.0,0.0,5225.KL,IHH Healthcare
2016-10-01 00:00:00+08:00,3.058550770244419,3.3118064777547795,3.058550770244419,3.266350507736206,246772000,0.0,0.0,1023.KL,CIMB
2016-10-01 00:00:00+08:00,3.495873049729552,3.582287997752473,3.417314176344285,3.535152673721313,73634900,0.0,0.0,1961.KL,IOI Corporation
2016-10-01 00:00:00+08:00,14.345921065250876,14.779451543634588,14.122587030584162,14.451019287109377,25491600,0.0,0.0,6033.KL,PETRONAS Gas
2016-10-01 00:00:00+08:00,18.58528135648257,18.97279765571661,18.39927371024112,18.569780349731445,40739700,0.0,0.0,2445.KL,Kuala Lumpur Kepong
2016-10-01 00:00:00+08:00,1.0050269356038914,1.021236839168001,0.9758487932910918,1.011510729789734,69389345,0.020798,0.0,5211.KL,Sunway
2016-10-01 00:00:00+08:00,11.017163903747202,11.126109802075064,10.77203602213078,10.976309776306152,9218040,0.0,0.0,4065.KL,PPB Group
2016-10-01 00:00:00+08:00,3.962438505135552,4.099074552804527,3.7347123622894287,3.7347123622894287,82663500,0.05,0.0,6888.KL,Axiata
2016-10-01 00:00:00+08:00,4.872014354003308,5.201699391386358,4.791424546223035,5.128436088562012,147484100,0.0,0.0,5183.KL,PETRONAS Chemicals
2016-10-01 00:00:00+08:00,4.933316172616154,5.063999916807133,4.894110737784237,4.913713455200195,43115200,0.0,0.0,3816.KL,MISC
2016-10-01 00:00:00+08:00,3.512206129385802,3.5615746095114083,3.476942881253904,3.5474693775177,119567200,0.0,0.0,6947.KL,Celcomdigi
2016-10-01 00:00:00+08:00,1.2169238847554624,1.2373192652382092,1.0741562213762352,1.080954909324646,209705238,0.090133,0.0,4677.KL,YTL Corporation
2016-10-01 00:00:00+08:00,5.119662735621474,5.157418143307671,4.840270846402047,4.9384355545043945,127742900,0.0,0.0,4863.KL,Telekom Malaysia
2016-11-01 00:00:00+08:00,18.988299038729803,18.988299038729803,17.980757232059343,18.50777816772461,24346500,0.0,0.0,2445.KL,Kuala Lumpur Kepong
2016-11-01 00:00:00+08:00,10.08062614731149,10.2333627636651,9.775152914604272,10.156994819641112,19399900,0.0,0.0,5819.KL,Hong Leong Bank
2016-11-01 00:00:00+08:00,14.451018413278636,14.56925421893732,13.728467242040796,13.78101634979248,43998600,0.15,0.0,6033.KL,PETRONAS Gas
2016-11-01 00:00:00+08:00,9.105568839563968,9.168978336724496,8.801204704516111,8.90265941619873,312262800,0.0,0.0,5347.KL,Tenaga Nasional
2016-11-01 00:00:00+08:00,4.908231337583083,4.983742516917374,4.628839794013354,4.65904426574707,95186600,0.0,0.0,4863.KL,Telekom Malaysia
2016-11-01 00:00:00+08:00,0.9817265313729412,0.9881851328406028,0.9106808304786682,0.9106808304786682,83642408,0.0,0.0,6742.KL,YTL Power
2016-11-01 00:00:00+08:00,0.6871764803891334,0.7634597933051507,0.6729919963882954,0.7369813919067383,236072760,0.01,2.0,8869.KL,Press Metal
2016-11-01 00:00:00+08:00,3.8087328715220834,3.931348267930154,3.149676714548277,3.210984230041504,173748300,0.0,0.0,6888.KL,Axiata
2016-11-01 00:00:00+08:00,4.089525965827444,4.11000787595757,3.754990596243753,4.075871467590332,58491400,0.05,0.0,6012.KL,Maxis
2016-11-01 00:00:00+08:00,1.7510526620262852,1.7510526620262852,1.6691945036076994,1.7083441019058228,136433200,0.0,0.0,5398.KL,Gamuda
2016-11-01 00:00:00+08:00,1.7363102210781314,1.7510247235717598,1.6501252779011648,1.6732479333877563,502209093,0.21,0.0,4197.KL,Sime Darby
2016-11-01 00:00:00+08:00,4.933317795097222,4.946386173814278,4.593539636879017,4.796099662780762,62408700,0.0,0.0,3816.KL,MISC
2016-11-01 00:00:00+08:00,1.3930192459386694,1.4182318243918848,1.348895695140659,1.4024736881256104,20037415,0.0,0.0,7084.KL,QL Resources
2016-11-01 00:00:00+08:00,1.14338088829892,1.157762800304435,1.0355148315429688,1.0355148315429688,285988570,0.0,0.0,4677.KL,YTL Corporation
2016-11-01 00:00:00+08:00,64.05316755287396,64.79129751012441,62.31446838378906,62.31446838378906,3738200,0.7,0.0,4707.KL,Nestlé Malaysia
2016-11-01 00:00:00+08:00,3.519441508214325,3.5430093616083256,3.3780355116452854,3.4173147678375244,100837600,0.0,0.0,1961.KL,IOI Corporation
2016-11-01 00:00:00+08:00,3.2663502145256733,3.279337677600216,2.961144367805606,2.9676382541656494,366842200,0.0,0.0,1023.KL,CIMB
2016-11-01 00:00:00+08:00,4.460781224348307,4.528626011743794,4.313784769103408,4.392936706542969,157418700,0.0,0.0,1155.KL,Maybank
2016-11-01 00:00:00+08:00,2.8543710525441117,2.877367211153781,2.7882578889569403,2.814128160476685,704996000,0.0,0.0,1295.KL,Public Bank
2016-11-01 00:00:00+08:00,1.0313880689379014,1.0313880689379014,0.9687795780769504,0.9720750451087952,55077400,0.0,0.0,5211.KL,Sunway
2016-11-01 00:00:00+08:00,2.9277124334789097,2.9628166975965256,2.7381483359405334,2.9347331523895264,50120200,0.0,0.0,1015.KL,AMMB Holdings
2016-11-01 00:00:00+08:00,3.02230563406669,3.066107273101807,2.8658715925653144,3.066107273101806,25286600,0.0,0.0,1066.KL,RHB Bank
2016-11-01 00:00:00+08:00,3.5263107392151083,3.561573981125339,3.434626579284668,3.434626579284668,165477100,0.056,0.0,6947.KL,Celcomdigi
2016-11-01 00:00:00+08:00,16.6702270617496,17.027038419330697,16.41332244873047,16.41332244873047,13505400,0.14,0.0,5681.KL,PETRONAS Dagangan
2016-11-01 00:00:00+08:00,5.762541506581773,5.942620754241943,5.537442232335162,5.942620754241943,129920400,0.0,0.0,5225.KL,IHH Healthcare
2016-11-01 00:00:00+08:00,5.091803120179799,5.128434938047472,4.791423471313743,5.003887176513672,135379800,0.0,0.0,5183.KL,PETRONAS Chemicals
2016-11-01 00:00:00+08:00,10.853742120865675,11.003542885363569,10.431576684209038,10.649468421936035,11770920,0.0,0.0,4065.KL,PPB Group
2016-12-01 00:00:00+08:00,8.902661748138891,9.054843855525007,8.585615388725515,8.813888549804688,222472100,0.22,0.0,5347.KL,Tenaga Nasional
2016-12-01 00:00:00+08:00,0.9171393363123864,0.9623501300811768,0.9042215494526296,0.9623501300811768,61051638,0.0,0.0,6742.KL,YTL Power
2016-12-01 00:00:00+08:00,0.97207506042005,1.0149124495785946,0.9621896035098788,0.998436152935028,52619755,0.0,0.0,5211.KL,Sunway
2016-12-01 00:00:00+08:00,1.800900498249641,1.8663470973324288,1.7963871035752883,1.827982306480408,422538697,0.0,0.0,4197.KL,Sime Darby
2016-12-01 00:00:00+08:00,1.0427064211860697,1.150572506103383,1.0355151018922255,1.114616632461548,179968850,0.0,0.0,4677.KL,YTL Corporation
2016-12-01 00:00:00+08:00,2.928444773753616,3.053592169922092,2.8909006444153382,2.9472169876098637,16207700,0.0,0.0,1066.KL,RHB Bank
2016-12-01 00:00:00+08:00,3.495166321301674,3.566496176812406,3.445235252380371,3.445235252380371,101217100,0.0,0.0,6947.KL,Celcomdigi
2016-12-01 00:00:00+08:00,4.6590439101214844,4.711901551588003,4.387203325201968,4.492918968200684,67595100,0.0,0.0,4863.KL,Telekom Malaysia
2016-12-01 00:00:00+08:00,13.864251205991394,14.53894315228723,13.758417323628056,14.08914852142334,23101400,0.0,0.0,6033.KL,PETRONAS Gas
2016-12-01 00:00:00+08:00,5.897601842244158,5.9156097691025264,5.672502541843127,5.717522144317627,74627900,0.0,0.0,5225.KL,IHH Healthcare
2016-12-01 00:00:00+08:00,18.43027764449774,18.77129095901788,18.213267962137856,18.60078430175781,24510100,0.0,0.0,2445.KL,Kuala Lumpur Kepong
2016-12-01 00:00:00+08:00,62.89342320799467,65.1112441736654,62.67825972919302,64.71401977539062,592000,0.0,0.0,4707.KL,Nestlé Malaysia
2016-12-01 00:00:00+08:00,3.218647511262632,3.6171467304229736,3.218647511262632,3.6171467304229736,101060400,0.0,0.0,6888.KL,Axiata
2016-12-01 00:00:00+08:00,5.018539956545209,5.135761566980868,4.901318695456465,5.113782405853272,158946700,0.0,0.0,5183.KL,PETRONAS Chemicals
2016-12-01 00:00:00+08:00,1.7047853161895976,1.7474938849734718,1.654958652608411,1.7012263536453247,107043000,0.0,0.0,5398.KL,Gamuda
2016-12-01 00:00:00+08:00,4.704621231953015,4.952920767217278,4.685018817449119,4.802634239196777,23423400,0.0,0.0,3816.KL,MISC
2016-12-01 00:00:00+08:00,2.962816414766241,3.124296951682696,2.920691100977023,3.0260045528411865,33654300,0.05,0.0,1015.KL,AMMB Holdings
2016-12-01 00:00:00+08:00,4.062744651036657,4.214236677542235,4.007656641398265,4.117832660675049,41434300,0.0,0.0,6012.KL,Maxis
2016-12-01 00:00:00+08:00,10.156995805948505,10.309732437133787,9.943164522289104,10.309732437133787,13113000,0.0,0.0,5819.KL,Hong Leong Bank
2016-12-01 00:00:00+08:00,2.9806259853587065,3.0520568838713964,2.915688354499065,2.928676128387451,194374000,0.0,0.0,1023.KL,CIMB
2016-12-01 00:00:00+08:00,0.7461934288571225,0.7730028019934212,0.7059794490507499,0.7104476690292358,155968800,0.0,0.0,8869.KL,Press Metal
2016-12-01 00:00:00+08:00,1.396170472953885,1.396170472953885,1.3520478995329253,1.3741096258163452,16203033,0.0,0.0,7084.KL,QL Resources
2016-12-01 00:00:00+08:00,10.635851804744725,11.017162396733594,10.635851804744725,10.799270629882812,8741280,0.0,0.0,4065.KL,PPB Group
2016-12-01 00:00:00+08:00,16.51052960661975,17.142236223908338,16.51052960661975,17.084808349609375,9785600,0.0,0.0,5681.KL,PETRONAS Dagangan
2016-12-01 00:00:00+08:00,3.417314364175182,3.5430089430986023,3.417314364175182,3.456593990325928,67239700,0.0,0.0,1961.KL,IOI Corporation
2016-12-01 00:00:00+08:00,4.40989846824891,4.636046886444092,4.342053673200176,4.636046886444092,133795900,0.0,0.0,1155.KL,Maybank
2016-12-01 00:00:00+08:00,2.8198770482378666,2.845747489304256,2.802630144637973,2.834249496459961,573930500,0.0,0.0,1295.KL,Public Bank
2017-01-01 00:00:00+08:00,2.947217365755851,3.1537102527977856,2.9159304381058737,3.066107273101806,23947300,0.0,0.0,1066.KL,RHB Bank
2017-01-01 00:00:00+08:00,64.7140255318319,64.7140255318319,61.33764625766496,62.89342880249024,1306900,0.0,0.0,4707.KL,Nestlé Malaysia
2017-01-01 00:00:00+08:00,5.717521639361528,5.807561265701315,5.591466162485826,5.672502040863037,68421100,0.0,0.0,5225.KL,IHH Healthcare
2017-01-01 00:00:00+08:00,17.084804269149576,17.199659990315865,16.510525663318138,16.898164749145508,7636500,0.0,0.0,5681.KL,PETRONAS Dagangan
2017-01-01 00:00:00+08:00,1.701226395270402,1.7688482126450356,1.6585176557327768,1.71190345287323,126295800,0.03,0.0,5398.KL,Gamuda
2017-01-01 00:00:00+08:00,3.44523651977764,3.5664974888178804,3.44523651977764,3.5379655361175537,130573500,0.0,0.0,6947.KL,Celcomdigi
2017-01-01 00:00:00+08:00,4.636046912250837,4.720852973931376,4.50601143626967,4.647354602813721,171414200,0.0,0.0,1155.KL,Maybank
2017-01-01 00:00:00+08:00,1.8279817862373968,2.0920235806025644,1.8279817862373968,2.010779619216919,508323896,0.0,0.0,4197.KL,Sime Darby
2017-01-01 00:00:00+08:00,4.117833497724233,4.303755732222212,4.0971753257353445,4.234895706176758,35601700,0.0,0.0,6012.KL,Maxis
2017-01-01 00:00:00+08:00,1.1146163178784023,1.128998952406815,1.0786611772117316,1.093043088912964,157707538,0.0,0.0,4677.KL,YTL Corporation
2017-01-01 00:00:00+08:00,4.492918968200684,4.742106381081885,4.455163561448266,4.492918968200684,70496600,0.0,0.0,4863.KL,Telekom Malaysia
2017-01-01 00:00:00+08:00,10.799270710121588,11.275909927702145,10.744797768004158,11.071636199951172,7534800,0.0,0.0,4065.KL,PPB Group
2017-01-01 00:00:00+08:00,18.600783944018605,18.988300276185655,17.825751279684496,18.67828750610352,21276400,0.0,0.0,2445.KL,Kuala Lumpur Kepong
2017-01-01 00:00:00+08:00,0.7104476644152624,0.9338588216847704,0.7104476644152624,0.915985941886902,271714600,0.0,0.0,8869.KL,Press Metal
2017-01-01 00:00:00+08:00,1.3741096788360752,1.3961705268248283,1.3520479517014083,1.3835642337799072,26527405,0.0,0.0,7084.KL,QL Resources
2017-01-01 00:00:00+08:00,14.089150819257004,14.393424226905838,13.163103566726804,13.811336517333984,35171600,0.0,0.0,6033.KL,PETRONAS Gas
2017-01-01 00:00:00+08:00,2.9286757856560244,3.2598562399138147,2.9286757856560244,3.2273874282836914,360824300,0.0,0.0,1023.KL,CIMB
2017-01-01 00:00:00+08:00,0.998436023499,1.0050268623779672,0.9852558566866056,1.0017313957214355,33185294,0.0,0.0,5211.KL,Sunway
2017-01-01 00:00:00+08:00,2.834249185689805,2.914735126774737,2.8313747306271844,2.888864517211914,517493500,0.0,0.0,1295.KL,Public Bank
2017-01-01 00:00:00+08:00,3.6171468348026807,3.831723512275633,3.4178974021835957,3.6248104572296143,96015000,0.0,0.0,6888.KL,Axiata
2017-01-01 00:00:00+08:00,3.456594446414275,3.5665768897106624,3.440882668800505,3.527297258377075,43570000,0.0,0.0,1961.KL,IOI Corporation
2017-01-01 00:00:00+08:00,3.0616889293968086,3.1966590174477805,3.019066849811793,3.1895551681518555,35852000,0.0,0.0,1015.KL,AMMB Holdings
2017-01-01 00:00:00+08:00,0.962350310320734,0.9688095804507532,0.9106809889352436,0.9235981106758118,47344151,0.0,0.0,6742.KL,YTL Power
2017-01-01 00:00:00+08:00,5.1137829924792895,5.348225890897737,5.1137829924792895,5.223678112030029,158902900,0.0,0.0,5183.KL,PETRONAS Chemicals
2017-01-01 00:00:00+08:00,4.802633696351927,4.939851828668387,4.65234718531841,4.796099662780762,30212600,0.0,0.0,3816.KL,MISC
2017-01-01 00:00:00+08:00,10.30973394657919,10.30973394657919,9.97371330877487,10.06535530090332,10914500,0.0,0.0,5819.KL,Hong Leong Bank
2017-01-01 00:00:00+08:00,8.954808721175562,9.057886175008996,8.594039783111034,8.63269329071045,205937700,0.0,0.0,5347.KL,Tenaga Nasional
2017-02-01 00:00:00+08:00,8.632691653556908,8.813076702766335,8.374999603809599,8.722884178161621,194062700,0.0,0.0,5347.KL,Tenaga Nasional
2017-02-01 00:00:00+08:00,1.3835638147128748,1.4371418076978262,1.3425930999933848,1.4024736881256104,40657789,0.0,0.0,7084.KL,QL Resources
2017-02-01 00:00:00+08:00,16.89816500931593,17.65908451605504,16.79766522485695,17.587299346923828,8468500,0.0,0.0,5681.KL,PETRONAS Dagangan
2017-02-01 00:00:00+08:00,3.066107396700982,3.2851150039565664,3.028563261032105,3.0285632610321045,44299100,0.0,0.0,1066.KL,RHB Bank
2017-02-01 00:00:00+08:00,1.7336647867338535,1.7949377907918476,1.7300605833654208,1.7697076797485352,211324200,0.0,0.0,5398.KL,Gamuda
2017-02-01 00:00:00+08:00,2.888864538145869,2.911860521479632,2.860119644645207,2.8687431812286377,462982000,0.064,0.0,1295.KL,Public Bank
2017-02-01 00:00:00+08:00,3.1895551681518555,3.1895551681518555,3.1895551681518555,3.1895551681518555,0,0.0,0.0,1015.KL,AMMB Holdings
2017-02-01 00:00:00+08:00,1.001731617030983,1.064340114593506,1.001731617030983,1.064340114593506,41104188,0.0,0.0,5211.KL,Sunway
2017-02-01 00:00:00+08:00,13.81133620661226,13.91717136549487,13.044039820780442,13.24247932434082,24564300,0.0,0.0,6033.KL,PETRONAS Gas
2017-02-01 00:00:00+08:00,4.647355152005145,4.913079441469967,4.590817770870266,4.862196445465088,212901300,0.0,0.0,1155.KL,Maybank
2017-02-01 00:00:00+08:00,5.223677585521728,5.560689065190672,5.209024927681639,5.311593532562256,166117800,0.0,0.0,5183.KL,PETRONAS Chemicals
2017-02-01 00:00:00+08:00,3.537964746179985,3.659225688145741,3.516565616368769,3.5950286388397217,149617700,0.0,0.0,6947.KL,Celcomdigi
2017-02-01 00:00:00+08:00,62.89343055688536,63.67132500783124,62.3969047362752,62.645164489746094,1963300,0.0,0.0,4707.KL,Nestlé Malaysia
2017-02-01 00:00:00+08:00,18.67828710621685,19.76333251740317,18.507778977628984,18.709287643432617,33103700,0.35,0.0,2445.KL,Kuala Lumpur Kepong
2017-02-01 00:00:00+08:00,3.5272972583770748,3.5272972583770748,3.5272972583770748,3.527297258377075,0,0.0,0.0,1961.KL,IOI Corporation
2017-02-01 00:00:00+08:00,0.9159858385494866,1.1125877072078338,0.9159858385494866,1.1081194877624512,273009400,0.0,0.0,8869.KL,Press Metal
2017-02-01 00:00:00+08:00,1.0930433974074003,1.1218079517553918,1.0930433974074003,1.114616632461548,78761697,0.0,0.0,4677.KL,YTL Corporation
2017-02-01 00:00:00+08:00,4.492919872885937,4.704351561522502,4.470266696286226,4.651493549346924,91099000,0.0,0.0,4863.KL,Telekom Malaysia
2017-02-01 00:00:00+08:00,4.796099895679308,5.12280969104548,4.7176893079946245,4.8483734130859375,57059500,0.2,0.0,3816.KL,MISC
2017-02-01 00:00:00+08:00,2.0107798871231477,2.0987940223293307,2.0107798871231477,2.022063732147217,544606113,0.0,0.0,4197.KL,Sime Darby
2017-02-01 00:00:00+08:00,3.6248100520501967,3.908357472562616,3.249300999802147,3.394906520843506,217496500,0.0,0.0,6888.KL,Axiata
2017-02-01 00:00:00+08:00,10.065354395256351,10.477743686881876,10.065354395256351,10.370827674865724,11525100,0.0,0.0,5819.KL,Hong Leong Bank
2017-02-01 00:00:00+08:00,0.9235979376941932,0.9817265183227404,0.9171393363123864,0.9623501300811768,41691312,0.0,0.0,6742.KL,YTL Power
2017-02-01 00:00:00+08:00,11.071637924452563,11.303147769700654,10.962691244005905,11.262292861938477,15550680,0.0,0.0,4065.KL,PPB Group
2017-02-01 00:00:00+08:00,5.672502600353588,5.717522203292455,5.240311921951954,5.4113874435424805,95133100,0.0,0.0,5225.KL,IHH Healthcare
2017-02-01 00:00:00+08:00,4.234896214541241,4.455248324338155,4.1522641733673975,4.345072269439697,83417800,0.05,0.0,6012.KL,Maxis
2017-02-01 00:00:00+08:00,3.2273874282836914,3.37024982788159,3.1884250401148653,3.2273874282836914,240643700,0.0,0.0,1023.KL,CIMB
2017-03-01 00:00:00+08:00,5.411387505781173,5.492422963740296,5.204296127720568,5.402383327484131,125423000,0.0,0.0,5225.KL,IHH Healthcare
2017-03-01 00:00:00+08:00,4.358303245070144,4.504042375475014,4.323603247259072,4.469342708587647,77943700,0.0,0.0,6012.KL,Maxis
2017-03-01 00:00:00+08:00,2.0310906656021834,2.155212808136244,2.019806821370138,2.094280481338501,575002385,0.0,0.0,4197.KL,Sime Darby
2017-03-01 00:00:00+08:00,3.1895551681518555,3.1895551681518555,3.1895551681518555,3.1895551681518555,0,0.0,0.0,1015.KL,AMMB Holdings
2017-03-01 00:00:00+08:00,5.0172232298379225,5.044053274930155,4.856242639445163,4.909903049468994,41110500,0.0,0.0,3816.KL,MISC
2017-03-01 00:00:00+08:00,3.5272972583770748,3.5272972583770748,3.5272972583770748,3.527297258377075,0,0.045,0.0,1961.KL,IOI Corporation
2017-03-01 00:00:00+08:00,1.0544545803727898,1.0808156757448713,1.0280927295277589,1.0709301233291626,61176916,0.0,0.0,5211.KL,Sunway
2017-03-01 00:00:00+08:00,5.289615038691134,5.677911044477761,5.2749623790018445,5.641279220581055,177072100,0.12,0.0,5183.KL,PETRONAS Chemicals
2017-03-01 00:00:00+08:00,8.709999237661524,8.916152862188241,8.65846021714358,8.838845252990723,193243100,0.0,0.0,5347.KL,Tenaga Nasional
2017-03-01 00:00:00+08:00,10.37082696032651,10.615205567176574,10.141721652251729,10.50829029083252,29879100,0.15,0.0,5819.KL,Hong Leong Bank
2017-03-01 00:00:00+08:00,3.56649810055222,3.702025069188536,3.5450989622926907,3.659227132797241,149029700,0.048,0.0,6947.KL,Celcomdigi
2017-03-01 00:00:00+08:00,4.681697241747458,4.878026659788856,4.628839598479151,4.847822189331055,140152800,0.122,0.0,4863.KL,Telekom Malaysia
2017-03-01 00:00:00+08:00,62.727914874889024,66.7001271721401,62.64515532217484,65.69052124023438,2472600,0.0,0.0,4707.KL,Nestlé Malaysia
2017-03-01 00:00:00+08:00,18.97624018556047,19.65227906519516,18.913352952525845,19.40073013305664,30207300,0.0,0.0,2445.KL,Kuala Lumpur Kepong
2017-03-01 00:00:00+08:00,4.862196384339091,5.110959672008247,4.856542538460596,5.043115139007568,356427700,0.0,0.0,1155.KL,Maybank
2017-03-01 00:00:00+08:00,3.402571353387755,3.98499327941536,3.394907729089976,3.8777050971984863,209973800,0.0,0.0,6888.KL,Axiata
2017-03-01 00:00:00+08:00,1.421384111773938,1.490720262505386,1.4119286776188662,1.437142252922058,60902882,0.010256,0.0,7084.KL,QL Resources
2017-03-01 00:00:00+08:00,11.235055854893837,11.698075507418686,11.194200950482088,11.39847469329834,26220720,0.0,0.0,4065.KL,PPB Group
2017-03-01 00:00:00+08:00,2.911953311475217,2.95576400248373,2.871063298382964,2.9061119556427,682184500,0.0,0.0,1295.KL,Public Bank
2017-03-01 00:00:00+08:00,17.730871247557843,18.44872026374742,16.74023883847076,17.228376388549805,14215500,0.3,0.0,5681.KL,PETRONAS Dagangan
2017-03-01 00:00:00+08:00,3.028562819763841,3.3727174957715897,3.028562819763841,3.235055685043335,77969200,0.0,0.0,1066.KL,RHB Bank
2017-03-01 00:00:00+08:00,1.1002343279678992,1.114616238646805,1.049896556351036,1.071469783782959,230394511,0.0,0.0,4677.KL,YTL Corporation
2017-03-01 00:00:00+08:00,1.7661039372854923,1.9210885036284409,1.7588953568013117,1.8670240640640257,379484000,0.0,0.0,5398.KL,Gamuda
2017-03-01 00:00:00+08:00,13.229248341518876,13.308624386689344,12.93820452474642,13.070497512817385,28718700,0.19,0.0,6033.KL,PETRONAS Gas
2017-03-01 00:00:00+08:00,3.272843356827257,3.785848544647508,3.253362319623984,3.617011547088623,493902700,0.12,0.0,1023.KL,CIMB
2017-03-01 00:00:00+08:00,0.9623501387969986,0.9881851286543516,0.9494329359163964,0.9817265272140504,111948871,0.0,0.0,6742.KL,YTL Power
2017-03-01 00:00:00+08:00,1.1125884580007428,1.2108894586650414,1.045565014560731,1.1840801239013672,437404200,0.0075,0.0,8869.KL,Press Metal
2017-04-01 00:00:00+08:00,5.037460315341525,5.427566978349971,5.03180647056046,5.416259288787842,363930000,0.0,0.0,1155.KL,Maybank
2017-04-01 00:00:00+08:00,8.864614454934962,9.05788378509744,8.774421937022803,8.980575561523438,164358700,0.0,0.0,5347.KL,Tenaga Nasional
2017-04-01 00:00:00+08:00,65.54155251633506,69.24895638762192,65.37604606442335,67.85868072509766,1966200,0.0,0.0,4707.KL,Nestlé Malaysia
2017-04-01 00:00:00+08:00,5.420391140536786,5.654494619213499,5.357363181813938,5.564454555511475,113759300,0.0,0.0,5225.KL,IHH Healthcare
2017-04-01 00:00:00+08:00,4.903194267754208,4.983684384800738,4.862949209230943,4.916609287261963,25651100,0.0,0.0,3816.KL,MISC
2017-04-01 00:00:00+08:00,3.25382718375646,3.441548109054565,3.1662242245252976,3.441548109054565,37695700,0.0,0.0,1066.KL,RHB Bank
2017-04-01 00:00:00+08:00,3.68929293544558,3.86181398175848,3.53004303091192,3.808730363845825,290995300,0.0,0.0,1023.KL,CIMB
2017-04-01 00:00:00+08:00,13.22244830327703,13.289228602531614,12.087188310862162,12.340951919555664,17035000,0.0,0.0,6033.KL,PETRONAS Gas
2017-04-01 00:00:00+08:00,11.398474648019064,11.766167227779198,11.18058286434528,11.507420539855955,24839640,0.0,0.0,4065.KL,PPB Group
2017-04-01 00:00:00+08:00,4.959267067113443,5.082478552666834,4.866858452948401,4.974668502807617,94895000,0.0,0.0,4863.KL,Telekom Malaysia
2017-04-01 00:00:00+08:00,1.070930099285773,1.1648427506924586,1.0544545566992918,1.1548582315444946,65173857,0.016639,1.01,5211.KL,Sunway
2017-04-01 00:00:00+08:00,4.413824396853863,4.497104021284887,4.379124387879029,4.427704334259033,64882100,0.0,0.0,6012.KL,Maxis
2017-04-01 00:00:00+08:00,1.0714698385239605,1.100234384178471,1.0498966099898692,1.057088017463684,111176191,0.0,0.0,4677.KL,YTL Corporation
2017-04-01 00:00:00+08:00,3.893031039740344,3.9773290595392794,3.8087330199414096,3.946675300598145,87615100,0.0,0.0,6888.KL,Axiata
2017-04-01 00:00:00+08:00,1.4593277088776275,1.5227766483171872,1.43712020949894,1.506914496421814,15833900,0.0,0.0,7084.KL,QL Resources
2017-04-01 00:00:00+08:00,1.190924304194362,1.330239946786378,1.168453949395282,1.3167577981948853,238770000,0.0,0.0,8869.KL,Press Metal
2017-04-01 00:00:00+08:00,1.8670236513216083,1.9138795000434328,1.8273765533564443,1.899462342262268,234180400,0.0,0.0,5398.KL,Gamuda
2017-04-01 00:00:00+08:00,17.349595404148758,17.800046161643124,17.27694326311001,17.480371475219727,9148900,0.0,0.0,5681.KL,PETRONAS Dagangan
2017-04-01 00:00:00+08:00,0.9817264882997696,0.9881850894840608,0.9494328982821888,0.9752678871154784,57922204,0.0,0.0,6742.KL,YTL Power
2017-04-01 00:00:00+08:00,10.548264628239464,10.810813063320037,10.440156968920313,10.656373023986816,18167700,0.0,0.0,5819.KL,Hong Leong Bank
2017-04-01 00:00:00+08:00,3.563006357066743,3.6741026017612666,3.563006357066743,3.6423609256744394,22624900,0.0,0.0,1961.KL,IOI Corporation
2017-04-01 00:00:00+08:00,2.0897671166360983,2.110077893916668,2.082996809536427,2.10556435585022,368783059,0.06,0.0,4197.KL,Sime Darby
2017-04-01 00:00:00+08:00,3.1895551681518555,3.1895551681518555,3.1895551681518555,3.1895551681518555,0,0.0,0.0,1015.KL,AMMB Holdings
2017-04-01 00:00:00+08:00,5.762788362763958,5.807461454514983,5.420297381215807,5.435188293457031,146346800,0.0,0.0,5183.KL,PETRONAS Chemicals
2017-04-01 00:00:00+08:00,3.680008159245391,3.7376207549959153,3.6440001152022345,3.701612710952759,96287000,0.0,0.0,6947.KL,Celcomdigi
2017-04-01 00:00:00+08:00,19.337842982815594,19.605114099194545,18.598916866982623,19.27495574951172,28452300,0.0,0.0,2445.KL,Kuala Lumpur Kepong
2017-04-01 00:00:00+08:00,2.9090325470961567,2.935318995737616,2.9002703395196017,2.9148740768432617,326422500,0.0,0.0,1295.KL,Public Bank
2017-05-01 00:00:00+08:00,3.808730030048893,4.2665739400598985,3.788823951927471,4.246667861938477,425417000,0.0,0.0,1023.KL,CIMB
2017-05-01 00:00:00+08:00,3.946674898860409,4.138261055451482,3.7780788764241726,3.893030643463135,87041600,0.0,0.0,6888.KL,Axiata
2017-05-01 00:00:00+08:00,11.507420132516016,11.779784852467076,11.384856203348654,11.439329147338867,18630480,0.141667,0.0,4065.KL,PPB Group
2017-05-01 00:00:00+08:00,19.274955626125173,19.65227902353303,19.212068393223863,19.4636173248291,28336000,0.0,0.0,2445.KL,Kuala Lumpur Kepong
2017-05-01 00:00:00+08:00,4.916610367145403,5.298938986849953,4.916610367145403,5.030638217926025,61559400,0.07,0.0,3816.KL,MISC
2017-05-01 00:00:00+08:00,8.980579296525997,9.019233424389164,8.838848927929606,8.87750244140625,156867000,0.17,0.0,5347.KL,Tenaga Nasional
2017-05-01 00:00:00+08:00,4.427703958123641,4.580383256610347,4.23338452003496,4.268084526062012,56104800,0.05,0.0,6012.KL,Maxis
2017-05-01 00:00:00+08:00,1.1691602023572636,1.2399166220557616,1.1523137954140423,1.1961147785186768,215611729,0.0,0.0,5211.KL,Sunway
2017-05-01 00:00:00+08:00,67.85868072509766,69.09999805543481,67.03113583820623,67.85868072509766,1297100,1.3,0.0,4707.KL,Nestlé Malaysia
2017-05-01 00:00:00+08:00,1.5069146930898183,1.586225905395043,1.5037420189340942,1.5830532312393188,20348050,0.0,0.0,7084.KL,QL Resources
2017-05-01 00:00:00+08:00,1.899462398758036,1.9751525652934443,1.8886494441675132,1.9246925115585327,278194400,0.0,0.0,5398.KL,Gamuda
2017-05-01 00:00:00+08:00,5.564454538906049,5.672502529157472,4.988200451384106,5.213299751281738,261500800,0.0,0.0,5225.KL,IHH Healthcare
2017-05-01 00:00:00+08:00,12.340948018618304,13.222444123701344,12.260812703825954,12.39437198638916,17435600,0.15,0.0,6033.KL,PETRONAS Gas
2017-05-01 00:00:00+08:00,3.1895551681518555,3.1895551681518555,3.1895551681518555,3.1895551681518555,0,0.0,0.0,1015.KL,AMMB Holdings
2017-05-01 00:00:00+08:00,3.701611468045957,3.701611468045957,3.550378283282001,3.564781427383423,156294600,0.047,0.0,6947.KL,Celcomdigi
2017-05-01 00:00:00+08:00,5.435188109529283,5.584097226902411,5.278833358773828,5.457524299621582,179372600,0.0,0.0,5183.KL,PETRONAS Chemicals
2017-05-01 00:00:00+08:00,0.9752679051011788,0.9881851077079772,0.962350118398244,0.9881851077079772,48093997,0.0,0.0,6742.KL,YTL Power
2017-05-01 00:00:00+08:00,2.9148736536977435,3.005415871884319,2.90903212479864,2.9294772148132324,445775000,0.0,0.0,1295.KL,Public Bank
2017-05-01 00:00:00+08:00,4.97466795534402,5.059376025939424,4.928463653346295,4.990069389343262,81182500,0.0,0.0,4863.KL,Telekom Malaysia
2017-05-01 00:00:00+08:00,17.480373388737693,18.381273616594196,17.349597303351104,17.87270164489746,13164000,0.14,0.0,5681.KL,PETRONAS Dagangan
2017-05-01 00:00:00+08:00,5.4162598763669685,5.472797251950405,5.15053507381341,5.337107658386231,358642400,0.22,0.0,1155.KL,Maybank
2017-05-01 00:00:00+08:00,2.142645185576376,2.174796216955402,2.1242732304546763,2.1403486728668213,534955998,0.0,0.0,4197.KL,Sime Darby
2017-05-01 00:00:00+08:00,1.316757729442812,1.3482160745137557,1.1504776912032235,1.159465789794922,300763800,0.0,0.0,8869.KL,Press Metal
2017-05-01 00:00:00+08:00,10.65637328996756,11.073361774789287,10.61004090879705,10.826257705688477,37842800,0.0,0.0,5819.KL,Hong Leong Bank
2017-05-01 00:00:00+08:00,3.4415489192914603,3.4978652698141737,3.3101443003213005,3.37271785736084,32281300,0.07,0.0,1066.KL,RHB Bank
2017-05-01 00:00:00+08:00,1.0570882978991334,1.1002346760602433,1.0498968885175062,1.0786614418029783,119388744,0.0,0.0,4677.KL,YTL Corporation
2017-05-01 00:00:00+08:00,3.642361464181181,3.705844825740566,3.5630068838412683,3.610619783401489,73769300,0.0,0.0,1961.KL,IOI Corporation
2017-06-01 00:00:00+08:00,11.43053562888984,11.829434599363209,11.361759320092473,11.801924705505373,17227200,0.0,0.0,4065.KL,PPB Group
2017-06-01 00:00:00+08:00,1.8958583599032863,1.9895698964123767,1.8922539841045036,1.982361316680908,211608800,0.0,0.0,5398.KL,Gamuda
2017-06-01 00:00:00+08:00,19.27495348452651,19.888103562351017,19.25923130321056,19.557945251464844,29587300,0.0,0.0,2445.KL,Kuala Lumpur Kepong
2017-06-01 00:00:00+08:00,5.462418879320859,5.595507767770201,5.427700422744452,5.572361946105957,231345900,0.0,0.0,1155.KL,Maybank
2017-06-01 00:00:00+08:00,3.578877675834202,3.650296259876374,3.4995231049574635,3.5312647819519043,54821500,0.0,0.0,1961.KL,IOI Corporation
2017-06-01 00:00:00+08:00,10.826257553239508,12.58687475721904,10.810813180924075,12.092666625976562,48050800,0.0,0.0,5819.KL,Hong Leong Bank
2017-06-01 00:00:00+08:00,1.5830531493077844,1.5830531493077844,1.5069146150988637,1.5671908855438232,38263676,0.0,0.0,7084.KL,QL Resources
2017-06-01 00:00:00+08:00,17.918412537244357,18.10841218136784,17.494567606146703,17.61149024963379,9838900,0.0,0.0,5681.KL,PETRONAS Dagangan
2017-06-01 00:00:00+08:00,5.043552984589645,5.124791669342725,4.901385689787449,5.050323009490967,31105700,0.0,0.0,3816.KL,MISC
2017-06-01 00:00:00+08:00,1.1961147121483489,1.3645821183587938,1.1826374726172737,1.3207802772521973,156217539,0.0,0.0,5211.KL,Sunway
2017-06-01 00:00:00+08:00,3.41587938499236,3.5172786099892845,3.2004066740332275,3.2067439556121826,50022900,0.0,0.0,1066.KL,RHB Bank
2017-06-01 00:00:00+08:00,3.59820421897698,3.649088041745949,3.590935299505804,3.634549856185913,64775200,0.0,0.0,6947.KL,Celcomdigi
2017-06-01 00:00:00+08:00,5.222303794439026,5.510430616084546,5.150271659684815,5.177283763885498,108711800,0.03,0.0,5225.KL,IHH Healthcare
2017-06-01 00:00:00+08:00,4.233397768276375,4.5585331758467165,4.226762196823203,4.366106033325195,404738500,0.0,0.0,1023.KL,CIMB
2017-06-01 00:00:00+08:00,5.472415301982942,5.472415301982942,5.249051622224312,5.28627872467041,112194200,0.0,0.0,5183.KL,PETRONAS Chemicals
2017-06-01 00:00:00+08:00,1.1639592541247452,1.244852207942589,1.145983065975565,1.2044057846069336,95806600,0.0075,0.0,8869.KL,Press Metal
2017-06-01 00:00:00+08:00,3.1895549786422377,3.8146794528739534,3.1895549786422377,3.4665989875793457,77015500,0.0,0.0,1015.KL,AMMB Holdings
2017-06-01 00:00:00+08:00,3.847050154181518,3.9083576681251904,3.678454490836419,3.701444625854492,96836500,0.03,0.0,6888.KL,Axiata
2017-06-01 00:00:00+08:00,2.9323984469544224,3.0170993313817944,2.91779505629756,2.967447280883789,367311500,0.0,0.0,1295.KL,Public Bank
2017-06-01 00:00:00+08:00,9.000142001992797,9.49580213872786,8.974054659110495,9.221884727478027,223892300,0.0,0.0,5347.KL,Tenaga Nasional
2017-06-01 00:00:00+08:00,1.0714700694647303,1.093043302648638,1.0498968362808228,1.0498968362808228,119684393,0.0,0.0,4677.KL,YTL Corporation
2017-06-01 00:00:00+08:00,5.043975463637586,5.151785520263959,4.951566476472909,5.120982646942139,77647100,0.0,0.0,4863.KL,Telekom Malaysia
2017-06-01 00:00:00+08:00,0.988185006576622,0.988185006576622,0.9300564326026636,0.9365150332450868,64758496,0.0,0.0,6742.KL,YTL Power
2017-06-01 00:00:00+08:00,2.135755113128642,2.2276151588652437,2.135755113128642,2.181685209274292,437792105,0.0,0.0,4197.KL,Sime Darby
2017-06-01 00:00:00+08:00,4.280393234135023,4.357328501464034,3.8677411642903214,3.8817293643951416,86662800,0.0,0.0,6012.KL,Maxis
2017-06-01 00:00:00+08:00,12.572938540641076,13.21908464829409,12.35755650475674,12.47870922088623,12876500,0.0,0.0,6033.KL,PETRONAS Gas
2017-06-01 00:00:00+08:00,68.93580591538374,71.45784759521484,68.59953240862951,71.45784759521484,923100,0.0,0.0,4707.KL,Nestlé Malaysia
2017-07-01 00:00:00+08:00,5.050323186567589,5.057092888893717,4.90815588678066,5.002933979034424,22017800,0.0,0.0,3816.KL,MISC
2017-07-01 00:00:00+08:00,12.53255463702634,12.855627688459782,12.357556413222008,12.613322257995604,15430500,0.0,0.0,6033.KL,PETRONAS Gas
2017-07-01 00:00:00+08:00,3.4737026792497483,3.637087485854511,3.46659916873485,3.516324758529663,33698000,0.0,0.0,1015.KL,AMMB Holdings
2017-07-01 00:00:00+08:00,2.967446665491422,3.0141778540786657,2.952843103774838,2.9616053104400635,411213000,0.0,0.0,1295.KL,Public Bank
2017-07-01 00:00:00+08:00,5.230535688489914,5.465819067850432,5.185288669012958,5.339128017425537,59295100,0.0,0.0,5225.KL,IHH Healthcare
2017-07-01 00:00:00+08:00,3.2194177830700936,3.2320926443344438,3.1370310337555565,3.1687183380126958,20871500,0.0,0.0,1066.KL,RHB Bank
2017-07-01 00:00:00+08:00,2.2046502688819296,2.206946781105293,2.1702027320861816,2.1702027320861816,426471228,0.0,0.0,4197.KL,Sime Darby
2017-07-01 00:00:00+08:00,1.971548422179976,1.9823613780449425,1.859815346950466,1.9102755784988403,217663200,0.03,0.0,5398.KL,Gamuda
2017-07-01 00:00:00+08:00,4.299750994467376,4.465636449012566,4.140500793575269,4.346199035644531,395419400,0.0,0.0,1023.KL,CIMB
2017-07-01 00:00:00+08:00,71.37378127510735,71.62598159636133,69.5242801831596,70.54991149902344,1460500,0.0,0.0,4707.KL,Nestlé Malaysia
2017-07-01 00:00:00+08:00,12.046333632419856,12.586873347199315,12.000001257092064,12.123553276062012,21179100,0.0,0.0,5819.KL,Hong Leong Bank
2017-07-01 00:00:00+08:00,1.2114766727682909,1.292844429373759,1.1753131176125082,1.288323998451233,73540000,0.0,0.0,8869.KL,Press Metal
2017-07-01 00:00:00+08:00,19.369281712600856,19.636552771891903,19.117732833115067,19.49505615234375,18740200,0.15,0.0,2445.KL,Kuala Lumpur Kepong
2017-07-01 00:00:00+08:00,3.547135829925537,3.658232084357514,3.507458920534682,3.547135829925537,47394800,0.0,0.0,1961.KL,IOI Corporation
2017-07-01 00:00:00+08:00,0.9365151869417174,0.9429744561825792,0.8977629926312694,0.9042215943336488,64358375,0.0,0.0,6742.KL,YTL Power
2017-07-01 00:00:00+08:00,5.316060140152601,5.435187781897458,5.062914655877832,5.174596309661865,117402200,0.0,0.0,5183.KL,PETRONAS Chemicals
2017-07-01 00:00:00+08:00,1.5545013762252051,1.5830532312393188,1.5386391116402862,1.5830532312393188,32126734,0.0,0.0,7084.KL,QL Resources
2017-07-01 00:00:00+08:00,11.65061705445795,11.691882682014636,11.416779810097376,11.59559726715088,14214360,0.0,0.0,4065.KL,PPB Group
2017-07-01 00:00:00+08:00,3.723698089775844,3.754536140271906,3.5001220398701123,3.569507837295532,82639000,0.0,0.0,6888.KL,Axiata
2017-07-01 00:00:00+08:00,1.3174113433935348,1.455554162395765,1.303934006857172,1.4420769214630127,188807212,0.0,0.0,5211.KL,Sunway
2017-07-01 00:00:00+08:00,9.20884132385254,9.417540080028257,9.143623273533304,9.20884132385254,174519200,0.0,0.0,5347.KL,Tenaga Nasional
2017-07-01 00:00:00+08:00,3.902711776057416,3.965658847769639,3.832770770546624,3.951670646667481,131039900,0.0,0.0,6012.KL,Maxis
2017-07-01 00:00:00+08:00,1.0570879993466968,1.0642793163438669,1.006750226020813,1.006750226020813,139689623,0.0,0.0,4677.KL,YTL Corporation
2017-07-01 00:00:00+08:00,5.151785075680979,5.151785075680979,4.782150260518244,4.897661209106445,57499800,0.0,0.0,4863.KL,Telekom Malaysia
2017-07-01 00:00:00+08:00,5.572361454306753,5.595507273928219,5.520283222198486,5.520283222198486,238551100,0.0,0.0,1155.KL,Maybank
2017-07-01 00:00:00+08:00,3.6418197937879,3.656357982028625,3.3655938705963817,3.489168643951416,91250400,0.0,0.0,6947.KL,Celcomdigi
2017-07-01 00:00:00+08:00,17.684567789523218,17.772259077898564,17.20226152197512,17.37764549255371,6562000,0.0,0.0,5681.KL,PETRONAS Dagangan
2017-08-01 00:00:00+08:00,4.379376338775881,4.697876453399658,4.319657784809901,4.697876453399658,246768700,0.0,0.0,1023.KL,CIMB
2017-08-01 00:00:00+08:00,5.211824855843333,5.42029800628912,5.129924651558126,5.330952167510986,109909300,0.12,0.0,5183.KL,PETRONAS Chemicals
2017-08-01 00:00:00+08:00,2.179388320467321,2.1839813439435267,2.043894127919267,2.066859245300293,350646100,0.0,0.0,4197.KL,Sime Darby
2017-08-01 00:00:00+08:00,0.9042215614725484,0.930056551439346,0.891304358537225,0.9106808304786682,40742380,0.0,0.0,6742.KL,YTL Power
2017-08-01 00:00:00+08:00,4.897660905769516,5.005470946414996,4.836055168257811,4.951565742492676,42902800,0.0,0.0,4863.KL,Telekom Malaysia
2017-08-01 00:00:00+08:00,70.44902345992159,71.45783742268881,70.26407273684163,70.61715698242188,1827300,0.0,0.0,4707.KL,Nestlé Malaysia
2017-08-01 00:00:00+08:00,1.2928448268879744,1.6273571413349566,1.2792835299506709,1.622836709022522,417831200,0.0075,0.0,8869.KL,Press Metal
2017-08-01 00:00:00+08:00,1.0139415904548872,1.049896641115181,0.9995596786148478,1.0283234119415283,88447847,0.0,0.0,4677.KL,YTL Corporation
2017-08-01 00:00:00+08:00,3.523428120671237,3.566050194058776,3.040377616882324,3.040377616882324,75082800,0.126,0.0,1015.KL,AMMB Holdings
2017-08-01 00:00:00+08:00,3.584927269772395,3.8007936477661137,3.569508242772844,3.800793647766113,72885300,0.0,0.0,6888.KL,Axiata
2017-08-01 00:00:00+08:00,2.964526093178102,3.0317025530386417,2.955763885687352,3.0083367824554443,455978000,0.054,0.0,1295.KL,Public Bank
2017-08-01 00:00:00+08:00,3.9516714180038512,4.0775652524968,3.944677149335033,4.042594909667969,77869700,0.05,0.0,6012.KL,Maxis
2017-08-01 00:00:00+08:00,5.543428850511016,5.693876948778377,5.450845575220287,5.473991394042969,258767300,0.0,0.0,1155.KL,Maybank
2017-08-01 00:00:00+08:00,12.572941396143676,12.828707300900032,12.34409761009818,12.384481430053713,14567000,0.16,0.0,6033.KL,PETRONAS Gas
2017-08-01 00:00:00+08:00,17.348412764658402,17.88918031305278,17.260721483204062,17.830718994140625,7719400,0.0,0.0,5681.KL,PETRONAS Dagangan
2017-08-01 00:00:00+08:00,5.339127307097014,5.474867915961112,5.302929868934255,5.420571327209473,47543400,0.0,0.0,5225.KL,IHH Healthcare
2017-08-01 00:00:00+08:00,11.540575368472558,11.691882137752756,11.237961829912168,11.471799850463867,14835120,0.0,0.0,4065.KL,PPB Group
2017-08-01 00:00:00+08:00,1.5703634350107618,1.58305302377696,1.529121994972229,1.529121994972229,19259365,0.0,0.0,7084.KL,QL Resources
2017-08-01 00:00:00+08:00,1.9388286978276144,1.9862059572186883,1.9351841996856356,1.9461175203323364,238369200,0.0,0.0,5398.KL,Gamuda
2017-08-01 00:00:00+08:00,3.5312645856953666,3.650296057004443,3.5153937480801973,3.6026835441589355,46963800,0.05,0.0,1961.KL,IOI Corporation
2017-08-01 00:00:00+08:00,12.200773772359303,12.355213797542966,11.70656495534346,11.922780990600586,21490200,0.0,0.0,5819.KL,Hong Leong Bank
2017-08-01 00:00:00+08:00,9.23493031999108,9.3653670659288,9.208842970803534,9.313192367553713,160766400,0.0,0.0,5347.KL,Tenaga Nasional
2017-08-01 00:00:00+08:00,3.4818986303878123,3.583665926265221,3.401938438889583,3.5182442665100098,68621800,0.046,0.0,6947.KL,Celcomdigi
2017-08-01 00:00:00+08:00,3.168718529929037,3.232092840089108,3.0229574654646,3.2004058361053467,30547800,0.0,0.0,1066.KL,RHB Bank
2017-08-01 00:00:00+08:00,1.448815073443649,1.4825086517919108,1.3847977525999735,1.4622923135757446,136711767,0.0,0.0,5211.KL,Sunway
2017-08-01 00:00:00+08:00,19.61388271785963,19.77205979965223,19.01281342742004,19.40825462341309,19312000,0.0,0.0,2445.KL,Kuala Lumpur Kepong
2017-08-01 00:00:00+08:00,4.996162618955497,5.145099571650496,4.847225343448039,5.0367817878723145,24411000,0.07,0.0,3816.KL,MISC
2017-09-01 00:00:00+08:00,4.077685818944772,4.127069340147904,4.014192335797879,4.091795444488525,41460300,0.0,0.0,6012.KL,Maxis
2017-09-01 00:00:00+08:00,3.8007931736641214,4.055207638849559,3.8007931736641214,4.039788246154785,151344100,0.0,0.0,6888.KL,Axiata
2017-09-01 00:00:00+08:00,3.0479782948296514,3.092366287150735,3.0243046283721924,3.0243046283721924,360214500,0.0,0.0,1295.KL,Public Bank
2017-09-01 00:00:00+08:00,0.9106807818340268,0.9171392995143952,0.8783865245861293,0.8848457932472229,39958397,0.0,0.0,6742.KL,YTL Power
2017-09-01 00:00:00+08:00,19.40825004592097,19.7562371302094,19.06026145314444,19.4240665435791,28289700,0.0,0.0,2445.KL,Kuala Lumpur Kepong
2017-09-01 00:00:00+08:00,17.830721994643415,18.049953022826404,17.596876679643977,17.772260665893555,3672900,0.14,0.0,5681.KL,PETRONAS Dagangan
2017-09-01 00:00:00+08:00,1.946117426813429,1.9679838932768208,1.9096731422618805,1.9242509603500368,159575800,0.0,0.0,5398.KL,Gamuda
2017-09-01 00:00:00+08:00,1.0283233953682949,1.0283233953682949,0.9707951164615172,0.9779856204986572,120449701,0.0,0.0,4677.KL,YTL Corporation
2017-09-01 00:00:00+08:00,12.490329131641309,12.897622740284644,12.096612278727909,12.150918006896973,10614200,0.0,0.0,6033.KL,PETRONAS Gas
2017-09-01 00:00:00+08:00,2.0668593555055783,2.12656895698932,2.0576733080633662,2.071452379226685,298320862,0.0,0.0,4197.KL,Sime Darby
2017-09-01 00:00:00+08:00,11.92278024398513,12.432433399818455,11.70656422226765,12.24710464477539,13516000,0.0,0.0,5819.KL,Hong Leong Bank
2017-09-01 00:00:00+08:00,4.951565550879737,5.0054707527160645,4.812952646842369,5.0054707527160645,22325800,0.094,0.0,4863.KL,Telekom Malaysia
2017-09-01 00:00:00+08:00,1.5291222023162276,1.6620480796993906,1.5291222023162276,1.6373026371002195,23498302,0.01453,1.3,7084.KL,QL Resources
2017-09-01 00:00:00+08:00,1.4622922455808531,1.5397877589892182,1.3600894157818864,1.4465686082839966,141517631,0.0,2.333333333333333,5211.KL,Sunway
2017-09-01 00:00:00+08:00,1.6297032377300409,1.7341132056196262,1.6024658830366605,1.711415410041809,216621200,0.0,0.0,8869.KL,Press Metal
2017-09-01 00:00:00+08:00,9.313191827130932,9.65232796886119,9.313191827130932,9.339279174804688,156908400,0.0,0.0,5347.KL,Tenaga Nasional
2017-09-01 00:00:00+08:00,70.61717157122156,72.28172200893793,70.61717157122156,71.28971862792969,3325300,0.7,0.0,4707.KL,Nestlé Malaysia
2017-09-01 00:00:00+08:00,3.5513818955182,3.617419748614704,3.492681426151353,3.595407247543335,56533700,0.0,0.0,6947.KL,Celcomdigi
2017-09-01 00:00:00+08:00,5.473991755628392,5.705449959144226,5.4392727491810735,5.514496803283691,230192500,0.23,0.0,1155.KL,Maybank
2017-09-01 00:00:00+08:00,11.471800384480828,11.691882682014636,11.403024076194226,11.59559726715088,10730160,0.066667,0.0,4065.KL,PPB Group
2017-09-01 00:00:00+08:00,5.4213065648038565,5.663599730772737,5.4213065648038565,5.51973819732666,121616900,0.0,0.0,5183.KL,PETRONAS Chemicals
2017-09-01 00:00:00+08:00,3.1192998256969893,3.330654214976514,3.1120115755383666,3.1776044368743896,93597000,0.0,0.0,1015.KL,AMMB Holdings
2017-09-01 00:00:00+08:00,4.697876564812972,4.697876564812972,4.127230446661815,4.180314064025879,453946500,0.0,0.0,1023.KL,CIMB
2017-09-01 00:00:00+08:00,3.6431632041931152,3.811679595885757,3.603040108021647,3.6431632041931152,94634800,0.0,0.0,1961.KL,IOI Corporation
2017-09-01 00:00:00+08:00,5.085414489628567,5.119590466453447,4.935039148625084,4.989721298217773,17501400,0.0,0.0,3816.KL,MISC
2017-09-01 00:00:00+08:00,5.420571912879455,5.447720210188535,5.167189818363271,5.203387260437012,49060600,0.0,0.0,5225.KL,IHH Healthcare
2017-09-01 00:00:00+08:00,3.200405889848006,3.3525042367862805,3.1687185831395888,3.1877310276031494,22052200,0.05,0.0,1066.KL,RHB Bank
2017-10-01 00:00:00+08:00,3.643163509136847,3.707360162270886,3.546868529435788,3.578966856002808,125026700,0.0,0.0,1961.KL,IOI Corporation
2017-10-01 00:00:00+08:00,12.216216795494956,12.478765193386137,12.138997154980435,12.308880805969238,23221600,0.3,0.0,5819.KL,Hong Leong Bank
2017-10-01 00:00:00+08:00,4.935039121216219,4.996556335460471,4.723146892733036,4.750487804412842,23187200,0.0,0.0,3816.KL,MISC
2017-10-01 00:00:00+08:00,5.203387835089078,5.348177619374344,5.040499327768154,5.10384464263916,58766600,0.0,0.0,5225.KL,IHH Healthcare
2017-10-01 00:00:00+08:00,19.424071529635576,19.75624220153233,19.06026634581405,19.455707550048828,35997000,0.0,0.0,2445.KL,Kuala Lumpur Kepong
2017-10-01 00:00:00+08:00,11.63759177345253,11.679056036834258,11.292057299758188,11.5961275100708,14301000,0.0,0.0,4065.KL,PPB Group
2017-10-01 00:00:00+08:00,1.6515401016911904,1.6515401016911904,1.589139051002083,1.618259310722351,21191625,0.0,0.0,7084.KL,QL Resources
2017-10-01 00:00:00+08:00,17.889518598943948,18.374608141736072,17.6102237701416,17.6102237701416,6526900,0.0,0.0,5681.KL,PETRONAS Dagangan
2017-10-01 00:00:00+08:00,3.219736499197292,3.309351342379097,3.1621268045385325,3.251741647720337,13058200,0.0,0.0,1066.KL,RHB Bank
2017-10-01 00:00:00+08:00,3.5954064258343124,3.676119727708374,3.492680627919708,3.668781995773315,102509800,0.0,0.0,6947.KL,Celcomdigi
2017-10-01 00:00:00+08:00,1.4622921233166395,1.4622921233166395,1.2814711221520774,1.3600893020629885,144274571,0.029409,0.0,5211.KL,Sunway
2017-10-01 00:00:00+08:00,0.8848459904442424,0.9235981064703928,0.8498393498993736,0.8564273715019226,34267852,0.046136,1.02,6742.KL,YTL Power
2017-10-01 00:00:00+08:00,2.071452596786158,2.1472376426986024,2.048487475768659,2.112790107727051,270447865,0.0,0.0,4197.KL,Sime Darby
2017-10-01 00:00:00+08:00,1.9315398230168543,1.9424729695882497,1.8258518126707968,1.9133176803588867,303468600,0.0,0.0,5398.KL,Gamuda
2017-10-01 00:00:00+08:00,1.711415894754707,2.0428041287425933,1.6750994115445244,2.0110270977020264,296070200,0.0,0.0,8869.KL,Press Metal
2017-10-01 00:00:00+08:00,3.177604500964199,3.3087898787592573,3.11929988861084,3.11929988861084,37046400,0.0,0.0,1015.KL,AMMB Holdings
2017-10-01 00:00:00+08:00,0.9779857583147836,1.021133035227524,0.9241971085751164,0.9315317273139954,104087302,0.047439,1.02,4677.KL,YTL Corporation
2017-10-01 00:00:00+08:00,5.658880372560128,5.676656801534174,5.427784535487582,5.481114387512207,164453400,0.0,0.0,1155.KL,Maybank
2017-10-01 00:00:00+08:00,5.001582257790295,5.001582257790295,4.74368823608941,4.962507247924805,60529700,0.0,0.0,4863.KL,Telekom Malaysia
2017-10-01 00:00:00+08:00,12.218801000956212,12.748282843774582,12.083036027489737,12.245954513549805,16332200,0.0,0.0,6033.KL,PETRONAS Gas
2017-10-01 00:00:00+08:00,4.180314634067397,4.286481250469891,3.9945227389615567,4.074147701263428,321544600,0.13,0.0,1023.KL,CIMB
2017-10-01 00:00:00+08:00,3.027263641357422,3.0479779649793555,3.0124676455182744,3.027263641357422,508184500,0.0,0.0,1295.KL,Public Bank
2017-10-01 00:00:00+08:00,71.83224434843208,75.27382202215735,71.83224434843208,75.01951599121094,5870500,0.0,0.0,4707.KL,Nestlé Malaysia
2017-10-01 00:00:00+08:00,9.339278004297617,10.082768252773954,9.143623232251896,9.782763481140137,180198900,0.0,0.0,5347.KL,Tenaga Nasional
2017-10-01 00:00:00+08:00,5.527309928767161,5.754459429305348,5.42887829801157,5.580311298370361,157046300,0.0,0.0,5183.KL,PETRONAS Chemicals
2017-10-01 00:00:00+08:00,4.047497626651358,4.16314048950796,3.924145435667531,4.155430793762207,134858000,0.05,0.0,6888.KL,Axiata
2017-10-01 00:00:00+08:00,4.091796900305735,4.204673944816196,4.021248411086569,4.1976189613342285,64922000,0.0,0.0,6012.KL,Maxis
2017-11-01 00:00:00+08:00,5.481114387512207,5.617401284817371,5.392231677539491,5.481114387512207,254457200,0.0,0.0,1155.KL,Maybank
2017-11-01 00:00:00+08:00,9.756676318145423,10.174074458344595,9.600152248809998,10.082768440246582,369478200,0.0,0.0,5347.KL,Tenaga Nasional
2017-11-01 00:00:00+08:00,5.10384464263916,5.221486558124736,4.90475868924692,5.10384464263916,100738800,0.0,0.0,5225.KL,IHH Healthcare
2017-11-01 00:00:00+08:00,4.186999809939763,4.257042303851888,4.031349040035416,4.148087024688721,121164300,0.0,0.0,6888.KL,Axiata
2017-11-01 00:00:00+08:00,12.232376185494596,12.42244557022444,10.766119709986278,10.779696464538574,36657400,0.16,0.0,6033.KL,PETRONAS Gas
2017-11-01 00:00:00+08:00,3.213335497707444,3.2261376190040214,3.014902464997168,3.1365227699279785,17667600,0.0,0.0,1066.KL,RHB Bank
2017-11-01 00:00:00+08:00,1.6140998391134245,1.7472212314605713,1.6016199177958044,1.7472212314605713,29053350,0.0,0.0,7084.KL,QL Resources
2017-11-01 00:00:00+08:00,11.62376968546243,11.706697414722465,11.278236030293153,11.513198852539062,9465600,0.0,0.0,4065.KL,PPB Group
2017-11-01 00:00:00+08:00,17.65432558509411,17.83072167247631,15.434672365593007,17.786623001098633,10886200,0.2,0.0,5681.KL,PETRONAS Dagangan
2017-11-01 00:00:00+08:00,5.55002560444848,5.731745595593112,5.466737260130323,5.60302734375,243143500,0.0,0.0,5183.KL,PETRONAS Chemicals
2017-11-01 00:00:00+08:00,3.66878211778392,3.676119849963005,3.1991781046746297,3.404629707336426,144011100,0.049,0.0,6947.KL,Celcomdigi
2017-11-01 00:00:00+08:00,1.3752769645747849,1.3832728405890742,1.2553396022261454,1.3033145666122437,105437117,0.0,0.0,5211.KL,Sunway
2017-11-01 00:00:00+08:00,4.9468775206249,4.9468775206249,4.610833838110051,4.712428569793701,51908900,0.0,0.0,4863.KL,Telekom Malaysia
2017-11-01 00:00:00+08:00,4.19761802356031,4.275221142524298,3.9718639849742425,4.183508396148682,81373400,0.05,0.0,6012.KL,Maxis
2017-11-01 00:00:00+08:00,0.973899876068348,1.0119426986577686,0.8293366066244241,0.8902050852775574,162739397,0.0,0.0,4677.KL,YTL Corporation
2017-11-01 00:00:00+08:00,0.8879135432656287,0.9084037060736102,0.7581412144977931,0.7854616045951843,44992933,0.0,0.0,6742.KL,YTL Power
2017-11-01 00:00:00+08:00,1.916962405866548,1.916962405866548,1.6691420704524458,1.7821189165115356,347402200,0.0,0.0,5398.KL,Gamuda
2017-11-01 00:00:00+08:00,3.126587554945214,3.1921804126437308,2.988113937316609,3.024554491043091,37815500,0.0,0.0,1015.KL,AMMB Holdings
2017-11-01 00:00:00+08:00,75.34161187597448,82.47906494140625,73.78188759349833,82.47906494140625,12212400,0.7,0.0,4707.KL,Nestlé Malaysia
2017-11-01 00:00:00+08:00,2.0428040914463663,2.3968902292075933,2.0428040914463663,2.360573530197144,778192800,0.0,0.0,8869.KL,Press Metal
2017-11-01 00:00:00+08:00,3.0243045854725503,3.03910058270303,2.944406270980835,2.944406270980835,529717500,0.0,0.0,1295.KL,Public Bank
2017-11-01 00:00:00+08:00,19.51897526440004,19.692968826087743,18.822998000672666,19.281709671020508,11253400,0.0,0.0,2445.KL,Kuala Lumpur Kepong
2017-11-01 00:00:00+08:00,3.595016019286317,3.683286608666739,3.458597940055366,3.578966856002808,60556100,0.0,0.0,1961.KL,IOI Corporation
2017-11-01 00:00:00+08:00,4.151578217714813,4.26671175777612,3.982264264198947,4.097397804260254,235935400,0.0,0.0,1023.KL,CIMB
2017-11-01 00:00:00+08:00,2.105900764044255,2.105900764044255,1.389210615554051,1.444533109664917,625763937,0.0,0.0,4197.KL,Sime Darby
2017-11-01 00:00:00+08:00,4.750488367301743,5.249460553475849,4.709476994922566,4.818840980529785,43019400,0.07,0.0,3816.KL,MISC
2017-11-01 00:00:00+08:00,12.432143811473669,12.96719758536744,11.723983279259416,11.912826538085938,16002100,0.0,0.0,5819.KL,Hong Leong Bank
2017-12-01 00:00:00+08:00,11.51320045716167,12.162804388839566,11.457914242129632,11.914019584655762,11077080,0.0,0.0,4065.KL,PPB Group
2017-12-01 00:00:00+08:00,4.864985394653069,5.134112146856929,4.809779611719812,5.120310783386231,25766800,0.0,0.0,3816.KL,MISC
2017-12-01 00:00:00+08:00,3.440192139316038,3.781245708465576,3.3734645130298824,3.781245708465576,83699200,0.0,0.0,6947.KL,Celcomdigi
2017-12-01 00:00:00+08:00,83.12170932928518,88.16197204589844,83.1046200253932,88.16197204589844,4159800,0.0,0.0,4707.KL,Nestlé Malaysia
2017-12-01 00:00:00+08:00,4.14808608208539,4.272606372833252,4.085825936711459,4.272606372833252,95751900,0.0,0.0,6888.KL,Axiata
2017-12-01 00:00:00+08:00,5.603027294657217,5.943751778631417,5.587883992281581,5.830176830291748,203304400,0.0,0.0,5183.KL,PETRONAS Chemicals
2017-12-01 00:00:00+08:00,4.0973978997365474,4.4495709183381456,4.009354564350962,4.429253101348877,273967500,0.0,0.0,1023.KL,CIMB
2017-12-01 00:00:00+08:00,3.1365223159891684,3.277345629870615,3.014902028660072,3.200532913208008,12535100,0.0,0.0,1066.KL,RHB Bank
2017-12-01 00:00:00+08:00,1.782118268916141,1.8185623715340111,1.687363602109679,1.8076292276382449,141228400,0.0,0.0,5398.KL,Gamuda
2017-12-01 00:00:00+08:00,3.024554588969482,3.250485125829174,2.9589617291472563,3.214044570922852,45113800,0.05,0.0,1015.KL,AMMB Holdings
2017-12-01 00:00:00+08:00,4.71242812787457,5.079731636055488,4.5717583979205605,4.923432350158691,27496000,0.0,0.0,4863.KL,Telekom Malaysia
2017-12-01 00:00:00+08:00,1.4445327580228149,1.4445327580228149,1.253977400361955,1.3584755659103394,634992000,0.17,0.0,4197.KL,Sime Darby
2017-12-01 00:00:00+08:00,3.9885873017979065,4.7767510414123535,3.6462532342052327,4.7767510414123535,207332000,0.0,0.0,5285.KL,SD Guthrie
2017-12-01 00:00:00+08:00,17.936973873693592,18.38169108920077,17.41813523730648,17.9814453125,20456900,0.0,0.0,5681.KL,PETRONAS Dagangan
2017-12-01 00:00:00+08:00,1.3033145666122437,1.3592853097794186,1.263335381007222,1.3033145666122437,90379219,0.0,0.0,5211.KL,Sunway
2017-12-01 00:00:00+08:00,4.219448723148033,4.27637243270874,3.998870493704212,4.27637243270874,72778800,0.0,0.0,6012.KL,Maxis
2017-12-01 00:00:00+08:00,10.883851770509256,12.117537861294045,10.842728617576611,11.980461120605469,17898600,0.0,0.0,6033.KL,PETRONAS Gas
2017-12-01 00:00:00+08:00,5.103844913289218,5.366276626976462,4.913808095583612,5.302931308746338,69740500,0.0,0.0,5225.KL,IHH Healthcare
2017-12-01 00:00:00+08:00,11.912825666062307,13.455040872828675,11.912825666062307,13.37635612487793,25303300,0.0,0.0,5819.KL,Hong Leong Bank
2017-12-01 00:00:00+08:00,2.3605728222160987,2.483141022283795,2.2062278176817838,2.446824550628662,286642200,0.0075,0.0,8869.KL,Press Metal
2017-12-01 00:00:00+08:00,10.082768265149785,10.226248970534597,9.6523267709667,9.95233154296875,287329300,0.44,0.0,5347.KL,Tenaga Nasional
2017-12-01 00:00:00+08:00,3.578966556432529,3.667237138424437,3.4666224228515023,3.6431632041931152,140454600,0.0,0.0,1961.KL,IOI Corporation
2017-12-01 00:00:00+08:00,2.944405746069356,3.118998693922254,2.944405746069356,3.074610710144043,413621500,0.0,0.0,1295.KL,Public Bank
2017-12-01 00:00:00+08:00,1.7472208927039878,1.826262387520718,1.71810063561696,1.809622049331665,18521550,0.0,0.0,7084.KL,QL Resources
2017-12-01 00:00:00+08:00,19.281708912681207,19.787874586890684,18.85463327497593,19.772056579589844,8281600,0.0,0.0,2445.KL,Kuala Lumpur Kepong
2017-12-01 00:00:00+08:00,0.7854613864122867,0.9015731418381172,0.764971229295994,0.881083071231842,58069551,0.0,0.0,6742.KL,YTL Power
2017-12-01 00:00:00+08:00,0.8902050469874364,1.0423765182495115,0.8597704340705477,1.0423765182495115,143552370,0.0,0.0,4677.KL,YTL Corporation
2017-12-01 00:00:00+08:00,5.481114536283172,5.807018756866455,5.457412441973615,5.807018756866455,224933100,0.0,0.0,1155.KL,Maybank
2018-01-01 00:00:00+08:00,5.830175808486058,6.269331861457119,5.716601241096452,6.163329124450684,210055800,0.0,0.0,5183.KL,PETRONAS Chemicals
2018-01-01 00:00:00+08:00,5.807016766817248,6.067739714873311,5.682580673060367,5.984782695770264,266332400,0.0,0.0,1155.KL,Maybank
2018-01-01 00:00:00+08:00,10.245439123981532,10.822836487532523,10.151444040538804,10.594562530517578,242748500,0.0,0.0,5347.KL,Tenaga Nasional
2018-01-01 00:00:00+08:00,88.16197650496065,97.4736597108286,85.85541570502404,96.7902374267578,2973000,0.0,0.0,4707.KL,Nestlé Malaysia
2018-01-01 00:00:00+08:00,4.272606718244671,4.529430395324204,4.179216492633805,4.428257465362549,142933300,0.0,0.0,6888.KL,Axiata
2018-01-01 00:00:00+08:00,3.253049659644527,3.6144998172385656,3.208790521279201,3.555487632751465,69462400,0.0,0.0,1015.KL,AMMB Holdings
2018-01-01 00:00:00+08:00,3.0746116587146584,3.311347645235576,3.050937989509677,3.2521636486053467,476560000,0.0,0.0,1295.KL,Public Bank
2018-01-01 00:00:00+08:00,11.980457206991964,13.364926868096184,11.692597191388712,12.268317222595217,11774200,0.0,0.0,6033.KL,PETRONAS Gas
2018-01-01 00:00:00+08:00,4.276373618589174,4.340412258257183,4.20521904672894,4.326181411743164,62199100,0.0,0.0,6012.KL,Maxis
2018-01-01 00:00:00+08:00,1.303314559646957,1.4552344529087236,1.303314559646957,1.415256142616272,89254760,0.0,0.0,5211.KL,Sunway
2018-01-01 00:00:00+08:00,4.923432795035874,4.923432795035874,4.626463752351198,4.80620813369751,42205700,0.0,0.0,4863.KL,Telekom Malaysia
2018-01-01 00:00:00+08:00,3.200533382676629,3.5653942981833584,3.1557258054375628,3.48218035697937,55046900,0.0,0.0,1066.KL,RHB Bank
2018-01-01 00:00:00+08:00,1.464412132578154,2.0276474952697754,1.4511595469607006,2.0276474952697754,411057300,0.0,0.0,4197.KL,Sime Darby
2018-01-01 00:00:00+08:00,5.302930952302326,5.492967757234339,5.248634783965692,5.438671588897705,124919200,0.0,0.0,5225.KL,IHH Healthcare
2018-01-01 00:00:00+08:00,5.120311502461634,5.451544601325879,4.975397001142871,5.210020542144775,24991800,0.0,0.0,3816.KL,MISC
2018-01-01 00:00:00+08:00,4.429253518150039,4.98460346714082,4.3818454893410586,4.910105228424072,390033200,0.0,0.0,1023.KL,CIMB
2018-01-01 00:00:00+08:00,13.376351512860708,14.698250020139795,13.218982071218448,14.635302543640137,19672300,0.0,0.0,5819.KL,Hong Leong Bank
2018-01-01 00:00:00+08:00,2.4542175880552146,2.6454553616652574,2.344938984345068,2.631795644760132,253594200,0.0,0.0,8869.KL,Press Metal
2018-01-01 00:00:00+08:00,1.807629635846832,1.9351841107040049,1.7675410270245564,1.8659402132034304,206162200,0.03,0.0,5398.KL,Gamuda
2018-01-01 00:00:00+08:00,1.809622132629588,2.013464722690674,1.8013018515708026,1.9968243837356567,34200450,0.0,0.0,7084.KL,QL Resources
2018-01-01 00:00:00+08:00,1.0423766171386062,1.1793315915961853,1.004333698851576,1.164114236831665,145450494,0.0,0.0,4677.KL,YTL Corporation
2018-01-01 00:00:00+08:00,17.98144055249215,18.90052472228207,17.93696912545812,18.248271942138672,24751200,0.0,0.0,5681.KL,PETRONAS Dagangan
2018-01-01 00:00:00+08:00,0.8810831301939441,0.9084035145306496,0.8537627458572388,0.8537627458572388,36756330,0.0,0.0,6742.KL,YTL Power
2018-01-01 00:00:00+08:00,4.776751431551847,4.776751431551847,4.314998853908037,4.378688812255859,167076200,0.0,0.0,5285.KL,SD Guthrie
2018-01-01 00:00:00+08:00,11.91401845357066,12.148982077122184,11.775805301707427,12.066054344177246,25136760,0.0,0.0,4065.KL,PPB Group
2018-01-01 00:00:00+08:00,3.6431639465683503,3.7715572682525034,3.611065616147312,3.763532876968384,116514200,0.0,0.0,1961.KL,IOI Corporation
2018-01-01 00:00:00+08:00,19.77205897534234,20.088411617250134,19.487340843381126,19.94605255126953,19736700,0.0,0.0,2445.KL,Kuala Lumpur Kepong
2018-01-01 00:00:00+08:00,3.781247156171324,3.781247156171324,3.4550218628004714,3.6700339317321777,90496700,0.0,0.0,6947.KL,Celcomdigi
2018-02-01 00:00:00+08:00,4.806207948694806,4.8609125152725845,4.587388564442959,4.610833644866943,43914800,0.0,0.0,4863.KL,Telekom Malaysia
2018-02-01 00:00:00+08:00,1.415256185557602,1.415256185557602,1.2793270677825026,1.319306254386902,59731029,0.0,0.0,5211.KL,Sunway
2018-02-01 00:00:00+08:00,4.910104955239979,5.004920684641891,4.537614105321333,4.86946964263916,340444100,0.0,0.0,1023.KL,CIMB
2018-02-01 00:00:00+08:00,3.555488688350896,3.555488688350896,3.053884267807007,3.053884267807007,53448900,0.0,0.0,1015.KL,AMMB Holdings
2018-02-01 00:00:00+08:00,5.210019435878629,5.2445226775494165,4.644162916163262,4.733871936798096,41019800,0.09,0.0,3816.KL,MISC
2018-02-01 00:00:00+08:00,19.94604747794831,20.38894257245627,19.58224240941106,19.80368995666504,29781200,0.35,0.0,2445.KL,Kuala Lumpur Kepong
2018-02-01 00:00:00+08:00,6.16333002732174,6.254189838961448,5.90589353329777,6.125471591949463,160324800,0.0,0.0,5183.KL,PETRONAS Chemicals
2018-02-01 00:00:00+08:00,10.594561929610077,10.648273219876891,10.406572413676225,10.540850639343262,190185200,0.0,0.0,5347.KL,Tenaga Nasional
2018-02-01 00:00:00+08:00,5.984784584870529,6.269209708892442,5.759614412468604,6.198103427886963,294493400,0.0,0.0,1155.KL,Maybank
2018-02-01 00:00:00+08:00,3.763532876968384,3.867852642157898,3.675262276989388,3.763532876968384,78600700,0.0,0.0,1961.KL,IOI Corporation
2018-02-01 00:00:00+08:00,18.24828427435912,19.419376344969773,17.92215695702946,19.122896194458008,18782100,0.0,0.0,5681.KL,PETRONAS Dagangan
2018-02-01 00:00:00+08:00,3.252163293158572,3.409000937639923,3.107162305603796,3.403082609176636,647784000,0.0,0.0,1295.KL,Public Bank
2018-02-01 00:00:00+08:00,1.9968246309636064,2.071705496044564,1.913623595375015,2.055065155029297,20414025,0.0,0.0,7084.KL,QL Resources
2018-02-01 00:00:00+08:00,4.428256968097004,4.490517111512823,4.11695587991818,4.202563762664795,143375300,0.0,0.0,6888.KL,Axiata
2018-02-01 00:00:00+08:00,3.4821798666285453,3.5909980351523445,3.238939290543183,3.4437735080718994,49061600,0.0,0.0,1066.KL,RHB Bank
2018-02-01 00:00:00+08:00,96.79023710164556,109.43362426757812,96.79023710164556,109.43362426757812,2945600,0.0,0.0,4707.KL,Nestlé Malaysia
2018-02-01 00:00:00+08:00,3.670032444591271,3.707103622228335,3.492091640422048,3.5884764194488525,82918800,0.046,0.0,6947.KL,Celcomdigi
2018-02-01 00:00:00+08:00,2.631794542220433,2.654560799897252,2.4633231064025622,2.6409010887146,175985000,0.0,0.0,8869.KL,Press Metal
2018-02-01 00:00:00+08:00,4.326181149647559,4.368873686603146,4.148295409354222,4.20521879196167,47086800,0.05,0.0,6012.KL,Maxis
2018-02-01 00:00:00+08:00,4.378687589033744,4.617525245738926,4.259268760681152,4.259268760681152,90503800,0.0,0.0,5285.KL,SD Guthrie
2018-02-01 00:00:00+08:00,5.438670991640984,5.728250524302372,5.158140172113951,5.348176956176758,89653400,0.0,0.0,5225.KL,IHH Healthcare
2018-02-01 00:00:00+08:00,0.8537628096592427,0.8674233488885446,0.7718016505241394,0.7718016505241394,39488656,0.0,0.0,6742.KL,YTL Power
2018-02-01 00:00:00+08:00,12.0660553881359,12.922979850943362,11.914019484375125,12.231911659240724,23136720,0.0,0.0,4065.KL,PPB Group
2018-02-01 00:00:00+08:00,12.26831705011745,12.789206657088837,11.349906599307406,12.076411247253418,12486200,0.0,0.0,6033.KL,PETRONAS Gas
2018-02-01 00:00:00+08:00,2.027647562837241,2.027647562837241,1.729464060541579,1.8288586139678955,368889500,0.0,0.0,4197.KL,Sime Darby
2018-02-01 00:00:00+08:00,1.8890712539674024,1.9148984639310704,1.7783835882662702,1.830037832260132,150241800,0.0,0.0,5398.KL,Gamuda
2018-02-01 00:00:00+08:00,1.1641141693792836,1.1793315232620631,1.034768254698084,1.0880284309387207,121753795,0.0,0.0,4677.KL,YTL Corporation
2018-02-01 00:00:00+08:00,14.635305455924424,15.75262451171875,13.801250851138564,15.75262451171875,20872200,0.0,0.0,5819.KL,Hong Leong Bank
2018-03-01 00:00:00+08:00,5.348177755274713,5.610609461714099,5.348177755274713,5.474869251251221,116485900,0.0,0.0,5225.KL,IHH Healthcare
2018-03-01 00:00:00+08:00,4.603018517977603,4.649908306424511,4.071600542932403,4.079415321350098,75407900,0.121,0.0,4863.KL,Telekom Malaysia
2018-03-01 00:00:00+08:00,3.763532552672926,3.915999800356225,3.635139242052148,3.843778371810913,87725900,0.16,0.0,1961.KL,IOI Corporation
2018-03-01 00:00:00+08:00,1.3193062066876386,1.3193062066876386,1.1753820930008585,1.215360403060913,75663561,0.029409,0.0,5211.KL,Sunway
2018-03-01 00:00:00+08:00,4.233322945679452,4.297898824713495,4.010894157592082,4.118520736694336,34245900,0.0,0.0,6012.KL,Maxis
2018-03-01 00:00:00+08:00,3.614721316871726,3.614721316871726,3.397688385078677,3.472527265548706,61188800,0.0,0.0,6947.KL,Celcomdigi
2018-03-01 00:00:00+08:00,3.437372417709183,3.482179990229024,3.296549098002938,3.347757577896118,35161200,0.0,0.0,1066.KL,RHB Bank
2018-03-01 00:00:00+08:00,19.83533081282722,20.37313109380872,19.582248682597925,20.230772018432617,21565900,0.0,0.0,2445.KL,Kuala Lumpur Kepong
2018-03-01 00:00:00+08:00,2.618135387143742,2.640901868661461,1.9533566453865592,1.967016577720642,451164400,0.0075,0.0,8869.KL,Press Metal
2018-03-01 00:00:00+08:00,1.826349030176348,1.9222785623301004,1.807901165023859,1.9112097024917605,195865600,0.0,0.0,5398.KL,Gamuda
2018-03-01 00:00:00+08:00,19.048769555126604,19.271128160723254,17.862853693260867,18.44098663330078,14548100,0.49,0.0,5681.KL,PETRONAS Dagangan
2018-03-01 00:00:00+08:00,1.7957267201104916,1.828858177348402,1.5903115272521973,1.749342679977417,250183000,0.0,0.0,4197.KL,Sime Darby
2018-03-01 00:00:00+08:00,15.327729482939882,15.626731213544124,14.39925279441094,14.792675018310549,18306800,0.16,0.0,5819.KL,Hong Leong Bank
2018-03-01 00:00:00+08:00,1.0880283068937562,1.110853866491364,1.019550878302228,1.0271599292755127,90459511,0.0,0.0,4677.KL,YTL Corporation
2018-03-01 00:00:00+08:00,4.802341584029989,5.158847457075537,4.704477363974371,4.928167343139648,24319600,0.0,0.0,3816.KL,MISC
2018-03-01 00:00:00+08:00,0.7718015951727814,0.7922916672119952,0.6898404419156928,0.6966707110404968,77506712,0.0,0.0,6742.KL,YTL Power
2018-03-01 00:00:00+08:00,12.218088599085348,13.392905129923657,12.135160866506707,13.227048873901367,30206160,0.0,0.0,4065.KL,PPB Group
2018-03-01 00:00:00+08:00,3.403082015967243,3.568797300639012,3.340938696024243,3.551042318344116,603564500,0.068,0.0,1295.KL,Public Bank
2018-03-01 00:00:00+08:00,6.198104030861122,6.28106164932251,6.032189359040889,6.28106164932251,323401200,0.0,0.0,1155.KL,Maybank
2018-03-01 00:00:00+08:00,4.194780952584773,4.303736571893263,4.046912930180151,4.241476058959961,101560100,0.0,0.0,6888.KL,Axiata
2018-03-01 00:00:00+08:00,10.567706439262128,10.970541762452664,10.406572566101552,10.903402328491213,185284300,0.0,0.0,5347.KL,Tenaga Nasional
2018-03-01 00:00:00+08:00,4.855924538438887,4.964285372041072,4.747563704836702,4.86946964263916,343470800,0.12,0.0,1023.KL,CIMB
2018-03-01 00:00:00+08:00,12.14495134851994,12.46022730125263,11.898215067316707,12.227197647094728,12751600,0.19,0.0,6033.KL,PETRONAS Gas
2018-03-01 00:00:00+08:00,6.13304308248726,6.345049297860506,5.951323108265416,6.254189491271973,154858900,0.15,0.0,5183.KL,PETRONAS Chemicals
2018-03-01 00:00:00+08:00,106.7853143685844,139.24804993663403,103.62447167033764,131.9866485595703,9062800,0.0,0.0,4707.KL,Nestlé Malaysia
2018-03-01 00:00:00+08:00,2.050905982081031,2.121626216222264,1.7805024023201,2.117466688156128,49970700,0.0,0.0,7084.KL,QL Resources
2018-03-01 00:00:00+08:00,3.0243773461298846,3.112895625121306,2.8620938346456124,2.869470357894897,66555700,0.0,0.0,1015.KL,AMMB Holdings
2018-03-01 00:00:00+08:00,4.267230514268956,4.498106755972457,4.267230514268956,4.394610404968262,85322800,0.0,0.0,5285.KL,SD Guthrie
2018-04-01 00:00:00+08:00,3.604323653577727,3.679413655098644,3.487183036370674,3.5742876529693604,503384000,0.0,0.0,1295.KL,Public Bank
2018-04-01 00:00:00+08:00,5.474869152180919,5.565362768021182,5.339128512666725,5.502017021179199,78978300,0.0,0.0,5225.KL,IHH Healthcare
2018-04-01 00:00:00+08:00,6.257359811030692,6.423274489683409,6.091444567275408,6.387721061706543,322759700,0.0,0.0,1155.KL,Maybank
2018-04-01 00:00:00+08:00,0.6966707627238325,0.6966707627238325,0.6249543373809026,0.6283694505691528,162173724,0.0,0.0,6742.KL,YTL Power
2018-04-01 00:00:00+08:00,1.027160000152234,1.1260712963410884,0.9967253874812736,1.103245735168457,86309541,0.0,0.0,4677.KL,YTL Corporation
2018-04-01 00:00:00+08:00,4.378687408597297,4.617525055460485,4.33888100757944,4.4344162940979,61005000,0.035,0.0,5285.KL,SD Guthrie
2018-04-01 00:00:00+08:00,12.473057469207344,13.0274150502728,12.223595896881523,12.348326683044434,12062700,0.0,0.0,6033.KL,PETRONAS Gas
2018-04-01 00:00:00+08:00,10.876548155849006,10.916831307078262,10.513995953050838,10.634846687316896,200183500,0.2141,0.0,5347.KL,Tenaga Nasional
2018-04-01 00:00:00+08:00,14.842355189291991,15.556692807658692,14.143890596402343,15.080467224121094,11545100,0.0,0.0,5819.KL,Hong Leong Bank
2018-04-01 00:00:00+08:00,1.9075200940419563,1.9333471390097616,1.7894530246931848,1.8964512348175049,214899600,0.0,0.0,5398.KL,Gamuda
2018-04-01 00:00:00+08:00,4.171434284277975,4.25704180810119,3.937958342160635,4.124739170074463,59620500,0.0,0.0,6888.KL,Axiata
2018-04-01 00:00:00+08:00,3.334955556205803,3.5013831207633506,3.1941319271227915,3.3925652503967285,26849200,0.0,0.0,1066.KL,RHB Bank
2018-04-01 00:00:00+08:00,18.6642090851814,21.311078250107432,18.573458650572217,20.418704986572266,15568700,0.0,0.0,5681.KL,PETRONAS Dagangan
2018-04-01 00:00:00+08:00,4.937766073707381,5.068613469322831,4.641637636331093,4.958425998687744,267984100,0.0,0.0,1023.KL,CIMB
2018-04-01 00:00:00+08:00,4.914185981162153,5.088943656642226,4.767389507092986,5.005059719085693,32114900,0.0,0.0,3816.KL,MISC
2018-04-01 00:00:00+08:00,132.24294913230565,133.0972317325979,116.09700016559108,117.89099884033205,4188700,0.0,0.0,4707.KL,Nestlé Malaysia
2018-04-01 00:00:00+08:00,20.21494860096051,20.54711918515769,19.613877948199523,20.15167808532715,20581400,0.0,0.0,2445.KL,Kuala Lumpur Kepong
2018-04-01 00:00:00+08:00,6.3721927754490135,6.673058541100901,6.248760591005793,6.518768310546875,135542600,0.0,0.0,5183.KL,PETRONAS Chemicals
2018-04-01 00:00:00+08:00,1.7625957279070752,1.8884952986278516,1.630069706007177,1.7692220211029053,271490300,0.02,0.0,4197.KL,Sime Darby
2018-04-01 00:00:00+08:00,3.472527493295725,3.614721553944596,3.2629786142363035,3.465043783187866,151205500,0.0,0.0,6947.KL,Celcomdigi
2018-04-01 00:00:00+08:00,1.2470342721364176,1.3285402387697478,1.1899810073525854,1.2307339906692505,43292219,0.0,0.0,5211.KL,Sunway
2018-04-01 00:00:00+08:00,13.227048402726464,13.39290465284061,12.688015392139253,13.296154975891112,23551560,0.0,0.0,4065.KL,PPB Group
2018-04-01 00:00:00+08:00,3.984623424125728,3.992924516761012,3.843501286795081,3.9763219356536874,59129800,0.0,0.0,1961.KL,IOI Corporation
2018-04-01 00:00:00+08:00,2.869470742911834,2.972742258128673,2.662927712478156,2.876847267150879,47635100,0.0,0.0,1015.KL,AMMB Holdings
2018-04-01 00:00:00+08:00,4.104170432516448,4.240497818114921,3.802815537239163,4.183096885681152,25252400,0.0,0.0,6012.KL,Maxis
2018-04-01 00:00:00+08:00,4.1916859890672935,4.527020929107013,3.912240332605727,4.231606960296631,37822500,0.0,0.0,4863.KL,Telekom Malaysia
2018-04-01 00:00:00+08:00,1.9638004358805108,2.402230298609458,1.7354514492310569,2.205850124359131,357081400,0.0,0.0,8869.KL,Press Metal
2018-04-01 00:00:00+08:00,2.117466234335382,2.179866283157508,2.0425851492010008,2.138266324996948,52576650,0.0,0.0,7084.KL,QL Resources
2018-05-01 00:00:00+08:00,3.574288479981534,3.8716451696406224,3.5262307246656857,3.601320743560791,527780000,0.0,0.0,1295.KL,Public Bank
2018-05-01 00:00:00+08:00,2.876847032035161,2.876847032035161,2.508020498485535,2.596538782119751,75802500,0.0,0.0,1015.KL,AMMB Holdings
2018-05-01 00:00:00+08:00,117.89098738811218,128.31323149217178,112.25271755977144,125.40867614746094,3865100,1.35,0.0,4707.KL,Nestlé Malaysia
2018-05-01 00:00:00+08:00,4.462305961670827,4.470317084074597,4.262022935452363,4.334124565124512,53730800,0.0,0.0,5285.KL,SD Guthrie
2018-05-01 00:00:00+08:00,15.08046555097712,15.27095546048185,14.39787557317575,14.762982368469238,27063000,0.0,0.0,5819.KL,Hong Leong Bank
2018-05-01 00:00:00+08:00,1.781950249318075,1.955473483246886,1.615100979804993,1.615100979804993,297124900,0.0,0.0,4197.KL,Sime Darby
2018-05-01 00:00:00+08:00,3.3925650210547444,3.5141850035502715,3.2581426138474723,3.4181692600250244,75866400,0.0,0.0,1066.KL,RHB Bank
2018-05-01 00:00:00+08:00,2.20585133243522,2.3565616394556765,1.9866362810134883,1.9866362810134888,96739600,0.0,0.0,8869.KL,Press Metal
2018-05-01 00:00:00+08:00,3.976321949187742,3.992924530351577,3.77709097522172,3.901610136032105,69556100,0.0,0.0,1961.KL,IOI Corporation
2018-05-01 00:00:00+08:00,3.4650443636229444,3.607238448090972,3.1806561946868896,3.1806561946868896,91752700,0.049,0.0,6947.KL,Celcomdigi
2018-05-01 00:00:00+08:00,1.8964511569903928,1.903830337526016,1.1732908487319946,1.1732908487319946,501384600,0.0,0.0,5398.KL,Gamuda
2018-05-01 00:00:00+08:00,4.12473893704464,4.179216381654442,3.2375307040019834,3.3075735569000244,70440800,0.0,0.0,6888.KL,Axiata
2018-05-01 00:00:00+08:00,10.780374717092416,10.970937361915912,9.623390197753906,9.623390197753906,273050700,0.0,0.0,5347.KL,Tenaga Nasional
2018-05-01 00:00:00+08:00,12.34832564231554,13.027413952309685,11.807827376753622,11.863263130187988,15520700,0.16,0.0,6033.KL,PETRONAS Gas
2018-05-01 00:00:00+08:00,6.387720098691374,6.5654860815705,5.670731067657471,5.670731067657471,412466700,0.0,0.0,1155.KL,Maybank
2018-05-01 00:00:00+08:00,4.95842527802138,4.95842527802138,4.063154220581055,4.063154220581055,456164500,0.0,0.0,1023.KL,CIMB
2018-05-01 00:00:00+08:00,6.518769279943612,6.850493876750441,6.163901329040527,6.163901329040527,158360500,0.0,0.0,5183.KL,PETRONAS Chemicals
2018-05-01 00:00:00+08:00,13.29615477137358,14.54007781439348,13.01972769210193,13.752259254455566,16741680,0.183333,0.0,4065.KL,PPB Group
2018-05-01 00:00:00+08:00,4.183097300117635,4.1902725884510135,3.838691329256776,4.1400465965271,49101200,0.05,0.0,6012.KL,Maxis
2018-05-01 00:00:00+08:00,4.231606941080612,4.303464155966674,2.898251533508301,2.898251533508301,98050200,0.0,0.0,4863.KL,Telekom Malaysia
2018-05-01 00:00:00+08:00,2.138266512089547,2.3379486049901166,2.1049856053663074,2.192347288131714,33783975,0.0,0.0,7084.KL,QL Resources
2018-05-01 00:00:00+08:00,1.1032458306985302,1.1032458306985302,0.7075989246368408,0.7075989246368408,416657630,0.0,0.0,4677.KL,YTL Corporation
2018-05-01 00:00:00+08:00,5.502016036995844,5.809694707323743,5.321028837689738,5.384374141693115,148675100,0.0,0.0,5225.KL,IHH Healthcare
2018-05-01 00:00:00+08:00,5.005060162434746,5.033021366322461,3.739814519882202,3.739814519882202,48147500,0.07,0.0,3816.KL,MISC
2018-05-01 00:00:00+08:00,20.418707459518057,20.796831671731358,18.39196145126608,18.830585479736328,21442400,0.0,0.0,5681.KL,PETRONAS Dagangan
2018-05-01 00:00:00+08:00,1.230733924052846,1.2714860131272407,1.1818304061889648,1.1818304061889648,51698661,0.0,0.0,5211.KL,Sunway
2018-05-01 00:00:00+08:00,0.6283694058855834,0.648859521242833,0.4985970604358967,0.5464082956314087,436486043,0.0,0.0,6742.KL,YTL Power
2018-05-01 00:00:00+08:00,20.15167965466668,20.53130277803052,19.218438345031068,19.708786010742188,23272800,0.0,0.0,2445.KL,Kuala Lumpur Kepong
2018-06-01 00:00:00+08:00,4.382193196990531,4.42224996190658,4.157876383087594,4.270034790039063,125551400,0.0,0.0,5285.KL,SD Guthrie
2018-06-01 00:00:00+08:00,3.4181695198349686,3.763827077433266,3.392565278918549,3.4949822425842285,80356300,0.1,0.0,1066.KL,RHB Bank
2018-06-01 00:00:00+08:00,9.82756201934679,10.24952163684503,9.215041082676516,9.963678359985352,224382800,0.0,0.0,5347.KL,Tenaga Nasional
2018-06-01 00:00:00+08:00,19.550607305905014,19.81950737272673,18.39592002595491,19.10771369934082,27178500,0.0,0.0,2445.KL,Kuala Lumpur Kepong
2018-06-01 00:00:00+08:00,126.91561835899128,128.12351151805814,123.46448000160252,127.26072692871094,2702400,0.0,0.0,4707.KL,Nestlé Malaysia
2018-06-01 00:00:00+08:00,2.2048268515912115,2.512670669735379,2.2006671015656893,2.496030330657959,41621850,0.0,0.0,7084.KL,QL Resources
2018-06-01 00:00:00+08:00,3.344795839874653,3.481009112864004,2.973992680339132,3.1404757499694824,86623900,0.0,0.0,6947.KL,Celcomdigi
2018-06-01 00:00:00+08:00,5.429621765724898,5.601559840087094,5.248634546137095,5.520115375518799,102815100,0.03,0.0,5225.KL,IHH Healthcare
2018-06-01 00:00:00+08:00,13.736756407803936,14.002269233232132,13.191757449842116,13.750730514526367,30565800,0.0,0.0,4065.KL,PPB Group
2018-06-01 00:00:00+08:00,4.1494889872880885,4.594834572948836,4.029316336832802,4.184834003448486,45842200,0.0,0.0,3816.KL,MISC
2018-06-01 00:00:00+08:00,5.706284752947188,5.984784786774374,5.14335958550267,5.332976341247559,402661100,0.32,0.0,1155.KL,Maybank
2018-06-01 00:00:00+08:00,2.626044981391412,2.8916001946248198,2.618668457461051,2.766199111938477,71362500,0.0,0.0,1015.KL,AMMB Holdings
2018-06-01 00:00:00+08:00,2.132780042691425,2.132780042691425,1.8770291471119172,1.9912036657333372,103752600,0.0075,0.0,8869.KL,Press Metal
2018-06-01 00:00:00+08:00,3.9431170813784586,3.9431170813784586,3.611065037463441,3.768789768218994,93470000,0.0,0.0,1961.KL,IOI Corporation
2018-06-01 00:00:00+08:00,6.271904869630037,6.58820007299221,6.2256174257583705,6.487911224365234,134712200,0.0,0.0,5183.KL,PETRONAS Chemicals
2018-06-01 00:00:00+08:00,3.3931816536977384,3.7589602354599823,2.941794991083885,2.957360029220581,131809200,0.035,0.0,6888.KL,Axiata
2018-06-01 00:00:00+08:00,4.07004108708719,4.517676816877347,3.663725861423504,3.7532527446746826,347224000,0.0,0.0,1023.KL,CIMB
2018-06-01 00:00:00+08:00,3.5923096390531404,3.7875440337036848,3.3580287235299178,3.508208751678467,717807000,0.0,0.0,1295.KL,Public Bank
2018-06-01 00:00:00+08:00,2.9142193568470613,3.2974591678942717,2.3952487238664286,2.483074426651001,250427000,0.0,0.0,4863.KL,Telekom Malaysia
2018-06-01 00:00:00+08:00,1.2360137931638735,1.3799079790503623,1.158532403189203,1.206497073173523,290754200,0.0,0.0,5398.KL,Gamuda
2018-06-01 00:00:00+08:00,1.1899809335327676,1.3203895205507064,1.1818303968441464,1.2633354663848877,32618503,0.0,0.0,5211.KL,Sunway
2018-06-01 00:00:00+08:00,1.6284485745663246,1.7352319833117686,1.568382748027182,1.635122537612915,215343600,0.0,0.0,4197.KL,Sime Darby
2018-06-01 00:00:00+08:00,12.236572540661257,12.921820282854952,11.956879720753683,12.096725463867188,16012400,0.0,0.0,6033.KL,PETRONAS Gas
2018-06-01 00:00:00+08:00,0.5600681305910696,0.7376509427934371,0.5498234399946461,0.7035003304481506,416695067,0.0,0.0,6742.KL,YTL Power
2018-06-01 00:00:00+08:00,18.770086329001824,19.526334780242376,17.393714378532728,18.754961013793945,17519600,0.13,0.0,5681.KL,PETRONAS Dagangan
2018-06-01 00:00:00+08:00,4.147158479192496,4.21229720426947,3.785277286750277,3.951742649078369,56875200,0.0,0.0,6012.KL,Maxis
2018-06-01 00:00:00+08:00,0.7152071568219549,0.9054222888312762,0.7114033809153882,0.8597704172134399,505058750,0.0,0.0,4677.KL,YTL Corporation
2018-06-01 00:00:00+08:00,15.223336623469104,15.509072305890196,13.937527566453738,14.445502281188965,27341900,0.0,0.0,5819.KL,Hong Leong Bank
2018-07-01 00:00:00+08:00,6.534198741549216,6.904495353821347,6.410766537458505,6.889066696166992,150954000,0.0,0.0,5183.KL,PETRONAS Chemicals
2018-07-01 00:00:00+08:00,2.766198867072864,3.0170010102443903,2.721939727408543,2.965365171432495,34703600,0.0,0.0,1015.KL,AMMB Holdings
2018-07-01 00:00:00+08:00,0.7035003269685279,0.8674233346231375,0.6898404800441083,0.8332726359367371,319179984,0.0,0.0,6742.KL,YTL Power
2018-07-01 00:00:00+08:00,1.2633354636576313,1.3040883452430745,1.2062821034210756,1.247034192085266,67339851,0.0,0.0,5211.KL,Sunway
2018-07-01 00:00:00+08:00,5.566044203208107,5.575139255011921,5.247724762565579,5.375052452087402,107185400,0.0,0.0,5225.KL,IHH Healthcare
2018-07-01 00:00:00+08:00,1.9430998731918696,2.218067026041843,1.8010337366943086,2.19057035446167,93145400,0.0,0.0,8869.KL,Press Metal
2018-07-01 00:00:00+08:00,3.886602598989841,4.190582752227783,3.7708007673245993,4.190582752227783,40837100,0.0,0.0,6012.KL,Maxis
2018-07-01 00:00:00+08:00,1.2101866705808764,1.490595776106119,1.158532410281544,1.427872657775879,366863400,0.03,0.0,5398.KL,Gamuda
2018-07-01 00:00:00+08:00,13.7507322638638,14.488577346853576,13.610989579627736,13.83457851409912,12245548,0.0,1.2,4065.KL,PPB Group
2018-07-01 00:00:00+08:00,3.7876859338267614,4.125134159398144,3.5879716108593054,4.021833896636963,228706800,0.0,0.0,1023.KL,CIMB
2018-07-01 00:00:00+08:00,3.5743457721444383,3.620003585421149,3.372147417950562,3.548255681991577,38288800,0.0,0.0,1066.KL,RHB Bank
2018-07-01 00:00:00+08:00,19.107720800323783,19.6455211338294,18.6015564904308,19.582250595092773,24645200,0.15,0.0,2445.KL,Kuala Lumpur Kepong
2018-07-01 00:00:00+08:00,1.6284485955008967,1.688514263692385,1.5149910631304753,1.6818403005599976,230942700,0.0,0.0,4197.KL,Sime Darby
2018-07-01 00:00:00+08:00,5.509638331911895,6.06060193157417,5.436176557545077,6.005506038665772,218602800,0.0,0.0,1155.KL,Maybank
2018-07-01 00:00:00+08:00,4.262023452953144,4.310091339240898,4.125830917466374,4.205944061279297,46968700,0.0,0.0,5285.KL,SD Guthrie
2018-07-01 00:00:00+08:00,3.140476133267338,3.541548777552837,3.042099688124732,3.4431726932525635,107933000,0.0,0.0,6947.KL,Celcomdigi
2018-07-01 00:00:00+08:00,4.198972290738556,4.799835255772381,4.085868768965154,4.722076416015625,36782600,0.0,0.0,3816.KL,MISC
2018-07-01 00:00:00+08:00,14.413754076482746,15.270959662039926,14.00102506872716,15.128091812133787,21071000,0.0,0.0,5819.KL,Hong Leong Bank
2018-07-01 00:00:00+08:00,2.496030330657959,2.5376314015140644,2.441949340237621,2.496030330657959,57552075,0.0,0.0,7084.KL,QL Resources
2018-07-01 00:00:00+08:00,2.9964929047274014,3.5220556784046644,2.9494276152077963,3.4436135292053223,105816800,0.0,0.0,6888.KL,Axiata
2018-07-01 00:00:00+08:00,9.9636797426523,10.67148208618164,9.691447672648152,10.67148208618164,156066400,0.0,0.0,5347.KL,Tenaga Nasional
2018-07-01 00:00:00+08:00,3.7604881814037032,3.8351995944976807,3.594461983317311,3.8351995944976807,71093100,0.0,0.0,1961.KL,IOI Corporation
2018-07-01 00:00:00+08:00,0.859770367796726,1.0271599292755127,0.8217274560512526,1.0271599292755127,416134762,0.0,0.0,4677.KL,YTL Corporation
2018-07-01 00:00:00+08:00,127.60585552503444,129.2451544010963,125.88028607552728,127.34703063964844,2641900,0.0,0.0,4707.KL,Nestlé Malaysia
2018-07-01 00:00:00+08:00,3.4751695789691293,3.619342859586289,3.35502553651232,3.613335371017456,659421000,0.0,0.0,1295.KL,Public Bank
2018-07-01 00:00:00+08:00,12.09672595649631,13.607068579185215,11.831018100183526,13.10362148284912,19700700,0.0,0.0,6033.KL,PETRONAS Gas
2018-07-01 00:00:00+08:00,2.475090491387588,3.1936652484264525,2.451138024867263,3.169712781906128,325965600,0.0,0.0,4863.KL,Telekom Malaysia
2018-07-01 00:00:00+08:00,18.57971437722284,20.875569911601698,18.57971437722284,20.510665893554688,11239800,0.0,0.0,5681.KL,PETRONAS Dagangan
2018-08-01 00:00:00+08:00,1.0271600989161536,1.0652029232197522,0.9358562521241874,1.011942744255066,145248170,0.0,0.0,4677.KL,YTL Corporation
2018-08-01 00:00:00+08:00,4.161634199254732,4.234010377174925,4.024119288647946,4.183347225189209,35084900,0.05,0.0,6012.KL,Maxis
2018-08-01 00:00:00+08:00,0.8264423484411396,0.8469324200943323,0.7444811967281524,0.7786318063735962,249993597,0.0,0.0,6742.KL,YTL Power
2018-08-01 00:00:00+08:00,3.169712430246784,3.169712430246784,2.6347734995690795,2.6427576541900635,142263700,0.0,0.0,4863.KL,Telekom Malaysia
2018-08-01 00:00:00+08:00,5.99938439360501,6.121820690653619,5.974897134195288,6.0973334312438965,187305400,0.0,0.0,1155.KL,Maybank
2018-08-01 00:00:00+08:00,13.767501069301083,14.237037805619416,13.750731500338327,14.086114883422852,14878000,0.0,0.0,4065.KL,PPB Group
2018-08-01 00:00:00+08:00,4.722076373467146,4.722076373467146,4.121213413847424,4.191903114318848,33196000,0.07,0.0,3816.KL,MISC
2018-08-01 00:00:00+08:00,4.021835037060256,4.262869599156156,3.973627993287628,4.194002628326416,210186300,0.0,0.0,1023.KL,CIMB
2018-08-01 00:00:00+08:00,19.704174710889045,19.863335145303846,19.21077387307716,19.62459373474121,11874900,0.0,0.0,2445.KL,Kuala Lumpur Kepong
2018-08-01 00:00:00+08:00,4.205944629065626,4.32611455201229,4.117819967970119,4.294069290161133,65157500,0.0,0.0,5285.KL,SD Guthrie
2018-08-01 00:00:00+08:00,3.5613009125668103,3.6330488197335415,3.293877319061389,3.5221657752990723,77156100,0.0,0.0,1066.KL,RHB Bank
2018-08-01 00:00:00+08:00,10.399250016177492,10.86204408084891,10.317580589891518,10.67148208618164,156148100,0.0,0.0,5347.KL,Tenaga Nasional
2018-08-01 00:00:00+08:00,127.26072272475884,128.2960615647643,125.5351536030672,126.82933044433594,2410600,0.7,0.0,4707.KL,Nestlé Malaysia
2018-08-01 00:00:00+08:00,13.341361909797902,13.635039742208074,12.698067673741368,13.075654029846191,15585800,0.16,0.0,6033.KL,PETRONAS Gas
2018-08-01 00:00:00+08:00,20.525871500523756,20.905980232014933,19.85688077109916,20.67791557312012,13132100,0.0,0.0,5681.KL,PETRONAS Dagangan
2018-08-01 00:00:00+08:00,15.112216836689438,16.477395478102864,14.985222031231038,16.318653106689453,14676000,0.0,0.0,5819.KL,Hong Leong Bank
2018-08-01 00:00:00+08:00,2.9727425622096715,3.076013912119897,2.8399647605846385,3.024378061294556,53493200,0.1,0.0,1015.KL,AMMB Holdings
2018-08-01 00:00:00+08:00,2.1630729373964366,2.309722035288628,2.112662494375677,2.2822253704071045,125790000,0.0075,0.0,8869.KL,Press Metal
2018-08-01 00:00:00+08:00,3.7355844319840847,3.934815411688253,3.702379268700057,3.752187013626098,56642200,0.0,0.0,1961.KL,IOI Corporation
2018-08-01 00:00:00+08:00,5.40233755396812,5.484191291258475,4.792982917864292,5.074923038482666,210654900,0.0,0.0,5225.KL,IHH Healthcare
2018-08-01 00:00:00+08:00,3.4514580937685744,3.788759538239226,3.3573275102942097,3.76522707939148,108391400,0.0,0.0,6888.KL,Axiata
2018-08-01 00:00:00+08:00,6.842777822842985,7.567942974015318,6.842777822842985,7.297934532165527,177970800,0.14,0.0,5183.KL,PETRONAS Chemicals
2018-08-01 00:00:00+08:00,1.681840444099118,1.781950058748765,1.655144589291171,1.701862335205078,175184700,0.0,0.0,4197.KL,Sime Darby
2018-08-01 00:00:00+08:00,2.496030578764888,2.579231612934556,2.4211497149609595,2.4253101348876958,42527700,0.0,0.0,7084.KL,QL Resources
2018-08-01 00:00:00+08:00,3.481009083307385,3.692896755889564,3.4053350434002803,3.5642507076263428,81867700,0.049,0.0,6947.KL,Celcomdigi
2018-08-01 00:00:00+08:00,1.2551847532328917,1.295937731510148,1.2551847532328917,1.2714859247207642,31380101,0.0,0.0,5211.KL,Sunway
2018-08-01 00:00:00+08:00,1.4625902078982371,1.4701099445235375,1.3272347693581663,1.3911526203155518,181088800,0.0,0.0,5398.KL,Gamuda
2018-08-01 00:00:00+08:00,3.613334994839535,3.8025622716778806,3.613334994839535,3.772526264190674,514809000,0.0,0.0,1295.KL,Public Bank
2018-09-01 00:00:00+08:00,3.7103176658944874,3.804448256486406,3.3887046276845685,3.576965808868408,75037800,0.0,0.0,6888.KL,Axiata
2018-09-01 00:00:00+08:00,3.6160706450444127,3.700165412940485,3.4555262538521645,3.68487548828125,81344700,0.0,0.0,6947.KL,Celcomdigi
2018-09-01 00:00:00+08:00,4.207775345988137,4.324849341767957,4.021834390450648,4.138908386230469,276794700,0.13,0.0,1023.KL,CIMB
2018-09-01 00:00:00+08:00,3.0933812509901,3.138760882073309,2.957242177417845,3.1236343383789062,38326200,0.0,0.0,1015.KL,AMMB Holdings
2018-09-01 00:00:00+08:00,6.134063979055176,6.207525749700943,5.852460233001944,5.993261814117432,213222700,0.25,0.0,1155.KL,Maybank
2018-09-01 00:00:00+08:00,5.074923959744844,5.074923959744844,4.511043616145649,4.738414764404297,116472800,0.0,0.0,5225.KL,IHH Healthcare
2018-09-01 00:00:00+08:00,14.13642501866047,14.354424639500696,13.81780957311157,14.069348335266112,17554800,0.08,0.0,4065.KL,PPB Group
2018-09-01 00:00:00+08:00,7.4048090295702576,7.858803601968792,7.216949360954581,7.326533794403076,172814200,0.0,0.0,5183.KL,PETRONAS Chemicals
2018-09-01 00:00:00+08:00,1.2714860819494491,1.2714860819494491,1.2062821808562187,1.2307339906692505,46284887,0.03431,0.0,5211.KL,Sunway
2018-09-01 00:00:00+08:00,10.671482835062871,10.889267987108742,10.276746922454254,10.52175521850586,129542500,0.3027,0.0,5347.KL,Tenaga Nasional
2018-09-01 00:00:00+08:00,2.44611037382505,2.932836464278332,2.4128294671890496,2.841315031051636,67772025,0.02,0.0,7084.KL,QL Resources
2018-09-01 00:00:00+08:00,3.7272831142908216,3.818597515430729,3.59446245505953,3.768789768218994,49753000,0.045,0.0,1961.KL,IOI Corporation
2018-09-01 00:00:00+08:00,2.6347734372547063,2.6347734372547063,2.403232768365023,2.5709002017974854,89474700,0.0,0.0,4863.KL,Telekom Malaysia
2018-09-01 00:00:00+08:00,1.6951884188577058,1.8353418196344196,1.6684925633040175,1.7419061660766602,174204700,0.06,0.0,4197.KL,Sime Darby
2018-09-01 00:00:00+08:00,16.09641592141483,16.874250226174972,15.858302359589834,16.33452796936035,30682600,0.0,0.0,5819.KL,Hong Leong Bank
2018-09-01 00:00:00+08:00,20.677920971510588,20.784350980113917,19.507185076873537,19.96331596374512,13965200,0.16,0.0,5681.KL,PETRONAS Dagangan
2018-09-01 00:00:00+08:00,3.5221657752990723,3.685229002757192,3.463462913888254,3.5221657752990723,51260500,0.075,0.0,1066.KL,RHB Bank
2018-09-01 00:00:00+08:00,0.7922917021275252,0.80595224097914,0.6898404723162962,0.7376509308815002,80584883,0.0,0.0,6742.KL,YTL Power
2018-09-01 00:00:00+08:00,2.243307567728024,2.312261736008045,2.1008024035222497,2.2341136932373047,108982200,0.0,0.0,8869.KL,Press Metal
2018-09-01 00:00:00+08:00,127.08817109917608,128.21513606630572,126.56802324672442,126.91477966308594,2409600,0.0,0.0,4707.KL,Nestlé Malaysia
2018-09-01 00:00:00+08:00,19.13119578035791,20.24532497230938,19.13119578035791,19.86333656311035,14238600,0.0,0.0,2445.KL,Kuala Lumpur Kepong
2018-09-01 00:00:00+08:00,4.219472529594949,4.299773656371189,4.168371527748808,4.263273239135742,40159800,0.0,0.0,6012.KL,Maxis
2018-09-01 00:00:00+08:00,1.391152566726045,1.391152566726045,1.1542806032267885,1.2633168697357178,222334200,0.0,0.0,5398.KL,Gamuda
2018-09-01 00:00:00+08:00,0.9738998124993996,1.0119426326056673,0.8825967255798902,0.951073408126831,89250824,0.0,0.0,4677.KL,YTL Corporation
2018-09-01 00:00:00+08:00,12.97631919996842,13.667448935812256,12.97631919996842,13.328936576843262,21226400,0.0,0.0,6033.KL,PETRONAS Gas
2018-09-01 00:00:00+08:00,4.262843599279379,4.448806396548501,4.148404954806074,4.334367752075195,21061700,0.0,0.0,3816.KL,MISC
2018-09-01 00:00:00+08:00,4.262024352573078,4.374182777585356,4.133842913406506,4.246001720428467,71042300,0.03,0.0,5285.KL,SD Guthrie
2018-09-01 00:00:00+08:00,3.7725254708848297,3.928712605362989,3.646373979520377,3.754503726959229,518282000,0.064,0.0,1295.KL,Public Bank
2018-10-01 00:00:00+08:00,4.81117236959517,4.893026103151442,4.320050835609436,4.547421932220459,108875400,0.0,0.0,5225.KL,IHH Healthcare
2018-10-01 00:00:00+08:00,4.278181840976832,4.3265228331472985,4.044533520062885,4.237897872924805,78374400,0.0,0.0,5285.KL,SD Guthrie
2018-10-01 00:00:00+08:00,16.35040404331681,16.826629697758975,15.667813888153722,16.42977523803711,29187900,0.0,0.0,5819.KL,Hong Leong Bank
2018-10-01 00:00:00+08:00,3.684874526683041,3.7001644473522455,3.073276970833913,3.294981002807617,97740000,0.0,0.0,6947.KL,Celcomdigi
2018-10-01 00:00:00+08:00,2.2479041315005044,2.39040927897812,2.087011237199921,2.224919557571411,151848400,0.0,0.0,8869.KL,Press Metal
2018-10-01 00:00:00+08:00,3.584809615491911,3.663251761270821,2.5101510961958784,2.674879789352417,145133500,0.05,0.0,6888.KL,Axiata
2018-10-01 00:00:00+08:00,3.7817033954400654,3.8487845412849615,3.6810812768375554,3.77331805229187,43371300,0.0,0.0,1961.KL,IOI Corporation
2018-10-01 00:00:00+08:00,3.1085073660026734,3.123633907611036,2.7984129023860445,2.8740456104278564,36449900,0.0,0.0,1015.KL,AMMB Holdings
2018-10-01 00:00:00+08:00,10.787134719982609,10.884316352413338,9.579308980609026,10.204046249389648,134701200,0.0,0.0,5347.KL,Tenaga Nasional
2018-10-01 00:00:00+08:00,1.2294779900867008,1.263316801776696,0.7519743102495943,0.8986093401908875,1507254400,0.0,0.0,5398.KL,Gamuda
2018-10-01 00:00:00+08:00,4.2559718884096815,4.270572121292337,3.7595636223023856,3.817964553833008,40663000,0.0,0.0,6012.KL,Maxis
2018-10-01 00:00:00+08:00,3.8028324902103,3.811959352016086,3.699395327522012,3.7419872283935542,585785500,0.0,0.0,1295.KL,Public Bank
2018-10-01 00:00:00+08:00,127.00148189578672,127.34823832993544,123.793938582226,124.6608428955078,2282500,0.0,0.0,4707.KL,Nestlé Malaysia
2018-10-01 00:00:00+08:00,7.357843381645085,7.475256228690613,7.076053892414092,7.318706512451172,188732200,0.0,0.0,5183.KL,PETRONAS Chemicals
2018-10-01 00:00:00+08:00,19.576848780418278,19.97475220474433,19.06753136512177,19.831506729125977,13499600,0.0,0.0,2445.KL,Kuala Lumpur Kepong
2018-10-01 00:00:00+08:00,2.5709003464509985,2.5709003464509985,1.684658202830736,1.9002307653427124,281693800,0.0,0.0,4863.KL,Telekom Malaysia
2018-10-01 00:00:00+08:00,4.3486731491447,4.470264395264553,3.9195278354101246,4.362977981567383,29873800,0.0,0.0,3816.KL,MISC
2018-10-01 00:00:00+08:00,6.144035241400395,6.150317629984204,5.7545361360275225,5.961850166320801,213151500,0.0,0.0,1155.KL,Maybank
2018-10-01 00:00:00+08:00,13.512298171237186,13.512298171237186,12.059514912464746,12.89169216156006,16974400,0.0,0.0,6033.KL,PETRONAS Gas
2018-10-01 00:00:00+08:00,4.234584560117093,4.2697556625024085,3.868806504059077,4.023558616638184,262216500,0.0,0.0,1023.KL,CIMB
2018-10-01 00:00:00+08:00,0.7376509452602643,0.7376509452602643,0.5908036750265702,0.6488595604896545,96352805,0.047059,0.0,6742.KL,YTL Power
2018-10-01 00:00:00+08:00,14.06991608783528,14.322668417118022,13.85086331920885,14.120466232299805,16166400,0.0,0.0,4065.KL,PPB Group
2018-10-01 00:00:00+08:00,0.9586825331183216,0.9815080957196916,0.7456418244089273,0.8065102100372314,67925515,0.03871,0.0,4677.KL,YTL Corporation
2018-10-01 00:00:00+08:00,2.89208938580854,2.9884923728303607,2.791495717313993,2.95496129989624,156305250,0.0,0.0,7084.KL,QL Resources
2018-10-01 00:00:00+08:00,1.7963927341602812,1.823714269412283,1.3933996006456653,1.5026859045028689,307132900,0.0,0.0,4197.KL,Sime Darby
2018-10-01 00:00:00+08:00,1.2680826708558923,1.2680826708558923,1.1262577721252498,1.1429431438446045,56382649,0.0,0.0,5211.KL,Sunway
2018-10-01 00:00:00+08:00,20.26497015586266,20.54026833038593,19.010836620509508,19.882612228393555,16756400,0.0,0.0,5681.KL,PETRONAS Dagangan
2018-10-01 00:00:00+08:00,3.5772923917443946,3.5772923917443946,3.3392472772924706,3.4582698345184326,37993800,0.0,0.0,1066.KL,RHB Bank
2018-11-01 00:00:00+08:00,3.781702847264301,3.8571689254830575,3.4966076189142337,3.5636887550354004,52970700,0.0,0.0,1961.KL,IOI Corporation
2018-11-01 00:00:00+08:00,4.237899255020391,4.342637913457866,3.746431764736161,3.7867157459259033,86122100,0.0,0.0,5285.KL,SD Guthrie
2018-11-01 00:00:00+08:00,3.7298178579152856,3.802832387727528,3.6841839127825184,3.790663480758667,413173500,0.0,0.0,1295.KL,Public Bank
2018-11-01 00:00:00+08:00,2.88160898989835,3.27489944719207,2.8513559055407725,3.221956729888916,68877400,0.0,0.0,1015.KL,AMMB Holdings
2018-11-01 00:00:00+08:00,4.53832698133951,5.265914680181272,4.1290591717884935,4.8839311599731445,100668100,0.0,0.0,5225.KL,IHH Healthcare
2018-11-01 00:00:00+08:00,4.058730320776634,4.129072200559761,3.805499218140837,4.051696300506592,160719800,0.0,0.0,1023.KL,CIMB
2018-11-01 00:00:00+08:00,13.060949485546152,13.526404369695689,12.750645781070228,13.357148170471191,27695600,0.0,0.0,6033.KL,PETRONAS Gas
2018-11-01 00:00:00+08:00,1.530007823311881,1.7212587808697115,1.5026862812106532,1.5641597509384155,179899400,0.0,0.0,4197.KL,Sime Darby
2018-11-01 00:00:00+08:00,19.76784313900862,19.974753111193422,19.2426107164938,19.49726867675781,14727200,0.0,0.0,2445.KL,Kuala Lumpur Kepong
2018-11-01 00:00:00+08:00,0.6823061005141793,0.7253994554116431,0.6284399754506708,0.6356223225593567,47895899,0.0,0.0,6742.KL,YTL Power
2018-11-01 00:00:00+08:00,2.9549613288922294,3.198064701683864,2.892089414187589,2.9591524600982666,306624150,0.0,0.0,7084.KL,QL Resources
2018-11-01 00:00:00+08:00,1.1429432425490778,1.2513982188166368,1.1429432425490778,1.2180274724960327,30204029,0.0,0.0,5211.KL,Sunway
2018-11-01 00:00:00+08:00,4.36297803953654,5.071068106502693,4.327216128531735,4.398740291595459,54245000,0.07,0.0,3816.KL,MISC
2018-11-01 00:00:00+08:00,0.8287677302264504,0.9629490463289136,0.8208742254891358,0.8840189576148987,66222685,0.0,0.0,4677.KL,YTL Corporation
2018-11-01 00:00:00+08:00,16.080544646428244,16.620267012836504,16.080544646428244,16.17578887939453,24414500,0.32,0.0,5819.KL,Hong Leong Bank
2018-11-01 00:00:00+08:00,2.737292337819644,3.0467252744940763,2.6658845915366163,2.8801076412200928,123424800,0.0,0.0,6888.KL,Axiata
2018-11-01 00:00:00+08:00,5.961850392091471,5.980697558556625,5.716843219260211,5.899028301239014,157188700,0.0,0.0,1155.KL,Maybank
2018-11-01 00:00:00+08:00,7.326534208301965,7.984043832089578,7.1856398221246245,7.201294422149658,173035000,0.0,0.0,5183.KL,PETRONAS Chemicals
2018-11-01 00:00:00+08:00,10.204047371298005,10.42617674670569,9.801438747241043,9.884737014770508,101391600,0.0,0.0,5347.KL,Tenaga Nasional
2018-11-01 00:00:00+08:00,0.8986092710710272,0.9625270215689924,0.8760499753706055,0.8873295783996582,223052400,0.0,0.0,5398.KL,Gamuda
2018-11-01 00:00:00+08:00,14.069912381311529,15.923432724007617,13.93511096027762,14.828170776367188,29955500,0.0,0.0,4065.KL,PPB Group
2018-11-01 00:00:00+08:00,1.916198869356012,1.9720879475246984,1.7644997525409012,1.860309600830078,190820000,0.0,0.0,4863.KL,Telekom Malaysia
2018-11-01 00:00:00+08:00,3.451657423522799,3.5706802998768885,3.3789215716424224,3.471494674682617,27399500,0.0,0.0,1066.KL,RHB Bank
2018-11-01 00:00:00+08:00,19.897906078241235,21.68734122198165,19.68378512256489,19.72966766357422,13869000,0.0,0.0,5681.KL,PETRONAS Dagangan
2018-11-01 00:00:00+08:00,3.2720474540994258,3.440236640574076,3.134437755170484,3.241467237472534,74021700,0.05,0.0,6947.KL,Celcomdigi
2018-11-01 00:00:00+08:00,124.05400156205428,129.51548767089844,123.88061013238838,129.51548767089844,2819700,0.7,0.0,4707.KL,Nestlé Malaysia
2018-11-01 00:00:00+08:00,3.8179654375208254,4.036969329547249,3.774164728734959,3.963967800140381,36909600,0.05,0.0,6012.KL,Maxis
2018-11-01 00:00:00+08:00,2.2249204303281216,2.321456248615867,2.1375784890582894,2.1881449222564697,66283400,0.0,0.0,8869.KL,Press Metal
2018-12-01 00:00:00+08:00,3.8592263716375994,3.980079049800503,3.1824518733594305,3.8350560665130615,69866100,0.11,0.0,5285.KL,SD Guthrie
2018-12-01 00:00:00+08:00,129.7077985189186,129.7077985189186,125.4393804724345,128.40113830566406,1375800,0.0,0.0,4707.KL,Nestlé Malaysia
2018-12-01 00:00:00+08:00,3.799789669716191,3.805874485370661,3.665930253311741,3.766324996948242,332242000,0.0,0.0,1295.KL,Public Bank
2018-12-01 00:00:00+08:00,0.8873295918817516,0.9023691524579828,0.8196519726791412,0.8798098564147949,157651400,0.0,0.0,5398.KL,Gamuda
2018-12-01 00:00:00+08:00,4.07983264490713,4.241619119956605,3.875841046203424,4.016524791717529,149235600,0.0,0.0,1023.KL,CIMB
2018-12-01 00:00:00+08:00,0.6284399132690512,0.6499862247085361,0.5673914471373589,0.5961200594902039,35759707,0.0,0.0,6742.KL,YTL Power
2018-12-01 00:00:00+08:00,13.51230299193042,14.10470052144128,13.13147677731862,13.540513038635254,18414100,0.18,0.0,6033.KL,PETRONAS Gas
2018-12-01 00:00:00+08:00,0.8919116966088468,0.8919116966088468,0.7735165133192493,0.7971953749656677,76621218,0.0,0.0,4677.KL,YTL Corporation
2018-12-01 00:00:00+08:00,2.935646672385066,3.2133430891528505,2.935646672385066,3.1181328296661377,75377500,0.0,0.0,6888.KL,Axiata
2018-12-01 00:00:00+08:00,1.226370096206665,1.2430554678214494,1.1346005015997602,1.226370096206665,30414273,0.0,0.0,5211.KL,Sunway
2018-12-01 00:00:00+08:00,4.052593691150161,4.11890897307384,3.77996474534234,3.942068338394165,39068000,0.0,0.0,6012.KL,Maxis
2018-12-01 00:00:00+08:00,1.8762784187977215,2.179676734883031,1.8762784187977215,2.123787641525269,118370000,0.0,0.0,4863.KL,Telekom Malaysia
2018-12-01 00:00:00+08:00,3.56368859703358,3.773317338035555,3.437911272465376,3.731391429901123,43088300,0.0,0.0,1961.KL,IOI Corporation
2018-12-01 00:00:00+08:00,19.515544058140563,20.49437917270401,19.11789156355948,20.264965057373047,11182000,0.16,0.0,5681.KL,PETRONAS Dagangan
2018-12-01 00:00:00+08:00,1.5983115554381937,1.7007674932742878,1.4890253954521984,1.6392940282821655,119739400,0.0,0.0,4197.KL,Sime Darby
2018-12-01 00:00:00+08:00,2.1973380340074686,2.252501276903244,2.142174571912451,2.220322608947754,49139000,0.01,0.0,8869.KL,Press Metal
2018-12-01 00:00:00+08:00,16.655506690850835,16.913481380956295,16.026692230480943,16.44590187072754,19701700,0.0,0.0,5819.KL,Hong Leong Bank
2018-12-01 00:00:00+08:00,9.926386154226794,9.926386154226794,8.690794233372097,9.440479278564451,99342200,0.0,0.0,5347.KL,Tenaga Nasional
2018-12-01 00:00:00+08:00,19.656429224820755,19.8951706656562,18.733293427364792,19.672344207763672,18304200,0.0,0.0,2445.KL,Kuala Lumpur Kepong
2018-12-01 00:00:00+08:00,7.240430496698018,7.396980195977703,7.060398529148343,7.271740436553955,150471400,0.0,0.0,5183.KL,PETRONAS Chemicals
2018-12-01 00:00:00+08:00,4.829361910631295,5.138586732516563,4.601990820109996,4.902120590209961,95996000,0.0,0.0,5225.KL,IHH Healthcare
2018-12-01 00:00:00+08:00,2.959152960379472,2.9633447668324697,2.5274357941016725,2.854367017745972,126007200,0.0,0.0,7084.KL,QL Resources
2018-12-01 00:00:00+08:00,4.447382919679926,4.874042178193927,4.288289356308121,4.845116138458252,38793300,0.0,0.0,3816.KL,MISC
2018-12-01 00:00:00+08:00,3.263953711040434,3.511457455058462,3.155670984386537,3.4805195331573486,68503100,0.0,0.0,6947.KL,Celcomdigi
2018-12-01 00:00:00+08:00,14.6596720790019,14.91242601559856,14.06991610752994,14.811324119567873,17751700,0.0,0.0,4065.KL,PPB Group
2018-12-01 00:00:00+08:00,5.943003066085542,5.980696795082431,5.785946960321255,5.968132019042969,114425900,0.0,0.0,1155.KL,Maybank
2018-12-01 00:00:00+08:00,3.221956433739639,3.3580953008354,3.1311968283639517,3.2824625968933105,65203000,0.05,0.0,1015.KL,AMMB Holdings
2018-12-01 00:00:00+08:00,3.497943639755249,3.603741456891896,3.3789210954765205,3.497943639755249,38526100,0.0,0.0,1066.KL,RHB Bank
2019-01-01 00:00:00+08:00,3.118132959128151,3.3085532968420592,2.9911860042636778,3.1816065311431885,89925000,0.0,0.0,6888.KL,Axiata
2019-01-01 00:00:00+08:00,7.27174060864182,7.350015833377992,6.355923913072783,6.614231109619141,176250300,0.0,0.0,5183.KL,PETRONAS Chemicals
2019-01-01 00:00:00+08:00,5.96813285762912,6.100060028973154,5.848770464090033,5.993261814117432,187105600,0.0,0.0,1155.KL,Maybank
2019-01-01 00:00:00+08:00,4.01652488421913,4.058730008845356,3.946183009842086,3.953217029571533,194432600,0.0,0.0,1023.KL,CIMB
2019-01-01 00:00:00+08:00,0.7971953651567004,0.9155913248184072,0.7853559344791677,0.8682327270507812,59453735,0.0,0.0,4677.KL,YTL Corporation
2019-01-01 00:00:00+08:00,2.854366793225712,2.8920896756434744,2.703475263554663,2.833409786224365,57523050,0.0,0.0,7084.KL,QL Resources
2019-01-01 00:00:00+08:00,13.668649649754082,13.69712529597321,12.301784684778674,12.87131118774414,31177400,0.0,0.0,6033.KL,PETRONAS Gas
2019-01-01 00:00:00+08:00,19.67234394978012,19.799672918940043,18.781041165660685,19.640512466430664,19329300,0.0,0.0,2445.KL,Kuala Lumpur Kepong
2019-01-01 00:00:00+08:00,3.94206664065816,4.273642556125829,3.912593272796624,4.236800670623779,51883800,0.0,0.0,6012.KL,Maxis
2019-01-01 00:00:00+08:00,0.5961201134171034,0.667942173870069,0.5853466155877974,0.6463950872421265,31897518,0.0,0.0,6742.KL,YTL Power
2019-01-01 00:00:00+08:00,4.902120713195856,5.275009605905576,4.756603350387741,5.093112468719482,126658600,0.0,0.0,5225.KL,IHH Healthcare
2019-01-01 00:00:00+08:00,1.2263701416613848,1.3765376801508598,1.2096847694281667,1.3515095710754397,46129116,0.0,0.0,5211.KL,Sunway
2019-01-01 00:00:00+08:00,2.123787368028636,2.3233914375305176,2.051929781179304,2.3233914375305176,69262900,0.0,0.0,4863.KL,Telekom Malaysia
2019-01-01 00:00:00+08:00,4.84511598422194,4.982514841005325,4.483540154210584,4.902968406677246,47204500,0.0,0.0,3816.KL,MISC
2019-01-01 00:00:00+08:00,2.2296129505730637,2.2296129505730637,1.906480721838228,1.9895718097686768,122271000,0.0,0.0,8869.KL,Press Metal
2019-01-01 00:00:00+08:00,16.44589475280658,16.848980416050125,15.623599630753809,16.639375686645508,29163100,0.0,0.0,5819.KL,Hong Leong Bank
2019-01-01 00:00:00+08:00,3.497943945968872,3.669865729168501,3.491331739470175,3.590517044067383,60042300,0.0,0.0,1066.KL,RHB Bank
2019-01-01 00:00:00+08:00,128.4011217990721,130.23045117927322,124.82959231720166,129.35934448242188,1993300,0.0,0.0,4707.KL,Nestlé Malaysia
2019-01-01 00:00:00+08:00,3.924432918510984,4.3119292545678105,3.7183177541303687,4.2624616622924805,78260100,0.0,0.0,5285.KL,SD Guthrie
2019-01-01 00:00:00+08:00,20.39394436311581,20.409336371525967,18.931737324993257,20.301593780517575,12019900,0.0,0.0,5681.KL,PETRONAS Dagangan
2019-01-01 00:00:00+08:00,1.6392937884193703,1.652954556418765,1.4890251775768282,1.5300074815750122,117295300,0.0,0.0,4197.KL,Sime Darby
2019-01-01 00:00:00+08:00,3.766325172714705,3.83021247607118,3.717648821205285,3.769367218017578,511283500,0.0,0.0,1295.KL,Public Bank
2019-01-01 00:00:00+08:00,14.811321488278177,15.468479678330596,14.39006660908146,15.333678245544434,22803400,0.0,0.0,4065.KL,PPB Group
2019-01-01 00:00:00+08:00,3.480519947961306,3.666147501490843,3.3722372084024093,3.604271650314331,76724300,0.0,0.0,6947.KL,Celcomdigi
2019-01-01 00:00:00+08:00,0.8798098686477046,1.0866028657912252,0.8534907941474148,1.037724494934082,334214800,0.03,0.0,5398.KL,Gamuda
2019-01-01 00:00:00+08:00,3.731391352385233,3.941020089032383,3.572073864388274,3.899094581604004,76240800,0.0,0.0,1961.KL,IOI Corporation
2019-01-01 00:00:00+08:00,9.44047724982704,9.759787527271072,8.954569816589355,8.954569816589355,113252500,0.0,0.0,5347.KL,Tenaga Nasional
2019-01-01 00:00:00+08:00,3.3202795814577257,3.511539919287316,3.2208241182343045,3.442686080932617,75403600,0.0,0.0,1015.KL,AMMB Holdings
2019-02-01 00:00:00+08:00,2.323391747970231,2.491059028854545,2.251534151519654,2.4351699352264404,66367200,0.0,0.0,4863.KL,Telekom Malaysia
2019-02-01 00:00:00+08:00,2.8334097173389288,2.9340045176995457,2.80826090482572,2.892089605331421,55766700,0.0,0.0,7084.KL,QL Resources
2019-02-01 00:00:00+08:00,20.3015896042318,21.91771345827401,19.85523172719751,20.5478572845459,8341200,0.0,0.0,5681.KL,PETRONAS Dagangan
2019-02-01 00:00:00+08:00,3.604271810358657,3.673882330427806,3.5037237321366628,3.519192695617676,66052100,0.048,0.0,6947.KL,Celcomdigi
2019-02-01 00:00:00+08:00,12.87131118774414,13.156074439226872,12.572309434222698,12.87131118774414,23897300,0.0,0.0,6033.KL,PETRONAS Gas
2019-02-01 00:00:00+08:00,3.181606484996716,3.4672367036763534,2.935646751691384,3.300618886947632,105950500,0.0,0.0,6888.KL,Axiata
2019-02-01 00:00:00+08:00,3.953217103994203,4.143140336095946,3.953217103994203,4.11500358581543,183135900,0.0,0.0,1023.KL,CIMB
2019-02-01 00:00:00+08:00,5.09311306156257,5.320484184254435,4.820267974537932,5.21134614944458,91763300,0.0,0.0,5225.KL,IHH Healthcare
2019-02-01 00:00:00+08:00,0.6463950760916384,0.6787148867520509,0.6284399592789491,0.639213502407074,43242893,0.0,0.0,6742.KL,YTL Power
2019-02-01 00:00:00+08:00,0.8682327521466339,0.9155913512831374,0.8366603851318359,0.8366603851318359,50027983,0.0,0.0,4677.KL,YTL Corporation
2019-02-01 00:00:00+08:00,1.989571448882995,2.0126524125130394,1.851086327451876,1.9526420831680296,67963200,0.0,0.0,8869.KL,Press Metal
2019-02-01 00:00:00+08:00,3.590516868971169,3.795500305272786,3.590516868971169,3.74260139465332,63265700,0.0,0.0,1066.KL,RHB Bank
2019-02-01 00:00:00+08:00,15.33368056434588,16.00768783020193,15.165177944401828,15.46848201751709,12839000,0.0,0.0,4065.KL,PPB Group
2019-02-01 00:00:00+08:00,1.0653972527534354,1.2159425577440772,1.0190756770841856,1.1348797082901,250708400,0.0,0.0,5398.KL,Gamuda
2019-02-01 00:00:00+08:00,3.769366854430814,3.818043201244996,3.754155541384671,3.802831888198853,485491000,0.0,0.0,1295.KL,Public Bank
2019-02-01 00:00:00+08:00,4.262461009236128,4.386130167543705,4.13054745004587,4.204748630523682,56354700,0.0,0.0,5285.KL,SD Guthrie
2019-02-01 00:00:00+08:00,129.3593356673782,131.18866492292176,128.48822902988744,128.9237823486328,1193600,0.0,0.0,4707.KL,Nestlé Malaysia
2019-02-01 00:00:00+08:00,16.63937613481149,17.46167127901201,16.63937613481149,17.15532684326172,18843400,0.0,0.0,5819.KL,Hong Leong Bank
2019-02-01 00:00:00+08:00,1.3515095710754397,1.4099084246172964,1.2931108189847689,1.3515095710754397,27229928,0.0,0.0,5211.KL,Sunway
2019-02-01 00:00:00+08:00,1.5300075919601075,1.598311436884983,1.4548733625427452,1.482194900512695,126106200,0.0,0.0,4197.KL,Sime Darby
2019-02-01 00:00:00+08:00,3.442685637674788,3.511539467164315,3.3661815853531456,3.419734239578247,50473200,0.0,0.0,1015.KL,AMMB Holdings
2019-02-01 00:00:00+08:00,4.236802199418099,4.266275577914716,3.875753137159351,3.9568047523498535,32570200,0.05,0.0,6012.KL,Maxis
2019-02-01 00:00:00+08:00,5.993262350860374,6.081214006007007,5.930439654452545,5.986979961395264,207909500,0.0,0.0,1155.KL,Maybank
2019-02-01 00:00:00+08:00,19.64050924128316,20.27715398254,19.354018348777192,19.688257217407227,14393000,0.3,0.0,2445.KL,Kuala Lumpur Kepong
2019-02-01 00:00:00+08:00,4.902967984772744,5.134376275378761,4.823421212464148,4.98974609375,39586700,0.0,0.0,3816.KL,MISC
2019-02-01 00:00:00+08:00,3.8990953212381503,3.974561408858715,3.739777403184488,3.764932632446289,52825100,0.0,0.0,1961.KL,IOI Corporation
2019-02-01 00:00:00+08:00,8.954570997484181,9.440478494801502,8.954570997484181,9.31553077697754,61647100,0.0,0.0,5347.KL,Tenaga Nasional
2019-02-01 00:00:00+08:00,6.614230773415408,7.38132539877946,6.551610895404608,7.21694803237915,125706200,0.0,0.0,5183.KL,PETRONAS Chemicals
2019-03-01 00:00:00+08:00,3.742601381347413,3.927747883159676,3.590516856205961,3.7690508365631104,191507300,0.0,0.0,1066.KL,RHB Bank
2019-03-01 00:00:00+08:00,0.8287677552140499,0.8761254792930332,0.8050888931745582,0.8366603851318359,71023755,0.0,0.0,4677.KL,YTL Corporation
2019-03-01 00:00:00+08:00,1.924945086346981,2.1788345893180603,1.9110964639480852,2.081895112991333,77298600,0.0075,0.0,8869.KL,Press Metal
2019-03-01 00:00:00+08:00,20.28620171788498,20.70177563873949,18.931735904534435,19.23956871032715,9178400,0.25,0.0,5681.KL,PETRONAS Dagangan
2019-03-01 00:00:00+08:00,3.7649318352635857,3.8739388718774506,3.689465763622128,3.739776611328125,40603800,0.035,0.0,1961.KL,IOI Corporation
2019-03-01 00:00:00+08:00,0.6320310563444068,0.6428038253187165,0.5961200525282744,0.6176663637161255,36341954,0.0,0.0,6742.KL,YTL Power
2019-03-01 00:00:00+08:00,15.502181802086731,15.586433113280268,14.895575254021464,15.434781074523926,16577500,0.0,0.0,4065.KL,PPB Group
2019-03-01 00:00:00+08:00,5.22043981253872,5.411431555307299,5.193155525672306,5.247724533081055,116408300,0.0,0.0,5225.KL,IHH Healthcare
2019-03-01 00:00:00+08:00,6.0183905562697335,6.068648467456497,5.792229955929299,5.823641300201416,185941600,0.0,0.0,1155.KL,Maybank
2019-03-01 00:00:00+08:00,2.435169827340511,2.618805602911636,2.387264892067337,2.5549323558807373,71430600,0.02,0.0,4863.KL,Telekom Malaysia
2019-03-01 00:00:00+08:00,3.3164868815934723,3.403762961678636,3.197474492232346,3.292684555053711,77852600,0.0,0.0,6888.KL,Axiata
2019-03-01 00:00:00+08:00,3.993645210327436,4.1349474141730935,3.88209080154174,3.986208438873291,43380700,0.0,0.0,6012.KL,Maxis
2019-03-01 00:00:00+08:00,4.107968993107442,4.115003011988434,3.5452333951361714,3.622609615325928,273087300,0.12,0.0,1023.KL,CIMB
2019-03-01 00:00:00+08:00,2.921429208350846,2.946578242774877,2.833409386635408,2.883706331253052,52706700,0.0,0.0,7084.KL,QL Resources
2019-03-01 00:00:00+08:00,4.946357239134476,5.221154595333172,4.758337650594011,4.837884426116943,23872700,0.09,0.0,3816.KL,MISC
2019-03-01 00:00:00+08:00,1.3681949269008575,1.4349364150333468,1.3515095548677352,1.401565670967102,46990896,0.019606,0.0,5211.KL,Sunway
2019-03-01 00:00:00+08:00,3.4197340310027124,3.5497910944171465,3.381482189574986,3.4885878562927246,68675700,0.0,0.0,1015.KL,AMMB Holdings
2019-03-01 00:00:00+08:00,128.9238044900129,130.1433486751316,124.9167079525635,127.87847900390624,1899300,0.0,0.0,4707.KL,Nestlé Malaysia
2019-03-01 00:00:00+08:00,9.023986415941216,9.204466303139007,8.63526055597641,8.78797435760498,90026200,0.23,0.0,5347.KL,Tenaga Nasional
2019-03-01 00:00:00+08:00,4.14703731013961,4.270706095150547,4.08108012683137,4.138792514801025,55410200,0.0,0.0,5285.KL,SD Guthrie
2019-03-01 00:00:00+08:00,7.21694867291379,7.428290593335772,7.005606006003913,7.169983386993408,141813300,0.18,0.0,5183.KL,PETRONAS Chemicals
2019-03-01 00:00:00+08:00,3.571055070283034,3.664824475898474,3.500727829768206,3.555426836013794,63981800,0.0,0.0,6947.KL,Celcomdigi
2019-03-01 00:00:00+08:00,1.1348798020076636,1.1619007233794276,1.0769777356068,1.111719012260437,190761400,0.0,0.0,5398.KL,Gamuda
2019-03-01 00:00:00+08:00,1.482194841586004,1.557329068016302,1.4480427576321175,1.523177146911621,194090000,0.0,0.0,4197.KL,Sime Darby
2019-03-01 00:00:00+08:00,17.106957961893535,17.413303980181617,16.20404678069192,16.365280151367188,23492200,0.16,0.0,5819.KL,Hong Leong Bank
2019-03-01 00:00:00+08:00,3.808916662107356,3.8150011153056806,3.5016479675953733,3.5229437351226807,532214500,0.074,0.0,1295.KL,Public Bank
2019-03-01 00:00:00+08:00,12.81436140357904,12.885552571837309,12.429929909699544,12.54383659362793,14325400,0.22,0.0,6033.KL,PETRONAS Gas
2019-03-01 00:00:00+08:00,19.763446142776584,20.16612432952171,19.425196404466863,19.97283744812012,9786500,0.0,0.0,2445.KL,Kuala Lumpur Kepong
2019-04-01 00:00:00+08:00,4.902580565042128,5.115098975308676,4.821970025115792,5.056473255157471,20862000,0.0,0.0,3816.KL,MISC
2019-04-01 00:00:00+08:00,20.05337549558849,20.76209003879278,19.74734071745177,19.92451858520508,11684600,0.0,0.0,2445.KL,Kuala Lumpur Kepong
2019-04-01 00:00:00+08:00,3.986208438873291,4.239064696882955,3.919275722677535,3.986208438873291,33104900,0.0,0.0,6012.KL,Maxis
2019-04-01 00:00:00+08:00,4.122302635615819,4.270705388969959,4.122302635615819,4.254216194152832,48072900,0.0,0.0,5285.KL,SD Guthrie
2019-04-01 00:00:00+08:00,3.706047139694586,3.813990326897717,3.598103952491456,3.792401552200317,187038600,0.0,0.0,1023.KL,CIMB
2019-04-01 00:00:00+08:00,3.2926844838779905,3.3720262011807183,3.0625931253689287,3.149869203567505,75890000,0.045,0.0,6888.KL,Axiata
2019-04-01 00:00:00+08:00,2.102799992209456,2.218592944295252,2.042587604119035,2.200066089630127,75707400,0.0,0.0,8869.KL,Press Metal
2019-04-01 00:00:00+08:00,16.619461802126597,16.651954163681065,15.855909897449468,16.229562759399414,14132500,0.0,0.0,5819.KL,Hong Leong Bank
2019-04-01 00:00:00+08:00,0.6176664161508244,0.6571686192197632,0.6104848424662599,0.639213502407074,23676848,0.0,0.0,6742.KL,YTL Power
2019-04-01 00:00:00+08:00,3.591306474336812,3.6005704424249214,3.427644265161689,3.473963737487793,612400500,0.0,0.0,1295.KL,Public Bank
2019-04-01 00:00:00+08:00,3.563240026526703,3.703894105726792,3.485098871415542,3.594496488571167,80975600,0.0,0.0,6947.KL,Celcomdigi
2019-04-01 00:00:00+08:00,5.829923208380884,5.861334553292132,5.496964390213425,5.811076641082764,202000500,0.0,0.0,1155.KL,Maybank
2019-04-01 00:00:00+08:00,1.1117187505791923,1.381928084759368,1.10399839711457,1.3510470390319824,248795000,0.0,0.0,5398.KL,Gamuda
2019-04-01 00:00:00+08:00,15.468480224196306,16.17618857477783,15.19887734910999,15.8054838180542,14600600,0.0,0.0,4065.KL,PPB Group
2019-04-01 00:00:00+08:00,3.7955002492460745,4.013708725283884,3.7029271570285145,3.9409725666046143,97576000,0.0,0.0,1066.KL,RHB Bank
2019-04-01 00:00:00+08:00,1.4241091012954712,1.4667471450659082,1.4155814514719856,1.4241091012954712,71511333,0.0,1.01,5211.KL,Sunway
2019-04-01 00:00:00+08:00,0.8287677864879578,0.986627974632442,0.8287677864879578,0.8919117450714111,91962493,0.0,0.0,4677.KL,YTL Corporation
2019-04-01 00:00:00+08:00,8.977561771876191,9.005837530443232,8.341356867044144,8.680665969848633,132896900,0.0,0.0,5347.KL,Tenaga Nasional
2019-04-01 00:00:00+08:00,5.27500911202312,5.27500911202312,4.756602905042022,5.056732654571533,90615700,0.0,0.0,5225.KL,IHH Healthcare
2019-04-01 00:00:00+08:00,12.756006302949633,12.900141136426075,12.568629782303976,12.741592407226562,10755000,0.0,0.0,6033.KL,PETRONAS Gas
2019-04-01 00:00:00+08:00,128.05271342198958,128.48826686900313,125.17805801329274,127.26872253417967,1092300,0.0,0.0,4707.KL,Nestlé Malaysia
2019-04-01 00:00:00+08:00,1.5300079061849623,1.6256334715680674,1.4821952049180325,1.584650993347168,167281000,0.02,0.0,4197.KL,Sime Darby
2019-04-01 00:00:00+08:00,3.450336225307001,3.4962386566999863,3.3661815853531456,3.419734239578247,47286000,0.0,0.0,1015.KL,AMMB Holdings
2019-04-01 00:00:00+08:00,2.578785833680061,2.578785833680061,2.273508917707584,2.337777853012085,43997300,0.0,0.0,4863.KL,Telekom Malaysia
2019-04-01 00:00:00+08:00,19.578176896115178,19.780172649192934,18.66142078449725,18.78572654724121,9052300,0.0,0.0,5681.KL,PETRONAS Dagangan
2019-04-01 00:00:00+08:00,7.302590407461543,7.366438134216676,6.98335177368588,7.182876110076904,149629300,0.0,0.0,5183.KL,PETRONAS Chemicals
2019-04-01 00:00:00+08:00,2.900472908218277,2.9340046598606,2.829218947785884,2.858558893203736,25511175,0.0,0.0,7084.KL,QL Resources
2019-04-01 00:00:00+08:00,3.7604456487649967,3.844950371347169,3.735094554349049,3.811148643493652,30780600,0.0,0.0,1961.KL,IOI Corporation
2019-05-01 00:00:00+08:00,3.811148718787997,3.811148718787997,3.473131030626456,3.642139673233032,47510600,0.0,0.0,1961.KL,IOI Corporation
2019-05-01 00:00:00+08:00,127.2687281935387,129.27226350526485,124.65540739524867,128.05271911621094,2915700,1.4,0.0,4707.KL,Nestlé Malaysia
2019-05-01 00:00:00+08:00,18.785736792415776,20.10648661232795,18.50604793278719,20.01325798034668,17658800,0.0,0.0,5681.KL,PETRONAS Dagangan
2019-05-01 00:00:00+08:00,7.182875023268737,7.222780036734084,6.536415936279628,6.6401686668396,151787200,0.0,0.0,5183.KL,PETRONAS Chemicals
2019-05-01 00:00:00+08:00,2.3377782785112733,2.900130271911621,2.088736468008148,2.900130271911621,219206800,0.0,0.0,4863.KL,Telekom Malaysia
2019-05-01 00:00:00+08:00,2.200065450689344,2.200065450689344,1.926794092455647,2.0750091075897217,65029800,0.0,0.0,8869.KL,Press Metal
2019-05-01 00:00:00+08:00,3.940972344458736,3.960809276878853,3.735988922737517,3.855011463165283,90253600,0.13,0.0,1066.KL,RHB Bank
2019-05-01 00:00:00+08:00,16.229558660201675,16.29454181757635,14.702453687236478,15.433514595031738,18826300,0.0,0.0,5819.KL,Hong Leong Bank
2019-05-01 00:00:00+08:00,3.419733878978058,3.503888510058072,3.190221746214463,3.389132261276245,69833500,0.0,0.0,1015.KL,AMMB Holdings
2019-05-01 00:00:00+08:00,5.81107679710506,5.842488142859675,5.496964537802084,5.666585445404053,158233100,0.32,0.0,1155.KL,Maybank
2019-05-01 00:00:00+08:00,2.858558990667126,2.971727644510941,2.7244322043708635,2.8669419288635254,34344900,0.0,0.0,7084.KL,QL Resources
2019-05-01 00:00:00+08:00,5.056733377607543,5.2022507475981,4.665655228919935,5.002164363861084,189477100,0.0,0.0,5225.KL,IHH Healthcare
2019-05-01 00:00:00+08:00,3.4739636292441416,3.690121528145238,3.3998522549629118,3.643801689147949,553778500,0.0,0.0,1295.KL,Public Bank
2019-05-01 00:00:00+08:00,0.6392135782210204,0.6463951527573557,0.5889378260609996,0.6068937182426453,17022198,0.0,0.0,6742.KL,YTL Power
2019-05-01 00:00:00+08:00,5.056474420918859,5.1883823216702085,4.675406802644688,5.093115329742432,34669600,0.0,0.0,3816.KL,MISC
2019-05-01 00:00:00+08:00,12.741593424156184,12.957796378918776,11.458785468699512,12.727179527282717,31459100,0.0,0.0,6033.KL,PETRONAS Gas
2019-05-01 00:00:00+08:00,3.792401552200317,3.8499711605374713,3.626888756660033,3.792401552200317,230947900,0.0,0.0,1023.KL,CIMB
2019-05-01 00:00:00+08:00,3.184567800572601,3.8343160315328175,3.128416784995585,3.7621216773986816,154754400,0.0,0.0,6888.KL,Axiata
2019-05-01 00:00:00+08:00,4.254216733604409,4.254216733604409,3.652360456761397,3.8419864177703857,104097500,0.017,0.0,5285.KL,SD Guthrie
2019-05-01 00:00:00+08:00,1.3510471733359768,1.3510471733359768,1.1619005653876286,1.347187042236328,274440600,0.0,0.0,5398.KL,Gamuda
2019-05-01 00:00:00+08:00,1.598863124847412,1.6264297049518848,1.4265718348846803,1.598863124847412,169652500,0.0,0.0,4197.KL,Sime Darby
2019-05-01 00:00:00+08:00,1.4241091764776403,1.4582195722253624,1.347360632035015,1.4411643743515017,71276912,0.0,0.0,5211.KL,Sunway
2019-05-01 00:00:00+08:00,15.80548466089366,16.51319304921427,15.333679604333248,15.822335243225098,16225200,0.2,0.0,4065.KL,PPB Group
2019-05-01 00:00:00+08:00,3.5944959388033046,3.938317341312332,3.422585423851972,3.8836183547973633,162384700,0.043,0.0,6947.KL,Celcomdigi
2019-05-01 00:00:00+08:00,19.924516495817407,20.13390933725632,19.167481074629865,19.97283744812012,14363300,0.0,0.0,2445.KL,Kuala Lumpur Kepong
2019-05-01 00:00:00+08:00,3.986210092527158,4.164696936931051,3.9044034448644553,4.120075225830078,64523000,0.05,0.0,6012.KL,Maxis
2019-05-01 00:00:00+08:00,8.680667987013669,9.019977842812343,7.945497419288527,8.977563858032227,172632500,0.0,0.0,5347.KL,Tenaga Nasional
2019-05-01 00:00:00+08:00,0.8919117207451048,0.9629490854356146,0.8050889015966631,0.8998051285743713,135462609,0.0,0.0,4677.KL,YTL Corporation
2019-06-01 00:00:00+08:00,5.888031143747117,5.8945374042841205,5.764414675428679,5.7774271965026855,120381600,0.0,0.0,1155.KL,Maybank
2019-06-01 00:00:00+08:00,1.3433267797463695,1.5054524541397245,1.2970051190485077,1.4514105319976809,226806800,0.0,0.0,5398.KL,Gamuda
2019-06-01 00:00:00+08:00,3.642139694441352,3.7773466093139287,3.498482145915044,3.591437101364136,35233600,0.0,0.0,1961.KL,IOI Corporation
2019-06-01 00:00:00+08:00,8.906873229491866,9.98135279155004,8.567563432846397,9.783422470092772,122543800,0.0,0.0,5347.KL,Tenaga Nasional
2019-06-01 00:00:00+08:00,1.5850798167908662,1.6126463965822204,1.5299466572081573,1.5575132369995115,84181300,0.0,0.0,4197.KL,Sime Darby
2019-06-01 00:00:00+08:00,3.9295611687635104,3.9971955484527126,3.719894430473903,3.7807655334472656,117651200,0.0,0.0,1066.KL,RHB Bank
2019-06-01 00:00:00+08:00,3.8713446605142927,4.021152344806894,3.753075772464852,3.981729507446289,104783300,0.0,0.0,6947.KL,Celcomdigi
2019-06-01 00:00:00+08:00,12.82807232494474,13.33254765075305,12.323598373721106,12.510974884033203,11694600,0.16,0.0,6033.KL,PETRONAS Gas
2019-06-01 00:00:00+08:00,19.655872880961866,20.33955626640031,19.53156708030797,19.73356437683105,10806000,0.15,0.0,5681.KL,PETRONAS Dagangan
2019-06-01 00:00:00+08:00,0.876125452877584,0.9234840505862114,0.860340096289332,0.8840189576148987,45230320,0.0,0.0,4677.KL,YTL Corporation
2019-06-01 00:00:00+08:00,0.603302437751137,0.6104847839869908,0.5853465494191725,0.5889376997947693,30352005,0.0,0.0,6742.KL,YTL Power
2019-06-01 00:00:00+08:00,129.64429641063248,131.66724274533078,129.29248549187028,131.1395263671875,2053900,0.0,0.0,4707.KL,Nestlé Malaysia
2019-06-01 00:00:00+08:00,1.4411641483412414,1.466746992476759,1.407053757942874,1.4326364994049072,91550743,0.0,0.0,5211.KL,Sunway
2019-06-01 00:00:00+08:00,19.73123340923121,19.97283973449786,19.570161501656408,19.77955436706543,8637700,0.0,0.0,2445.KL,Kuala Lumpur Kepong
2019-06-01 00:00:00+08:00,3.7924019439478456,3.885952738730297,3.742028359878379,3.8715603351593018,162016300,0.0,0.0,1023.KL,CIMB
2019-06-01 00:00:00+08:00,3.813550867630218,4.160989394521213,3.664648416416296,4.069993495941162,95170000,0.0,0.0,5285.KL,SD Guthrie
2019-06-01 00:00:00+08:00,15.960062237587127,16.33479201314209,15.670498541623,15.925996780395508,10270400,0.0,0.0,4065.KL,PPB Group
2019-06-01 00:00:00+08:00,4.157324956090575,4.359938253306975,4.082283060423015,4.179837703704834,33831600,0.0,0.0,6012.KL,Maxis
2019-06-01 00:00:00+08:00,2.8669419288635254,2.896281875281731,2.8082611366426016,2.8669419288635254,48589425,0.0,0.0,7084.KL,QL Resources
2019-06-01 00:00:00+08:00,3.681906064451268,4.082985143106131,3.657841151432497,3.9947476387023926,114697800,0.0,0.0,6888.KL,Axiata
2019-06-01 00:00:00+08:00,6.6401689655192975,6.84767443597299,6.544397385569483,6.70401668548584,113340800,0.0,0.0,5183.KL,PETRONAS Chemicals
2019-06-01 00:00:00+08:00,5.0021641418139975,5.302293920934685,4.8657413966656975,5.275009632110596,97519600,0.03,0.0,5225.KL,IHH Healthcare
2019-06-01 00:00:00+08:00,3.656154722315321,3.659242466977361,3.532636101085056,3.551163673400879,384778500,0.0,0.0,1295.KL,Public Bank
2019-06-01 00:00:00+08:00,3.3891323705576237,3.4426853856626227,3.205522658426317,3.236124277114868,58528300,0.15,0.0,1015.KL,AMMB Holdings
2019-06-01 00:00:00+08:00,5.019833427915858,5.496168063288228,5.005176993724567,5.239680290222168,40327100,0.07,0.0,3816.KL,MISC
2019-06-01 00:00:00+08:00,2.075009465923779,2.088904715715519,1.9777433799541095,2.0379557609558105,31255800,0.00625,0.0,8869.KL,Press Metal
2019-06-01 00:00:00+08:00,2.867995306863591,3.430347376640128,2.795692971770478,3.213440179824829,253549700,0.0,0.0,4863.KL,Telekom Malaysia
2019-06-01 00:00:00+08:00,15.4172684183579,15.872152069301306,15.108598808158366,15.433514595031738,16791600,0.0,0.0,5819.KL,Hong Leong Bank
2019-07-01 00:00:00+08:00,1.5712961738813254,1.6195376776780608,1.4748131662878543,1.5092713832855225,133209200,0.0,0.0,4197.KL,Sime Darby
2019-07-01 00:00:00+08:00,130.52384917006904,131.13953846579426,129.55636234385193,130.69976806640625,2149800,0.0,0.0,4707.KL,Nestlé Malaysia
2019-07-01 00:00:00+08:00,19.715129522824046,19.956737428445848,18.65205903915645,19.022523880004883,19174900,0.15,0.0,2445.KL,Kuala Lumpur Kepong
2019-07-01 00:00:00+08:00,15.433517374077814,15.595976071428067,13.662724080108058,14.58873462677002,12613800,0.0,0.0,5819.KL,Hong Leong Bank
2019-07-01 00:00:00+08:00,3.5542511946745785,3.5851308448431154,3.3288293067068992,3.3813250064849854,362598500,0.0,0.0,1295.KL,Public Bank
2019-07-01 00:00:00+08:00,4.036904236232799,4.1278997423006105,3.755644395225787,3.81355094909668,42557500,0.0,0.0,5285.KL,SD Guthrie
2019-07-01 00:00:00+08:00,3.981727566902328,4.0211503850497365,3.863458360525215,3.942304372787476,185937300,0.0,0.0,6947.KL,Celcomdigi
2019-07-01 00:00:00+08:00,5.292607193869618,5.477663386991167,5.270400295389695,5.366629600524902,55766700,0.0,0.0,3816.KL,MISC
2019-07-01 00:00:00+08:00,12.625887791009486,12.916806576864731,11.65130881798676,11.6949462890625,9278700,0.0,0.0,6033.KL,PETRONAS Gas
2019-07-01 00:00:00+08:00,6.727961867144116,6.999315126767375,5.905921311524407,5.977749824523926,133458800,0.0,0.0,5183.KL,PETRONAS Chemicals
2019-07-01 00:00:00+08:00,1.4591307469574846,1.5594942345672764,1.4089490491689751,1.432109832763672,220931400,0.03,0.0,5398.KL,Gamuda
2019-07-01 00:00:00+08:00,5.302436081308312,5.43956769567411,5.165304031011744,5.247582912445068,71432100,0.0,0.0,5225.KL,IHH Healthcare
2019-07-01 00:00:00+08:00,2.057683383092217,2.1784504646500884,1.9973000637985936,2.113422155380249,39926400,0.0,0.0,8869.KL,Press Metal
2019-07-01 00:00:00+08:00,0.5925288885341072,0.5997112346836447,0.5602090358734131,0.5602090358734131,34495967,0.0,0.0,6742.KL,YTL Power
2019-07-01 00:00:00+08:00,3.2134399987315434,3.759724660610022,3.173272037054589,3.2857425212860107,201062700,0.0,0.0,4863.KL,Telekom Malaysia
2019-07-01 00:00:00+08:00,1.4411646758957328,1.4496923279537095,1.3985266209528937,1.4155818223953247,90505898,0.0,0.0,5211.KL,Sunway
2019-07-01 00:00:00+08:00,9.797560964981612,10.09445681308536,9.47238935392262,9.769285202026367,82630900,0.0,0.0,5347.KL,Tenaga Nasional
2019-07-01 00:00:00+08:00,3.5914373647088387,3.659040827102199,3.515383268042098,3.5407347679138184,31094100,0.0,0.0,1961.KL,IOI Corporation
2019-07-01 00:00:00+08:00,4.018812694175411,4.235395389026259,3.9305751866439302,4.034855842590332,131378000,0.0,0.0,6888.KL,Axiata
2019-07-01 00:00:00+08:00,3.8859535439640993,3.921934388776428,3.6484786642629774,3.655674695968628,207546700,0.0,0.0,1023.KL,CIMB
2019-07-01 00:00:00+08:00,3.794291658104136,3.98366788373685,3.652259327626553,3.71989369392395,194487600,0.0,0.0,1066.KL,RHB Bank
2019-07-01 00:00:00+08:00,0.891911617738677,0.8998050246563379,0.8129814863204956,0.8129814863204956,39861534,0.0,0.0,4677.KL,YTL Corporation
2019-07-01 00:00:00+08:00,3.382022282271857,3.500828761696122,3.2869772498026,3.3503406047821045,35982400,0.0,0.0,1015.KL,AMMB Holdings
2019-07-01 00:00:00+08:00,19.89731538362994,20.20992169944084,18.365550994873047,18.365550994873047,12432200,0.0,0.0,5681.KL,PETRONAS Dagangan
2019-07-01 00:00:00+08:00,4.202351827048045,4.314914895897966,4.09729312977458,4.262385368347168,39067000,0.0,0.0,6012.KL,Maxis
2019-07-01 00:00:00+08:00,15.925996780395508,16.07929377436958,15.636433084431385,15.925996780395508,11149800,0.0,0.0,4065.KL,PPB Group
2019-07-01 00:00:00+08:00,5.79694471506242,5.842487292830824,5.627785682678223,5.627785682678223,151206000,0.0,0.0,1155.KL,Maybank
2019-07-01 00:00:00+08:00,2.8669415793955024,2.896281522237293,2.8208357622046014,2.879515647888184,67584150,0.0,0.0,7084.KL,QL Resources
2019-08-01 00:00:00+08:00,3.9787042006492808,4.091006227381659,3.81025096930132,4.050898551940918,116047600,0.0,0.0,6888.KL,Axiata
2019-08-01 00:00:00+08:00,3.515382806989501,3.7435446641172168,3.464680216844272,3.7266438007354736,57161500,0.0,0.0,1961.KL,IOI Corporation
2019-08-01 00:00:00+08:00,2.1598705466663146,2.2852823734283447,2.090197260357349,2.2852823734283447,152069800,0.0,0.0,8869.KL,Press Metal
2019-08-01 00:00:00+08:00,3.350340780553305,3.36618162012925,3.0731258991365658,3.326579332351685,61619000,0.0,0.0,1015.KL,AMMB Holdings
2019-08-01 00:00:00+08:00,3.8052791786828815,4.136173106058829,3.490929927952921,4.119628429412842,62710400,0.0,0.0,5285.KL,SD Guthrie
2019-08-01 00:00:00+08:00,3.641281127929687,3.727635539704637,3.5549267161547373,3.641281127929688,172680900,0.0,0.0,1023.KL,CIMB
2019-08-01 00:00:00+08:00,3.365884972715048,3.381324796842044,3.112671562540764,3.1373753547668457,553899000,0.066,0.0,1295.KL,Public Bank
2019-08-01 00:00:00+08:00,5.953807961946693,6.009674929405673,5.3871586511576925,5.530816078186035,111415400,0.11,0.0,5183.KL,PETRONAS Chemicals
2019-08-01 00:00:00+08:00,15.602368740711468,16.09633013972847,15.43203817604831,15.891932487487791,12286300,0.0,0.0,4065.KL,PPB Group
2019-08-01 00:00:00+08:00,18.913577646396657,19.480823520254297,18.63805839859388,19.432201385498047,10713200,0.0,0.0,2445.KL,Kuala Lumpur Kepong
2019-08-01 00:00:00+08:00,129.99610363422434,131.66722540940648,126.6538466631356,129.73223876953125,1884500,0.0,0.0,4707.KL,Nestlé Malaysia
2019-08-01 00:00:00+08:00,2.879516204970152,2.934004969877208,2.7914963594161306,2.908856153488159,64655775,0.0,0.0,7084.KL,QL Resources
2019-08-01 00:00:00+08:00,1.4155813749283277,1.424109024290704,1.321777642636146,1.407053828239441,77765354,0.0,0.0,5211.KL,Sunway
2019-08-01 00:00:00+08:00,4.179837703704834,4.29240036829218,3.992232785621945,4.179837703704834,57678500,0.05,0.0,6012.KL,Maxis
2019-08-01 00:00:00+08:00,1.509271617044902,1.5850797061810993,1.405896785731232,1.5781880617141724,134570000,0.0,0.0,4197.KL,Sime Darby
2019-08-01 00:00:00+08:00,18.365550548116836,18.67815536570599,16.568071729016168,17.881011962890625,9096900,0.0,0.0,5681.KL,PETRONAS Dagangan
2019-08-01 00:00:00+08:00,3.719893651088703,3.882216128333285,3.523753829831786,3.8551623821258554,136328300,0.0,0.0,1066.KL,RHB Bank
2019-08-01 00:00:00+08:00,0.805088890166869,0.8366603820062004,0.7656230183242033,0.7893027067184448,55992069,0.0,0.0,4677.KL,YTL Corporation
2019-08-01 00:00:00+08:00,1.4347132107890217,1.485672919848114,1.3719934754105003,1.4111932516098022,184278600,0.0,0.0,5398.KL,Gamuda
2019-08-01 00:00:00+08:00,11.65130881798676,11.95677388993732,10.720367316039775,11.6949462890625,17162200,0.0,0.0,6033.KL,PETRONAS Gas
2019-08-01 00:00:00+08:00,9.769284393957395,9.93893963180315,9.486526787793323,9.868249893188477,110147800,0.0,0.0,5347.KL,Tenaga Nasional
2019-08-01 00:00:00+08:00,3.942304175944173,4.005380982604492,3.8634581676187754,3.958073377609253,123486700,0.05,0.0,6947.KL,Celcomdigi
2019-08-01 00:00:00+08:00,5.211014632286275,5.366430933110983,5.073883012434627,5.293293952941895,118950200,0.0,0.0,5225.KL,IHH Healthcare
2019-08-01 00:00:00+08:00,5.627785605824765,5.673328803442315,5.530194191804875,5.653810024261475,168584400,0.0,0.0,1155.KL,Maybank
2019-08-01 00:00:00+08:00,14.393786601215352,14.491262139523672,13.175350893627517,13.48402214050293,19707100,0.0,0.0,5819.KL,Hong Leong Bank
2019-08-01 00:00:00+08:00,3.245574310174561,3.325910232095339,2.9322640231475816,3.01259994506836,134808000,0.0,0.0,4863.KL,Telekom Malaysia
2019-08-01 00:00:00+08:00,5.314812327497857,5.536879841437937,5.151963076117292,5.374030590057373,43805000,0.07,0.0,3816.KL,MISC
2019-08-01 00:00:00+08:00,0.560209168949319,0.5709827134751763,0.4919783425721356,0.5314805507659912,54998394,0.0,0.0,6742.KL,YTL Power
2019-09-01 00:00:00+08:00,2.908856205935304,3.0304078088663187,2.858559246788777,3.0220248699188232,48056625,0.02,0.0,7084.KL,QL Resources
2019-09-01 00:00:00+08:00,13.484021555582004,13.646478713287175,13.077876337337493,13.289072036743164,17580500,0.0,0.0,5819.KL,Hong Leong Bank
2019-09-01 00:00:00+08:00,5.426278508494075,6.009266890617663,5.28426842659263,5.829885959625244,73081400,0.0,0.0,3816.KL,MISC
2019-09-01 00:00:00+08:00,5.620283948219306,6.30153062802237,5.482412946242709,6.114998817443848,128088400,0.0,0.0,5183.KL,PETRONAS Chemicals
2019-09-01 00:00:00+08:00,5.293293507180354,5.375572820907025,5.137877219443641,5.192729949951172,65678700,0.0,0.0,5225.KL,IHH Healthcare
2019-09-01 00:00:00+08:00,3.3265795477138584,3.3424203883153365,3.14440988079686,3.279057025909424,38523700,0.0,0.0,1015.KL,AMMB Holdings
2019-09-01 00:00:00+08:00,3.6412814742739568,3.662870250842098,3.583711860948197,3.6196930408477774,166153200,0.0,0.0,1023.KL,CIMB
2019-09-01 00:00:00+08:00,3.997973943879204,4.021866385628288,3.424559519233442,3.7829434871673584,95672500,0.0,0.0,6947.KL,Celcomdigi
2019-09-01 00:00:00+08:00,3.855162973405004,3.868689848583381,3.746947971977989,3.814582347869873,79089400,0.125,0.0,1066.KL,RHB Bank
2019-09-01 00:00:00+08:00,19.432203591063686,19.513238945901,17.92495279182132,18.70288848876953,16110500,0.0,0.0,2445.KL,Kuala Lumpur Kepong
2019-09-01 00:00:00+08:00,3.726644190241197,3.785797419734128,3.616788768252054,3.743545055389404,46005500,0.0,0.0,1961.KL,IOI Corporation
2019-09-01 00:00:00+08:00,1.578188087876697,1.647104697998202,1.523054931227307,1.550621509552002,135094000,0.08,0.0,4197.KL,Sime Darby
2019-09-01 00:00:00+08:00,17.881014367165577,18.77194008035992,16.568073956753608,18.44370460510254,7233600,0.14,0.0,5681.KL,PETRONAS Dagangan
2019-09-01 00:00:00+08:00,2.285282745763898,2.2992172724048467,2.2016746999769747,2.2109646797180176,67679600,0.00625,0.0,8869.KL,Press Metal
2019-09-01 00:00:00+08:00,3.012600372568776,3.020633965900854,2.7073234428778727,2.892096281051636,123773300,0.0,0.0,4863.KL,Telekom Malaysia
2019-09-01 00:00:00+08:00,15.891932365465086,16.011163922254617,15.210606863227577,15.44906997680664,16968000,0.08,0.0,4065.KL,PPB Group
2019-09-01 00:00:00+08:00,5.653809817158101,5.842486999030623,5.530193989229644,5.536700248718262,161539500,0.25,0.0,1155.KL,Maybank
2019-09-01 00:00:00+08:00,1.4070540375399587,1.4838024825237857,1.372943537689976,1.4667472839355469,64846301,0.029703,0.0,5211.KL,Sunway
2019-09-01 00:00:00+08:00,4.050899445661558,4.082985746092634,3.216654869455826,3.4492807388305664,132839000,0.0,0.0,6888.KL,Axiata
2019-09-01 00:00:00+08:00,129.73225432642184,130.61179503371963,126.9177267472142,128.14907836914062,2202200,0.7,0.0,4707.KL,Nestlé Malaysia
2019-09-01 00:00:00+08:00,0.5314805507659912,0.5494364431475298,0.5171165828093556,0.5314805507659912,178035044,0.0,0.0,6742.KL,YTL Power
2019-09-01 00:00:00+08:00,9.868251134441142,9.938940881947344,9.48652798103192,9.642045021057127,61244900,0.3,0.0,5347.KL,Tenaga Nasional
2019-09-01 00:00:00+08:00,0.7893026962305691,0.7971953746283019,0.7222119886843369,0.7261579632759094,65299607,0.0,0.0,4677.KL,YTL Corporation
2019-09-01 00:00:00+08:00,1.411193444123396,1.4503933191299438,1.3327938810296027,1.4503933191299438,115958400,0.0,0.0,5398.KL,Gamuda
2019-09-01 00:00:00+08:00,11.69494584066682,12.204054736801416,11.287659556085227,11.913134574890137,14832300,0.16,0.0,6033.KL,PETRONAS Gas
2019-09-01 00:00:00+08:00,4.218829952880727,4.317294288263825,4.074920095116461,4.241552352905273,38443900,0.0,0.0,6012.KL,Maxis
2019-09-01 00:00:00+08:00,3.188201785829862,3.2007535993623373,3.1317178767777025,3.150545597076416,462321500,0.0,0.0,1295.KL,Public Bank
2019-09-01 00:00:00+08:00,4.119628020293381,4.136172695296319,3.854912825790196,3.912819385528565,52913700,0.0,0.0,5285.KL,SD Guthrie
2019-10-01 00:00:00+08:00,6.13121835810425,6.13121835810425,5.725714495372075,6.0582275390625,90618700,0.0,0.0,5183.KL,PETRONAS Chemicals
2019-10-01 00:00:00+08:00,5.874731527699569,6.450245915414277,5.799989468853163,6.226019382476807,144688500,0.0,0.0,3816.KL,MISC
2019-10-01 00:00:00+08:00,5.723497150886308,5.770355986553175,5.603002272424357,5.756968021392822,148487400,0.0,0.0,1155.KL,Maybank
2019-10-01 00:00:00+08:00,1.489876627922058,1.5074045710429418,1.4635846087659503,1.489876627922058,96106000,0.0,1.01,5211.KL,Sunway
2019-10-01 00:00:00+08:00,2.900129158885336,3.173271647860237,2.6510876354966304,3.0206332206726074,123960200,0.0,0.0,4863.KL,Telekom Malaysia
2019-10-01 00:00:00+08:00,3.1505457885298136,3.207029701014406,2.99050828587549,3.18506383895874,358169000,0.0,0.0,1295.KL,Public Bank
2019-10-01 00:00:00+08:00,3.4492807388305664,3.4813670392616425,3.3690646052540028,3.4492807388305664,63713600,0.05,0.0,6888.KL,Axiata
2019-10-01 00:00:00+08:00,5.20187236686093,5.302435925582424,5.110451147991735,5.211014270782471,56646700,0.0,0.0,5225.KL,IHH Healthcare
2019-10-01 00:00:00+08:00,2.2539443516377866,2.272571972555557,2.1468354203312288,2.216689109802246,37609000,0.0,0.0,8869.KL,Press Metal
2019-10-01 00:00:00+08:00,4.226405109252841,4.241553500422825,4.052198430214965,4.082495212554932,30610500,0.0,0.0,6012.KL,Maxis
2019-10-01 00:00:00+08:00,3.279056966101457,3.2869775750954444,3.0176829121066526,3.160250663757324,49216400,0.0,0.0,1015.KL,AMMB Holdings
2019-10-01 00:00:00+08:00,3.929363006719616,4.0865375743231285,3.763916301061215,4.061720371246338,45353500,0.0,0.0,5285.KL,SD Guthrie
2019-10-01 00:00:00+08:00,15.515947204153113,15.738336948372195,15.139596835265433,15.481734275817873,12426200,0.0,0.0,4065.KL,PPB Group
2019-10-01 00:00:00+08:00,9.828681749352022,10.074398207250754,9.756411756946806,10.016582489013672,58484100,0.0,0.0,5347.KL,Tenaga Nasional
2019-10-01 00:00:00+08:00,18.70031966790054,18.70031966790054,17.835291990258444,18.527313232421875,6482000,0.0,0.0,5681.KL,PETRONAS Dagangan
2019-10-01 00:00:00+08:00,0.726157925327402,0.7616769937546903,0.6866928339004517,0.6866928339004517,73963898,0.03871,0.0,4677.KL,YTL Corporation
2019-10-01 00:00:00+08:00,13.38654566000815,14.02013274111561,12.85043411034838,13.987640380859377,29918300,0.0,0.0,5819.KL,Hong Leong Bank
2019-10-01 00:00:00+08:00,3.8796723886919056,4.011069529209674,3.824347346318795,3.9764912128448486,76369100,0.0,0.0,1066.KL,RHB Bank
2019-10-01 00:00:00+08:00,3.774978910942557,3.806835623975326,3.647553577841273,3.743122577667236,70933900,0.0,0.0,6947.KL,Celcomdigi
2019-10-01 00:00:00+08:00,3.0376441928416567,3.079833126571337,2.944826999645908,3.0713951587677,34800300,0.0,0.0,7084.KL,QL Resources
2019-10-01 00:00:00+08:00,128.94235989117706,128.94235989117706,125.8491571598643,127.8818359375,1805000,0.0,0.0,4707.KL,Nestlé Malaysia
2019-10-01 00:00:00+08:00,18.60564373500687,18.92978511918467,16.936322407222125,17.552188873291016,28045700,0.0,0.0,2445.KL,Kuala Lumpur Kepong
2019-10-01 00:00:00+08:00,12.103806621764887,12.559168907678805,11.839404024297195,12.221319198608398,8495700,0.0,0.0,6033.KL,PETRONAS Gas
2019-10-01 00:00:00+08:00,3.735095330427959,3.751996197866384,3.5322845182184026,3.692842960357666,36686700,0.0,0.0,1961.KL,IOI Corporation
2019-10-01 00:00:00+08:00,0.5350716422695633,0.5673914990027781,0.4812055176119743,0.4919782876968384,175721022,0.047059,0.0,6742.KL,YTL Power
2019-10-01 00:00:00+08:00,1.6133877941427732,1.6633599350106096,1.591971162342272,1.620526671409607,121050100,0.0,0.0,4197.KL,Sime Darby
2019-10-01 00:00:00+08:00,1.450393361535233,1.5013530790361127,1.4033535288439976,1.4660732746124268,152045000,0.0,0.0,5398.KL,Gamuda
2019-10-01 00:00:00+08:00,3.619692752231783,3.82838275546876,3.4685723577302574,3.778009176254273,184023800,0.14,0.0,1023.KL,CIMB
2019-11-01 00:00:00+08:00,3.1681710839136,3.32657948703911,3.1048077226633954,3.160250663757324,39871500,0.0,0.0,1015.KL,AMMB Holdings
2019-11-01 00:00:00+08:00,18.52731719896901,19.36089029402341,17.898206844133057,18.00830078125,9648700,0.0,0.0,5681.KL,PETRONAS Dagangan
2019-11-01 00:00:00+08:00,2.202718952223342,2.2586018319526744,2.1235514282440424,2.1887481212615967,39531200,0.0,0.0,8869.KL,Press Metal
2019-11-01 00:00:00+08:00,3.0206332206726074,3.205406013260596,2.9483308985218004,3.0206332206726074,76597100,0.0,0.0,4863.KL,Telekom Malaysia
2019-11-01 00:00:00+08:00,4.0451771872777975,4.285075195872713,4.012087833985823,4.119628429412842,133509700,0.0,0.0,5285.KL,SD Guthrie
2019-11-01 00:00:00+08:00,1.6205267298486583,1.6990545528199417,1.5991100972758354,1.60624897480011,116780700,0.0,0.0,4197.KL,Sime Darby
2019-11-01 00:00:00+08:00,3.0587387084960938,3.143117705790316,3.0292061612880703,3.0587387084960938,44550000,0.0,0.0,7084.KL,QL Resources
2019-11-01 00:00:00+08:00,5.763662377743888,5.931016111993867,5.690026964499277,5.710109233856201,163097300,0.0,0.0,1155.KL,Maybank
2019-11-01 00:00:00+08:00,3.9764912113686073,4.024900788308739,3.907334908427893,3.914250373840332,67289900,0.0,0.0,1066.KL,RHB Bank
2019-11-01 00:00:00+08:00,15.361983343576943,15.823870063661428,15.310663140714173,15.567267417907717,13768200,0.0,0.0,4065.KL,PPB Group
2019-11-01 00:00:00+08:00,1.4898768430524536,1.6125725670900397,1.48111287022654,1.5424606800079346,59393500,0.0,0.0,5211.KL,Sunway
2019-11-01 00:00:00+08:00,3.743122653568426,3.774978987489714,3.520128316119411,3.5679128170013428,60995600,0.045,0.0,6947.KL,Celcomdigi
2019-11-01 00:00:00+08:00,0.52762897823233,0.5584394309402227,0.5160755706638416,0.5237783789634705,60695943,0.0,0.0,6742.KL,YTL Power
2019-11-01 00:00:00+08:00,0.7173832820693274,0.7544898594232358,0.68852299451828,0.68852299451828,61182293,0.0,0.0,4677.KL,YTL Corporation
2019-11-01 00:00:00+08:00,10.016580368523432,10.117758198628042,9.380606913332132,9.510692596435549,81293700,0.0,0.0,5347.KL,Tenaga Nasional
2019-11-01 00:00:00+08:00,6.143801647389363,6.315708158409602,5.964420397892794,6.091481685638428,90747800,0.07,0.0,3816.KL,MISC
2019-11-01 00:00:00+08:00,17.66563948517016,19.448411123029544,17.390120203944242,18.9135799407959,32631200,0.0,0.0,2445.KL,Kuala Lumpur Kepong
2019-11-01 00:00:00+08:00,12.191941806031302,12.42696696070538,10.282360323013798,11.384041786193848,18741700,0.0,0.0,6033.KL,PETRONAS Gas
2019-11-01 00:00:00+08:00,4.105216685927303,4.158235857727517,3.900713289008999,3.923435688018799,39510100,0.05,0.0,6012.KL,Maxis
2019-11-01 00:00:00+08:00,127.70509342733796,132.47745830662927,125.58404536660731,126.64456939697266,2716400,0.7,0.0,4707.KL,Nestlé Malaysia
2019-11-01 00:00:00+08:00,1.45039332374603,1.5209530242146618,1.403353492280392,1.4739131927490234,97549600,0.0,0.0,5398.KL,Gamuda
2019-11-01 00:00:00+08:00,3.4573963836239887,3.733338540012666,3.3031932203779646,3.35188889503479,56668400,0.0,0.0,6888.KL,Axiata
2019-11-01 00:00:00+08:00,5.211014417910602,5.265867586711605,4.790476363308046,4.909324169158936,133144800,0.0,0.0,5225.KL,IHH Healthcare
2019-11-01 00:00:00+08:00,3.6336897430326345,3.811149033917156,3.6336897430326345,3.675941705703736,61023100,0.045,0.0,1961.KL,IOI Corporation
2019-11-01 00:00:00+08:00,13.80893625584295,14.280064607304752,13.094121413712283,13.727706909179688,36239700,0.34,0.0,5819.KL,Hong Leong Bank
2019-11-01 00:00:00+08:00,3.894020898236232,3.997663936662693,3.8347959518432617,3.8347959518432617,187994100,0.0,0.0,1023.KL,CIMB
2019-11-01 00:00:00+08:00,3.169373528906674,3.1819257158734,3.0595438568572715,3.07837176322937,462399000,0.0,0.0,1295.KL,Public Bank
2019-11-01 00:00:00+08:00,6.074447877723887,6.325860621192242,5.644613985664841,5.725714683532715,131834300,0.0,0.0,5183.KL,PETRONAS Chemicals
2019-12-01 00:00:00+08:00,14.087077525015484,14.716852945208892,13.722470370055609,14.33567237854004,13310900,0.0,0.0,5819.KL,Hong Leong Bank
2019-12-01 00:00:00+08:00,1.4856733558192463,1.5444731308326427,1.4151136444951038,1.528793215751648,99161400,0.0,0.0,5398.KL,Gamuda
2019-12-01 00:00:00+08:00,3.079833196538605,3.522823460944617,3.046081324557289,3.430006265640259,45808200,0.0,0.0,7084.KL,QL Resources
2019-12-01 00:00:00+08:00,9.510693956044229,9.828681073706766,9.32279254008161,9.582963943481444,71403400,0.0,0.0,5347.KL,Tenaga Nasional
2019-12-01 00:00:00+08:00,3.974984081375853,4.181377478591447,3.875609752719367,4.066714763641357,36643000,0.0,0.0,6012.KL,Maxis
2019-12-01 00:00:00+08:00,3.1681708886774897,3.1998525673502325,2.993921467139704,3.0968871116638184,47344600,0.06,0.0,1015.KL,AMMB Holdings
2019-12-01 00:00:00+08:00,4.119627599820141,4.657330074218843,4.103082926505849,4.508427619934082,116491900,0.0,0.0,5285.KL,SD Guthrie
2019-12-01 00:00:00+08:00,18.00829861506548,20.91793703100097,17.14327085628056,18.165576934814453,14122800,0.16,0.0,5681.KL,PETRONAS Dagangan
2019-12-01 00:00:00+08:00,18.800133394328284,20.58290367848049,18.75151124843957,20.09669303894043,23164500,0.0,0.0,2445.KL,Kuala Lumpur Kepong
2019-12-01 00:00:00+08:00,11.428110650253124,13.220179058942694,11.046194030121573,12.206632614135742,48717600,0.18,0.0,6033.KL,PETRONAS Gas
2019-12-01 00:00:00+08:00,1.542460548267292,1.603808457283795,1.5249326041125162,1.5775164365768433,58165400,0.0,0.0,5211.KL,Sunway
2019-12-01 00:00:00+08:00,3.637170455551122,4.115296074695205,3.637170455551122,3.935998916625977,93238800,0.0,0.0,1961.KL,IOI Corporation
2019-12-01 00:00:00+08:00,3.3518891489943603,3.4573966455774507,3.3275411163217816,3.3600049018859863,62960600,0.0,0.0,6888.KL,Axiata
2019-12-01 00:00:00+08:00,3.020633937365353,3.1652388075126643,2.9884995643406103,3.068835496902466,55150800,0.0,0.0,4863.KL,Telekom Malaysia
2019-12-01 00:00:00+08:00,3.0846479919892658,3.159959812386003,2.9497143059851525,3.0501301288604736,369639000,0.0,0.0,1295.KL,Public Bank
2019-12-01 00:00:00+08:00,0.5276290309357888,0.6008041317199514,0.5237784312823031,0.5931013226509094,99545300,0.0,0.0,6742.KL,YTL Power
2019-12-01 00:00:00+08:00,3.928081762637086,4.052563441756592,3.852009991801027,3.9972383975982666,73953700,0.0,0.0,1066.KL,RHB Bank
2019-12-01 00:00:00+08:00,3.619014624574134,3.723564027987021,3.578803197573919,3.586845636367798,98376200,0.0,0.0,6947.KL,Celcomdigi
2019-12-01 00:00:00+08:00,126.72735430563476,133.1214438905863,126.72735430563476,130.54605102539062,1425900,0.0,0.0,4707.KL,Nestlé Malaysia
2019-12-01 00:00:00+08:00,6.143229727272712,7.0929807977927855,6.037702309782672,6.293984413146973,85559200,0.0,0.0,3816.KL,MISC
2019-12-01 00:00:00+08:00,5.709494622225753,6.179879063026151,5.531073084470601,5.960906982421875,76297900,0.0,0.0,5183.KL,PETRONAS Chemicals
2019-12-01 00:00:00+08:00,15.704118370287905,17.072667640145283,15.379086695117213,16.114683151245117,12040100,0.0,0.0,4065.KL,PPB Group
2019-12-01 00:00:00+08:00,5.7168025971122685,5.890850605351247,5.669943763510901,5.7837443351745605,125041400,0.0,0.0,1155.KL,Maybank
2019-12-01 00:00:00+08:00,4.909323608628891,5.421282826228056,4.708196944402003,5.000744819641113,76226200,0.0,0.0,5225.KL,IHH Healthcare
2019-12-01 00:00:00+08:00,1.6133880629195962,1.699054774597212,1.5848325490951538,1.5848325490951538,108157400,0.0,0.0,4197.KL,Sime Darby
2019-12-01 00:00:00+08:00,3.849601977546923,3.9976638093026726,3.7533621928630576,3.812586784362793,149512100,0.0,0.0,1023.KL,CIMB
2019-12-01 00:00:00+08:00,2.212032508603321,2.2213463208098254,2.123551181612133,2.165463447570801,68158600,0.00625,0.0,8869.KL,Press Metal
2019-12-01 00:00:00+08:00,0.6926461978183017,0.816332835661202,0.6761544802016082,0.8080874085426331,144995310,0.0,0.0,4677.KL,YTL Corporation
2020-01-01 00:00:00+08:00,4.06671496293156,4.357194316745036,4.036138188845931,4.059070587158203,34322900,0.0,0.0,6012.KL,Maxis
2020-01-01 00:00:00+08:00,3.068835419201236,3.261641844003909,3.052768233095677,3.100969791412353,77612300,0.0,0.0,4863.KL,Telekom Malaysia
2020-01-01 00:00:00+08:00,1.528793028470404,1.685592346991347,1.489593152110341,1.513113021850586,176203800,0.03,0.0,5398.KL,Gamuda
2020-01-01 00:00:00+08:00,3.050130220514756,3.1599599073405904,2.9026445288395086,2.918334484100342,303879000,0.0,0.0,1295.KL,Public Bank
2020-01-01 00:00:00+08:00,3.935999440750399,4.081144817288684,3.765240006596449,3.876233577728272,97415400,0.0,0.0,1961.KL,IOI Corporation
2020-01-01 00:00:00+08:00,4.508427722386774,4.56633427753077,4.003814977605607,4.1940789222717285,119030300,0.0,0.0,5285.KL,SD Guthrie
2020-01-01 00:00:00+08:00,0.5931012902334358,0.6508715989932996,0.5661422648463389,0.5776965022087097,116408023,0.0,0.0,6742.KL,YTL Power
2020-01-01 00:00:00+08:00,1.5775164365768433,1.6388643455933465,1.5336965761899042,1.5775164365768433,56731500,0.0,0.0,5211.KL,Sunway
2020-01-01 00:00:00+08:00,0.8080873889674255,0.857561677239479,0.7297518972435961,0.7379981875419617,124358102,0.0,0.0,4677.KL,YTL Corporation
2020-01-01 00:00:00+08:00,3.9972386403519904,4.135551259147577,3.9211665351327705,3.934997797012329,77935300,0.0,0.0,1066.KL,RHB Bank
2020-01-01 00:00:00+08:00,3.5868446988897165,3.7637740877812975,3.393830436614413,3.4018728733062744,80517100,0.0,0.0,6947.KL,Celcomdigi
2020-01-01 00:00:00+08:00,3.812586739143056,3.91622977303832,3.620106466045445,3.649718761444092,173905800,0.0,0.0,1023.KL,CIMB
2020-01-01 00:00:00+08:00,130.54602047511617,131.7893104878746,126.90493557213895,128.1482391357422,1206500,0.0,0.0,4707.KL,Nestlé Malaysia
2020-01-01 00:00:00+08:00,3.360004542465805,3.8631939388824335,3.3437726514200303,3.4898600578308105,103726800,0.0,0.0,6888.KL,Axiata
2020-01-01 00:00:00+08:00,12.350424450810806,12.930046322591352,11.726214482240948,11.889698028564451,14260800,0.0,0.0,6033.KL,PETRONAS Gas
2020-01-01 00:00:00+08:00,5.783745619834054,5.897546216774589,5.643168449401855,5.643168449401856,139627600,0.0,0.0,1155.KL,Maybank
2020-01-01 00:00:00+08:00,16.114687890285154,17.00424517729526,15.464625980211668,15.926512718200684,9946600,0.0,0.0,4065.KL,PPB Group
2020-01-01 00:00:00+08:00,3.430006813727234,3.5017285346984863,3.375160352476776,3.5017285346984863,26271000,0.0,0.0,7084.KL,QL Resources
2020-01-01 00:00:00+08:00,2.17122579545562,2.4467145027734247,2.17122579545562,2.278619766235352,170242400,0.0,0.0,8869.KL,Press Metal
2020-01-01 00:00:00+08:00,14.335672169522011,14.700279319165816,12.595504268903426,13.25842571258545,24581900,0.0,0.0,5819.KL,Hong Leong Bank
2020-01-01 00:00:00+08:00,6.29398526896853,6.467352174905145,5.751270195039984,5.796496391296387,73906800,0.0,0.0,3816.KL,MISC
2020-01-01 00:00:00+08:00,3.145528765141363,3.1777080561519213,2.9765872955322266,2.9765872955322266,50941300,0.0,0.0,1015.KL,AMMB Holdings
2020-01-01 00:00:00+08:00,9.58296437652574,9.68414153644872,8.961444386289331,9.004806518554688,89240900,0.0,0.0,5347.KL,Tenaga Nasional
2020-01-01 00:00:00+08:00,20.0966891780887,20.582899724221,18.411160418285267,18.475988388061523,16747600,0.35,0.0,2445.KL,Kuala Lumpur Kepong
2020-01-01 00:00:00+08:00,1.5848323077237023,1.6348044493056728,1.5277212887728795,1.556276798248291,146617600,0.0,0.0,4197.KL,Sime Darby
2020-01-01 00:00:00+08:00,18.292830650825,18.97386140295353,16.709035815436245,17.548446655273438,11507600,0.0,0.0,5681.KL,PETRONAS Dagangan
2020-01-01 00:00:00+08:00,5.000745249417943,5.430425631999297,5.000745249417943,5.211014270782471,110105000,0.0,0.0,5225.KL,IHH Healthcare
2020-01-01 00:00:00+08:00,5.960907175826987,6.147438982891551,5.020138263702393,5.020138263702393,79669400,0.0,0.0,5183.KL,PETRONAS Chemicals
2020-02-01 00:00:00+08:00,4.995807944352265,5.409422109641529,4.347001933772779,4.37944221496582,139955100,0.0,0.0,5183.KL,PETRONAS Chemicals
2020-02-01 00:00:00+08:00,3.493290747820084,3.649391450961323,3.354065074585732,3.442662715911865,41694300,0.0,0.0,7084.KL,QL Resources
2020-02-01 00:00:00+08:00,3.934996726197824,4.017984274892115,3.720612060522636,3.8381779193878174,120499500,0.0,0.0,1066.KL,RHB Bank
2020-02-01 00:00:00+08:00,2.968542472779587,3.185752878904561,2.944408004521668,2.9765872955322266,58803500,0.0,0.0,1015.KL,AMMB Holdings
2020-02-01 00:00:00+08:00,3.627509576923477,3.81258659255216,3.4942538997467327,3.5682849884033203,273837200,0.0,0.0,1023.KL,CIMB
2020-02-01 00:00:00+08:00,0.7297518668019423,0.8122104494481569,0.6967692971229553,0.6967692971229553,86522411,0.0,0.0,4677.KL,YTL Corporation
2020-02-01 00:00:00+08:00,13.175559012315835,13.523592718174474,12.313761452633416,12.67836856842041,32395000,0.0,0.0,5819.KL,Hong Leong Bank
2020-02-01 00:00:00+08:00,0.5661422392398516,0.5853992843792558,0.519926999203988,0.5237783789634705,125180450,0.0,0.0,6742.KL,YTL Power
2020-02-01 00:00:00+08:00,11.800528413700643,12.751704302214646,11.741079964961108,12.350427627563477,16352300,0.0,0.0,6033.KL,PETRONAS Gas
2020-02-01 00:00:00+08:00,4.094810599394566,4.376070454396328,3.888001975294716,4.10308313369751,82460200,0.0,0.0,5285.KL,SD Guthrie
2020-02-01 00:00:00+08:00,5.834184714891761,6.293985275903095,5.389460271500887,5.721119403839111,129264300,0.0,0.0,3816.KL,MISC
2020-02-01 00:00:00+08:00,15.75544422825982,16.679216133471407,14.985634579156834,15.481734275817873,13420600,0.0,0.0,4065.KL,PPB Group
2020-02-01 00:00:00+08:00,2.9183340733575016,2.962265979312415,2.6672946374778546,2.6829845905303955,572165000,0.0,0.0,1295.KL,Public Bank
2020-02-01 00:00:00+08:00,5.623084575214064,5.7904382904097655,5.475813765492554,5.636473178863525,207058100,0.0,0.0,1155.KL,Maybank
2020-02-01 00:00:00+08:00,2.245934560328764,2.41869870589643,2.059162408767911,2.1758949756622314,100078400,0.0,0.0,8869.KL,Press Metal
2020-02-01 00:00:00+08:00,18.536756833252724,19.737451017208933,17.697914788559345,17.96108055114746,18253700,0.0,0.0,2445.KL,Kuala Lumpur Kepong
2020-02-01 00:00:00+08:00,3.3777469445475985,3.578803319425065,3.297324471293532,3.345577955245972,69148100,0.044,0.0,6947.KL,Celcomdigi
2020-02-01 00:00:00+08:00,3.4492797819325483,3.603482924505856,3.2707289987943216,3.392467975616455,85295800,0.0,0.0,6888.KL,Axiata
2020-02-01 00:00:00+08:00,5.211014270782471,5.366430560825481,4.982461005644104,5.211014270782471,97225100,0.0,0.0,5225.KL,IHH Healthcare
2020-02-01 00:00:00+08:00,4.020850065653766,4.311329438528678,4.020850065653766,4.150801181793213,37437300,0.0,0.0,6012.KL,Maxis
2020-02-01 00:00:00+08:00,3.068835740086305,3.205407027799754,2.940298237801635,2.9724326133728027,56355500,0.0,0.0,4863.KL,Telekom Malaysia
2020-02-01 00:00:00+08:00,126.19451831711024,130.4572355686524,123.53031325947258,126.9937744140625,1687400,0.0,0.0,4707.KL,Nestlé Malaysia
2020-02-01 00:00:00+08:00,3.8079299933112822,3.9274613130624743,3.483487432579267,3.5603291988372803,58922000,0.0,0.0,1961.KL,IOI Corporation
2020-02-01 00:00:00+08:00,1.5277211377885038,1.591971027758376,1.399221187644514,1.4277766942977903,155050000,0.0,0.0,4197.KL,Sime Darby
2020-02-01 00:00:00+08:00,17.770182036913326,18.197805942738302,16.645687418035013,18.08694076538086,7980000,0.0,0.0,5681.KL,PETRONAS Dagangan
2020-02-01 00:00:00+08:00,1.5077923447111274,1.6430560999703725,1.28102676569272,1.3168318271636963,320061600,0.0,0.0,5398.KL,Gamuda
2020-02-01 00:00:00+08:00,8.961445147740333,9.39506375036748,8.67236653880075,8.744636535644531,95589600,0.0,0.0,5347.KL,Tenaga Nasional
2020-02-01 00:00:00+08:00,1.559988202166712,1.6038081588751871,1.5161683499330056,1.5512242317199707,89639000,0.0,0.0,5211.KL,Sunway
2020-03-01 00:00:00+08:00,0.6967693011124177,0.7338750159810449,0.4947472833866059,0.5978198647499084,95860331,0.0,0.0,4677.KL,YTL Corporation
2020-03-01 00:00:00+08:00,2.1758950890722826,2.269281281044952,1.2793890042979137,1.5362006425857544,177453600,0.00625,0.0,8869.KL,Press Metal
2020-03-01 00:00:00+08:00,4.17373408931827,4.211955242996749,3.5086886397410786,4.0896477699279785,81871600,0.05,0.0,6012.KL,Maxis
2020-03-01 00:00:00+08:00,3.5859425585182407,3.7054742756913583,2.9114440446773813,3.4151835441589355,143922000,0.04,0.0,1961.KL,IOI Corporation
2020-03-01 00:00:00+08:00,2.9765874928386893,3.0087667859822886,2.268642276464637,2.413449287414551,125026400,0.0,0.0,1015.KL,AMMB Holdings
2020-03-01 00:00:00+08:00,1.5336965640497688,1.559988480073816,1.0954975457498348,1.3584169149398804,137656900,0.045,0.0,5211.KL,Sunway
2020-03-01 00:00:00+08:00,4.379441786977665,4.614633996001999,3.244030896025142,4.0955891609191895,220075900,0.07,0.0,5183.KL,PETRONAS Chemicals
2020-03-01 00:00:00+08:00,3.381255983465667,3.600712494169945,3.1049033905976726,3.5356884002685547,111709600,0.0,0.0,6947.KL,Celcomdigi
2020-03-01 00:00:00+08:00,3.810515772771345,3.990322145716621,2.925314178212582,3.2434334754943848,135777700,0.0,0.0,1066.KL,RHB Bank
2020-03-01 00:00:00+08:00,1.4277768074878667,1.4634711936342115,1.113665868991514,1.2064714431762695,225387100,0.0,0.0,4197.KL,Sime Darby
2020-03-01 00:00:00+08:00,15.396200101547148,15.875192536792062,12.830166751289289,14.044755935668944,20372900,0.0,0.0,4065.KL,PPB Group
2020-03-01 00:00:00+08:00,5.589614956206692,5.716803512813268,4.685904539630673,4.987141132354736,376130800,0.0,0.0,1155.KL,Maybank
2020-03-01 00:00:00+08:00,3.4794486403261127,3.51646419409816,2.28755243325111,2.665109634399414,594699700,0.12,0.0,1023.KL,CIMB
2020-03-01 00:00:00+08:00,12.661796987181132,13.42415735845259,9.695224144232808,11.153651237487791,37146200,0.16,0.0,5819.KL,Hong Leong Bank
2020-03-01 00:00:00+08:00,12.11263257744921,12.499048208112308,9.927900285310791,11.44383716583252,31950900,0.32,0.0,6033.KL,PETRONAS Gas
2020-03-01 00:00:00+08:00,3.368120929016402,3.368120929016402,2.4429021039144976,2.6620328426361084,214478700,0.0,0.0,6888.KL,Axiata
2020-03-01 00:00:00+08:00,5.562827488324564,5.819109265148208,4.914584628095402,5.608053684234619,136198200,0.12,0.0,3816.KL,MISC
2020-03-01 00:00:00+08:00,17.895290828744592,18.355830957493275,14.309653047721715,17.07289695739746,28779600,0.0,0.0,2445.KL,Kuala Lumpur Kepong
2020-03-01 00:00:00+08:00,5.119593337044417,5.311578125327526,4.159669831559654,4.717339515686035,157093400,0.04,0.0,5225.KL,IHH Healthcare
2020-03-01 00:00:00+08:00,2.9643983919158927,3.0527679060287483,2.4904158779754653,3.01259994506836,96258700,0.1,0.0,4863.KL,Telekom Malaysia
2020-03-01 00:00:00+08:00,3.970725136549185,4.342980445526133,3.1600352403780203,4.086537837982178,182278400,0.0,0.0,5285.KL,SD Guthrie
2020-03-01 00:00:00+08:00,3.438444269778358,3.543918078701189,2.742316768772264,3.1220223903656006,100056150,0.0,0.0,7084.KL,QL Resources
2020-03-01 00:00:00+08:00,0.5237784557791696,0.5391832941470296,0.3697253891561456,0.4698595702648163,122000704,0.0,0.0,6742.KL,YTL Power
2020-03-01 00:00:00+08:00,2.63591428704786,2.830469985171594,1.9737978091492183,2.4947047233581543,1005107000,0.08,0.0,1295.KL,Public Bank
2020-03-01 00:00:00+08:00,8.84581096391903,9.29388301358101,7.805127604900491,8.68681812286377,146553900,0.7,0.0,5347.KL,Tenaga Nasional
2020-03-01 00:00:00+08:00,123.5303209792481,128.7699191663678,106.74581993670898,121.3989486694336,3536800,0.0,0.0,4707.KL,Nestlé Malaysia
2020-03-01 00:00:00+08:00,17.45342043346787,17.849369156436655,13.858205303907525,16.756549835205078,15895500,0.4,0.0,5681.KL,PETRONAS Dagangan
2020-03-01 00:00:00+08:00,1.2929619128415788,1.3725288187559002,0.9388892242058534,1.1258714199066162,343121400,0.0,0.0,5398.KL,Gamuda
2020-04-01 00:00:00+08:00,1.192193509101891,1.456332200951067,1.1850546324385718,1.4277766942977903,166727300,0.02,0.0,4197.KL,Sime Darby
2020-04-01 00:00:00+08:00,1.540658442806771,1.8965553372560928,1.4142214352094185,1.845043897628784,105068200,0.0,0.0,8869.KL,Press Metal
2020-04-01 00:00:00+08:00,2.563388112537699,2.6822419521281926,2.4959306314003737,2.630845785140991,353627500,0.0,0.0,1295.KL,Public Bank
2020-04-01 00:00:00+08:00,4.987140525608818,5.315153969461162,4.8867285530517375,5.067470550537109,162045000,0.39,0.0,1155.KL,Maybank
2020-04-01 00:00:00+08:00,1.402237051982294,1.5017506652225476,1.384143687364968,1.42033052444458,75328100,0.0,0.0,5211.KL,Sunway
2020-04-01 00:00:00+08:00,3.5194312587911503,3.80391177302716,3.316230836111993,3.771399736404419,69202300,0.0,0.0,6947.KL,Celcomdigi
2020-04-01 00:00:00+08:00,11.273263405743766,11.641779836205869,10.921497322751543,11.139257431030272,23574200,0.0,0.0,5819.KL,Hong Leong Bank
2020-04-01 00:00:00+08:00,9.191223391200484,10.033752494241652,8.884849570341592,9.37504768371582,121896300,0.0,0.0,5347.KL,Tenaga Nasional
2020-04-01 00:00:00+08:00,16.891970873308658,17.84594763874858,16.38208598280506,17.27027130126953,16107100,0.0,0.0,2445.KL,Kuala Lumpur Kepong
2020-04-01 00:00:00+08:00,3.0621224950934027,3.375763165336842,3.020854037635984,3.3262410163879395,73091000,0.0,0.0,4863.KL,Telekom Malaysia
2020-04-01 00:00:00+08:00,4.106275213762526,4.245209200555533,3.866999830260817,4.229772090911865,47989800,0.0,0.0,6012.KL,Maxis
2020-04-01 00:00:00+08:00,4.744001303829333,4.919022760623539,4.559767983350563,4.836117744445801,94592300,0.0,0.0,5225.KL,IHH Healthcare
2020-04-01 00:00:00+08:00,0.4775623994452405,0.5584395359352624,0.4660081604330943,0.5276290774345398,70688013,0.0,0.0,6742.KL,YTL Power
2020-04-01 00:00:00+08:00,13.90790014687236,14.455320041091012,13.63418938404305,14.078968048095703,13682900,0.0,0.0,4065.KL,PPB Group
2020-04-01 00:00:00+08:00,16.566803257567198,17.648651132703794,15.93707042968442,16.421480178833008,8091200,0.0,0.0,5681.KL,PETRONAS Dagangan
2020-04-01 00:00:00+08:00,1.1258712703372304,1.3367234813457265,1.1099579102386432,1.2810267210006714,131549400,0.0,0.0,5398.KL,Gamuda
2020-04-01 00:00:00+08:00,121.398962562091,130.9012929054191,120.33328306065374,124.41840362548828,2015000,1.4,0.0,4707.KL,Nestlé Malaysia
2020-04-01 00:00:00+08:00,4.050225427120676,4.84874529574135,3.8773499228503865,4.610012531280518,106921200,0.0,0.0,5183.KL,PETRONAS Chemicals
2020-04-01 00:00:00+08:00,4.012086182976979,4.194077945647828,3.788732942939879,4.094809532165527,81149700,0.0,0.0,5285.KL,SD Guthrie
2020-04-01 00:00:00+08:00,2.6539171690411365,3.2301499831845253,2.564641752560914,3.197686195373535,148672100,0.045,0.0,6888.KL,Axiata
2020-04-01 00:00:00+08:00,11.563246233180768,12.033050376937904,11.138906610271931,11.669330596923828,16945800,0.0,0.0,6033.KL,PETRONAS Gas
2020-04-01 00:00:00+08:00,3.243433588348317,3.381746187734136,3.11895224890108,3.2849273681640625,82887200,0.0,0.0,1066.KL,RHB Bank
2020-04-01 00:00:00+08:00,0.6019421634966121,0.6596627416318669,0.6019421634966121,0.6308024525642395,56165875,0.0,0.0,4677.KL,YTL Corporation
2020-04-01 00:00:00+08:00,5.621555044788688,6.418069610265044,5.575602323534256,6.042788505554199,105705100,0.0,0.0,3816.KL,MISC
2020-04-01 00:00:00+08:00,2.397359848022461,2.558256519448856,2.333001256173396,2.397359848022461,94112500,0.0,0.0,1015.KL,AMMB Holdings
2020-04-01 00:00:00+08:00,3.2064017176072426,3.4932910570711213,3.113585423748687,3.4384443759918213,59460750,0.0,0.0,7084.KL,QL Resources
2020-04-01 00:00:00+08:00,3.4136201700694726,3.534303595180219,3.1981138482774387,3.4998226165771484,74409200,0.0,0.0,1961.KL,IOI Corporation
2020-04-01 00:00:00+08:00,2.734555323714063,2.917366833313217,2.559360952781252,2.627915382385254,431752400,0.0,0.0,1023.KL,CIMB
2020-05-01 00:00:00+08:00,0.5276290361385122,0.5545888925363331,0.5045213891942326,0.5353318452835083,29981513,0.0,0.0,6742.KL,YTL Power
2020-05-01 00:00:00+08:00,14.078968393892282,14.848779678344728,13.651296998889826,14.848779678344728,14853900,0.23,0.0,4065.KL,PPB Group
2020-05-01 00:00:00+08:00,6.042788325331638,6.448704565439226,5.8130247259120384,6.356799125671387,74715700,0.07,0.0,3816.KL,MISC
2020-05-01 00:00:00+08:00,4.610012260220716,5.32621051149214,4.330118920868099,5.1862640380859375,70098700,0.0,0.0,5183.KL,PETRONAS Chemicals
2020-05-01 00:00:00+08:00,125.70480792775662,126.06370267250554,121.12882463194482,124.71782684326172,1636900,0.0,0.0,4707.KL,Nestlé Malaysia
2020-05-01 00:00:00+08:00,4.229770929697498,4.314675193453456,4.0368069281019,4.075399875640869,43231800,0.04,0.0,6012.KL,Maxis
2020-05-01 00:00:00+08:00,3.4384442935033053,4.303328898936167,3.3751598719196707,4.269577026367188,61803675,0.0,0.0,7084.KL,QL Resources
2020-05-01 00:00:00+08:00,17.270268607292856,18.9150560937017,16.069574495138358,18.12555885314941,13702300,0.0,0.0,2445.KL,Kuala Lumpur Kepong
2020-05-01 00:00:00+08:00,1.4203304484442416,1.4655638575671663,1.2122565507888794,1.2122565507888794,105921900,0.0,0.0,5211.KL,Sunway
2020-05-01 00:00:00+08:00,1.2810266851630463,1.5595107636508576,1.2611349855962968,1.5515540838241575,155583800,0.0,0.0,5398.KL,Gamuda
2020-05-01 00:00:00+08:00,9.375048886406226,9.57419226073828,8.624432563781738,8.624432563781738,149183600,0.0,0.0,5347.KL,Tenaga Nasional
2020-05-01 00:00:00+08:00,16.42148231507001,18.956558227539062,15.807896758314527,18.956558227539062,7008100,0.0,0.0,5681.KL,PETRONAS Dagangan
2020-05-01 00:00:00+08:00,0.630802435732629,0.8658079379081592,0.5936967207984208,0.8575616478919983,174546572,0.0,0.0,4677.KL,YTL Corporation
2020-05-01 00:00:00+08:00,2.39736027047173,2.550212144851685,2.324956841883009,2.550212144851685,47754500,0.0,0.0,1015.KL,AMMB Holdings
2020-05-01 00:00:00+08:00,3.284927484763953,3.381746307770652,3.1189523596096134,3.298758745193481,62468100,0.0,0.0,1066.KL,RHB Bank
2020-05-01 00:00:00+08:00,3.77140125818878,3.77140125818878,3.551944728646149,3.698249340057373,52986900,0.042,0.0,6947.KL,Celcomdigi
2020-05-01 00:00:00+08:00,2.627915642594539,2.87166428565979,2.574595666650531,2.87166428565979,418181200,0.0,0.0,1023.KL,CIMB
2020-05-01 00:00:00+08:00,1.8450442379481031,1.8684584822575108,1.6764614556245203,1.7654356956481934,57472800,0.0,0.0,8869.KL,Press Metal
2020-05-01 00:00:00+08:00,5.330628419321753,5.394004220960778,5.175709046919049,5.281335830688477,101239300,0.0,0.0,1155.KL,Maybank
2020-05-01 00:00:00+08:00,3.2356026709752457,3.2520270341136905,2.9728124691724256,3.1206319332122803,75314100,0.0,0.0,6888.KL,Axiata
2020-05-01 00:00:00+08:00,3.3262406019035766,3.780193774151401,3.2849719528051358,3.49131441116333,110774700,0.0,0.0,4863.KL,Telekom Malaysia
2020-05-01 00:00:00+08:00,11.6693297557384,14.397225379943848,11.199525645847164,14.397225379943848,18925000,0.0,0.0,6033.KL,PETRONAS Gas
2020-05-01 00:00:00+08:00,4.836117320385843,5.416451504251135,4.688731028323216,5.001926898956299,57479100,0.0,0.0,5225.KL,IHH Healthcare
2020-05-01 00:00:00+08:00,1.4421990635511024,1.5792080158501034,1.3340341509771223,1.5070979595184326,104830200,0.0,0.0,4197.KL,Sime Darby
2020-05-01 00:00:00+08:00,2.6308455809530464,2.6308455809530464,2.354590654373169,2.354590654373169,463216000,0.0,0.0,1295.KL,Public Bank
2020-05-01 00:00:00+08:00,3.4998224058680734,3.965316000029868,3.275695852918956,3.922214984893799,153945800,0.0,0.0,1961.KL,IOI Corporation
2020-05-01 00:00:00+08:00,4.094810599394566,4.18580650444622,3.772189256246521,4.10308313369751,58057000,0.01,0.0,5285.KL,SD Guthrie
2020-05-01 00:00:00+08:00,11.139255672511016,11.474270556406998,10.887994110219784,11.390517234802246,17635900,0.0,0.0,5819.KL,Hong Leong Bank
2020-06-01 00:00:00+08:00,2.3545910319183085,2.8685537016409186,2.3545910319183085,2.650119543075561,415036000,0.0,0.0,1295.KL,Public Bank
2020-06-01 00:00:00+08:00,3.491315114785206,3.7059111100714697,3.227196769957031,3.425285577774048,115128000,0.0,0.0,4863.KL,Telekom Malaysia
2020-06-01 00:00:00+08:00,1.7654354886350874,2.2524521597553995,1.7654354886350874,2.1213324069976807,189270200,0.005,0.0,8869.KL,Press Metal
2020-06-01 00:00:00+08:00,18.12556013787799,18.91505743438936,17.74725817352252,18.257143020629883,14552400,0.0,0.0,2445.KL,Kuala Lumpur Kepong
2020-06-01 00:00:00+08:00,3.922215553622872,3.922215553622872,3.654987330220565,3.741190195083618,51944800,0.0,0.0,1961.KL,IOI Corporation
2020-06-01 00:00:00+08:00,11.390517897785776,13.300104444617077,11.390517897785776,11.792535781860352,20730500,0.0,0.0,5819.KL,Hong Leong Bank
2020-06-01 00:00:00+08:00,8.624432888045172,9.34441185172335,8.624432888045172,8.900169372558594,93356500,0.0,0.0,5347.KL,Tenaga Nasional
2020-06-01 00:00:00+08:00,3.29875862388343,3.824347160403796,3.257264844120756,3.3125898838043213,104943300,0.185,0.0,1066.KL,RHB Bank
2020-06-01 00:00:00+08:00,14.39722831043366,14.39722831043366,12.730180243740632,12.790800094604492,23659000,0.16,0.0,6033.KL,PETRONAS Gas
2020-06-01 00:00:00+08:00,1.5515540685341296,1.6112292614974053,1.3486585452505375,1.4481171369552612,166272200,0.0,0.0,5398.KL,Gamuda
2020-06-01 00:00:00+08:00,2.871664368186312,3.138264437174892,2.666001416313537,2.71170425415039,346213300,0.0,0.0,1023.KL,CIMB
2020-06-01 00:00:00+08:00,5.186263877813456,5.80367622552743,5.021620349565611,5.103941917419434,75634800,0.0,0.0,5183.KL,PETRONAS Chemicals
2020-06-01 00:00:00+08:00,4.111667430344046,4.2608810242866655,3.987322571084493,4.0785088539123535,52503500,0.0,0.0,5285.KL,SD Guthrie
2020-06-01 00:00:00+08:00,2.550211771716245,2.799601514391583,2.4536736892525326,2.5019426345825195,80879400,0.0,0.0,1015.KL,AMMB Holdings
2020-06-01 00:00:00+08:00,1.5070978002803133,1.6441067381031165,1.4854648372435824,1.5503638982772827,142472300,0.0,0.0,4197.KL,Sime Darby
2020-06-01 00:00:00+08:00,3.7332477909806543,3.7660675191053263,3.41325485490207,3.5363290309906006,64103000,0.0,0.0,6947.KL,Celcomdigi
2020-06-01 00:00:00+08:00,4.269577251986855,4.269577251986855,3.6493918793292153,4.050191879272461,60659100,0.0,0.0,7084.KL,QL Resources
2020-06-01 00:00:00+08:00,4.1061015584566265,4.3549559511482245,4.082771273730641,4.17609167098999,51270500,0.0,0.0,6012.KL,Maxis
2020-06-01 00:00:00+08:00,15.06077531423757,15.68541514739353,14.817858996199789,15.425148963928224,17349600,0.0,0.0,4065.KL,PPB Group
2020-06-01 00:00:00+08:00,3.1206317982916056,3.268451255940479,2.7839321727168627,2.9153270721435547,115072400,0.0,0.0,6888.KL,Axiata
2020-06-01 00:00:00+08:00,5.001926911622212,5.35196979540313,4.882175768640991,5.066408634185791,64715600,0.0,0.0,5225.KL,IHH Healthcare
2020-06-01 00:00:00+08:00,6.411597655186449,6.604718062049318,5.83223643459784,5.917209148406982,91809100,0.0,0.0,3816.KL,MISC
2020-06-01 00:00:00+08:00,18.95656056979587,18.95656056979587,16.308455938586167,16.63139533996582,6228900,0.05,0.0,5681.KL,PETRONAS Dagangan
2020-06-01 00:00:00+08:00,124.7178475813782,126.06372363441469,122.9233461773296,125.5253677368164,1700700,0.0,0.0,4707.KL,Nestlé Malaysia
2020-06-01 00:00:00+08:00,1.2122565271681052,1.366050223034339,1.2122565271681052,1.239396572113037,124779800,0.0,0.0,5211.KL,Sunway
2020-06-01 00:00:00+08:00,0.8575616561448992,0.8575616561448992,0.6596627303785659,0.684400737285614,61087950,0.0,0.0,4677.KL,YTL Corporation
2020-06-01 00:00:00+08:00,0.535331828491946,0.5468860662373571,0.5083728022111171,0.516075611114502,65477088,0.0,0.0,6742.KL,YTL Power
2020-06-01 00:00:00+08:00,5.281335819574475,5.774260361756778,5.281335819574475,5.28837776184082,137987300,0.0,0.0,1155.KL,Maybank
2020-07-01 00:00:00+08:00,1.4680090420856835,1.4918790846762349,1.2850051925225532,1.416290521621704,160696200,0.0,0.0,5398.KL,Gamuda
2020-07-01 00:00:00+08:00,2.711704065535404,2.955452880258326,2.67361836998711,2.73455548286438,188334400,0.0,0.0,1023.KL,CIMB
2020-07-01 00:00:00+08:00,4.126132118531105,4.218949528703416,4.008001939107194,4.11769437789917,53975925,0.0,0.0,7084.KL,QL Resources
2020-07-01 00:00:00+08:00,3.528124264530829,3.675813039833964,3.4132548258308177,3.4870994091033936,64375300,0.0,0.0,6947.KL,Celcomdigi
2020-07-01 00:00:00+08:00,18.58610400713607,19.81969496023901,18.14201051109485,19.2440185546875,17492100,0.15,0.0,2445.KL,Kuala Lumpur Kepong
2020-07-01 00:00:00+08:00,2.637270221686977,3.016317693347644,2.630845772643832,2.730426073074341,415950000,0.0,0.0,1295.KL,Public Bank
2020-07-01 00:00:00+08:00,8.900170063188748,9.114631790007529,8.593796167733347,8.762301445007324,86385500,0.0,0.0,5347.KL,Tenaga Nasional
2020-07-01 00:00:00+08:00,3.433538387242152,3.4748070364139494,3.1859274761288816,3.3014793395996094,79655600,0.0,0.0,4863.KL,Telekom Malaysia
2020-07-01 00:00:00+08:00,5.066408712485831,5.204583583402788,4.808482257491125,4.974292278289795,72203500,0.0,0.0,5225.KL,IHH Healthcare
2020-07-01 00:00:00+08:00,0.523778454106444,0.5815479392698826,0.5160756447017448,0.5430346727371216,57449898,0.0,0.0,6742.KL,YTL Power
2020-07-01 00:00:00+08:00,1.550363845748294,1.6441066823979595,1.4926757743480747,1.571996808052063,122018300,0.0,0.0,4197.KL,Sime Darby
2020-07-01 00:00:00+08:00,125.9740077957534,127.40961456298828,124.17950618219018,127.40961456298828,1702500,0.0,0.0,4707.KL,Nestlé Malaysia
2020-07-01 00:00:00+08:00,5.917209773097319,6.27255138870688,5.832237050317455,6.0948805809021,54455200,0.0,0.0,3816.KL,MISC
2020-07-01 00:00:00+08:00,2.931752040821112,2.931752040821112,2.6114767114458206,2.627901077270508,94466700,0.0,0.0,6888.KL,Axiata
2020-07-01 00:00:00+08:00,2.149280992305304,2.280678184184647,2.121124499138569,2.2712926864624023,98272200,0.0,0.0,8869.KL,Press Metal
2020-07-01 00:00:00+08:00,4.13653521400509,4.401804159752626,4.0536387919843975,4.318907737731934,62904100,0.0,0.0,5285.KL,SD Guthrie
2020-07-01 00:00:00+08:00,16.990510275197586,17.702492883919973,16.407979049879266,17.39504623413086,4910300,0.0,0.0,5681.KL,PETRONAS Dagangan
2020-07-01 00:00:00+08:00,0.6926462269361717,0.6967693723585653,0.6019422079210665,0.6431710720062256,107713382,0.0,0.0,4677.KL,YTL Corporation
2020-07-01 00:00:00+08:00,15.598655456575225,17.090852737426758,15.112824591864598,17.090852737426758,17577900,0.0,0.0,4065.KL,PPB Group
2020-07-01 00:00:00+08:00,1.2484431480000855,1.3298633837823577,1.221303105354309,1.221303105354309,85183700,0.0,0.0,5211.KL,Sunway
2020-07-01 00:00:00+08:00,4.176090734442831,4.191644130497988,4.020556773891263,4.121654033660889,48635000,0.0,0.0,6012.KL,Maxis
2020-07-01 00:00:00+08:00,5.095709559597452,5.762514796033671,4.980459373588026,5.087477207183838,77319200,0.0,0.0,5183.KL,PETRONAS Chemicals
2020-07-01 00:00:00+08:00,2.501942943104556,2.6950189400370186,2.333001613616944,2.333001613616944,114667400,0.073,0.0,1015.KL,AMMB Holdings
2020-07-01 00:00:00+08:00,11.893038818828972,12.81433089018592,11.77578401614828,12.563069343566896,23252500,0.0,0.0,5819.KL,Hong Leong Bank
2020-07-01 00:00:00+08:00,3.775670421346862,3.9653157818094056,3.706708472087755,3.948075294494629,45267600,0.0,0.0,1961.KL,IOI Corporation
2020-07-01 00:00:00+08:00,12.982358511312434,13.746926170988743,12.248374258005777,12.844736099243164,18952800,0.0,0.0,6033.KL,PETRONAS Gas
2020-07-01 00:00:00+08:00,3.4233939751076816,3.738517792350044,3.4162318994170726,3.595279693603516,77136800,0.0,0.0,1066.KL,RHB Bank
2020-07-01 00:00:00+08:00,5.29541902260433,5.619340958585782,5.288377416576003,5.401045799255371,129971600,0.0,0.0,1155.KL,Maybank
2020-08-01 00:00:00+08:00,2.6854541029125016,2.8846144935843068,2.6340577495352946,2.637269973754883,261448500,0.0,0.0,1295.KL,Public Bank
2020-08-01 00:00:00+08:00,18.81007673721963,19.787008821775316,18.37956560464224,18.76040267944336,11879500,0.0,0.0,2445.KL,Kuala Lumpur Kepong
2020-08-01 00:00:00+08:00,3.616764927092012,3.6310887343841847,3.2801549434661865,3.2801549434661865,46541200,0.0,0.0,1066.KL,RHB Bank
2020-08-01 00:00:00+08:00,1.5719966719573977,1.6513175268707283,1.4998866319308823,1.5792076587677002,78251400,0.0,0.0,4197.KL,Sime Darby
2020-08-01 00:00:00+08:00,3.334494767600163,3.507822499037996,3.02085427001362,3.425285577774048,74332700,0.0,0.0,4863.KL,Telekom Malaysia
2020-08-01 00:00:00+08:00,4.9558694057805885,5.140102289575247,4.826905947878485,4.937446117401123,68021800,0.0,0.0,5225.KL,IHH Healthcare
2020-08-01 00:00:00+08:00,4.269170583405079,4.368646306114606,4.086798029822894,4.22772216796875,37000900,0.0,0.0,5285.KL,SD Guthrie
2020-08-01 00:00:00+08:00,2.4039306640625,2.5191875007803017,2.362767311810446,2.4039306640625,42623300,0.0,0.0,1015.KL,AMMB Holdings
2020-08-01 00:00:00+08:00,8.716344764531302,8.716344764531302,8.318058013916016,8.318058013916016,58058300,0.0,0.0,5347.KL,Tenaga Nasional
2020-08-01 00:00:00+08:00,0.5430346201546129,0.57769650301902,0.5122242147906201,0.5314804315567017,74851096,0.0,0.0,6742.KL,YTL Power
2020-08-01 00:00:00+08:00,5.281335715220616,5.5418815299180455,5.161625385284424,5.161625385284424,120092900,0.0,0.0,1155.KL,Maybank
2020-08-01 00:00:00+08:00,13.058815152183922,13.379933617331764,12.141334135682303,12.615365982055664,17226300,0.0,0.0,6033.KL,PETRONAS Gas
2020-08-01 00:00:00+08:00,4.121653433355414,4.1372068271452695,3.857245368105714,3.888352155685425,38414400,0.04,0.0,6012.KL,Maxis
2020-08-01 00:00:00+08:00,126.24320768149973,131.89589148326067,124.35898887488818,124.89733123779295,1312000,0.0,0.0,4707.KL,Nestlé Malaysia
2020-08-01 00:00:00+08:00,3.487099457546434,3.495304585242714,3.2409512996673584,3.2409512996673584,60519400,0.037,0.0,6947.KL,Celcomdigi
2020-08-01 00:00:00+08:00,12.546319425565471,12.66357503842872,11.72553253173828,11.72553253173828,14299400,0.0,0.0,5819.KL,Hong Leong Bank
2020-08-01 00:00:00+08:00,5.0874765482479765,5.161566140213664,4.494760990142822,4.494760990142822,47812000,0.0,0.0,5183.KL,PETRONAS Chemicals
2020-08-01 00:00:00+08:00,0.6390487509386954,0.6390487509386954,0.5524678826332092,0.5524678826332092,83815284,0.0,0.0,4677.KL,YTL Corporation
2020-08-01 00:00:00+08:00,16.941970010251342,17.459775654447373,16.19762362512827,16.666885375976562,6093900,0.0,0.0,5681.KL,PETRONAS Dagangan
2020-08-01 00:00:00+08:00,1.4162904984004994,1.428225519500091,1.304896873286528,1.3526370525360107,99607800,0.0,0.0,5398.KL,Gamuda
2020-08-01 00:00:00+08:00,2.271292545577833,2.463695348833378,2.196208344689309,2.4449243545532227,145187600,0.0,0.0,8869.KL,Press Metal
2020-08-01 00:00:00+08:00,4.117695175333266,4.130352467698691,3.999564973032224,4.050191879272461,37789875,0.0,0.0,7084.KL,QL Resources
2020-08-01 00:00:00+08:00,2.644325765058241,2.652537948970469,2.471869707107544,2.471869707107544,61868300,0.0,0.0,6888.KL,Axiata
2020-08-01 00:00:00+08:00,17.108204555324644,17.125556073303112,15.616008758544922,15.616008758544922,10587500,0.0,0.0,4065.KL,PPB Group
2020-08-01 00:00:00+08:00,1.2303497517155175,1.284629835484099,1.1579761988458024,1.2665364742279053,63990500,0.0,0.0,5211.KL,Sunway
2020-08-01 00:00:00+08:00,2.6660009971676595,2.780258255403321,2.513658046722412,2.513658046722412,219212100,0.0,0.0,1023.KL,CIMB
2020-08-01 00:00:00+08:00,6.063981245843439,6.179853574026023,5.770438112673689,5.878585815429688,35003000,0.07,0.0,3816.KL,MISC
2020-08-01 00:00:00+08:00,3.896354574206304,3.991177478009569,3.7498101986137273,3.844633102416992,39582800,0.0,0.0,1961.KL,IOI Corporation
2020-09-01 00:00:00+08:00,1.5864189940428453,1.8676477133414329,1.5719970172543805,1.7955378293991089,164841700,0.0,0.0,4197.KL,Sime Darby
2020-09-01 00:00:00+08:00,3.950566095962017,4.044627104493203,3.872181922186029,3.981919765472412,35036100,0.0,0.0,6012.KL,Maxis
2020-09-01 00:00:00+08:00,5.962861421533489,6.227877228669968,5.61989941709362,5.845942497253418,50318400,0.0,0.0,3816.KL,MISC
2020-09-01 00:00:00+08:00,4.527690723596545,4.708798179822713,4.247796989615891,4.618244647979736,66244900,0.05,0.0,5183.KL,PETRONAS Chemicals
2020-09-01 00:00:00+08:00,5.175709289228412,5.281336077942933,4.9855812038536,5.084166049957275,136302300,0.0,0.0,1155.KL,Maybank
2020-09-01 00:00:00+08:00,0.5314804753449252,0.5353318556013187,0.4968185896247549,0.5122242569923401,57508973,0.0,0.0,6742.KL,YTL Power
2020-09-01 00:00:00+08:00,2.4402317758139733,2.47308113148052,2.2759854450170973,2.4120752811431885,106607400,0.005,0.0,8869.KL,Press Metal
2020-09-01 00:00:00+08:00,1.2665366170579693,1.3117701331444749,1.2213032088164155,1.239396572113037,58806400,0.0,0.0,5211.KL,Sunway
2020-09-01 00:00:00+08:00,124.89728998129364,127.4993251275248,124.17948671023132,126.8712387084961,1079000,0.7,0.0,4707.KL,Nestlé Malaysia
2020-09-01 00:00:00+08:00,15.893624179501783,17.056149243938545,15.650709581085003,16.483562469482422,12997600,0.08,0.0,4065.KL,PPB Group
2020-09-01 00:00:00+08:00,2.545778454102178,2.64432482168606,2.389747015434609,2.422595739364624,76826300,0.02,0.0,6888.KL,Axiata
2020-09-01 00:00:00+08:00,0.5648364005004183,0.5854503976139369,0.5359761138379271,0.5565909743309021,78769208,0.0,0.0,4677.KL,YTL Corporation
2020-09-01 00:00:00+08:00,5.057197478519073,5.232218944885744,4.744001563293433,4.790059566497803,58523100,0.0,0.0,5225.KL,IHH Healthcare
2020-09-01 00:00:00+08:00,3.3159645080327587,3.416231155315902,3.2228595933737374,3.2729930877685547,49234300,0.0,0.0,1066.KL,RHB Bank
2020-09-01 00:00:00+08:00,1.3526369781597527,1.432203781115294,1.288983440944209,1.388442039489746,89187400,0.0,0.0,5398.KL,Gamuda
2020-09-01 00:00:00+08:00,8.425288881574359,8.808256558009555,8.04232120513916,8.04232120513916,81963700,0.22,0.0,5347.KL,Tenaga Nasional
2020-09-01 00:00:00+08:00,2.42039586486419,2.502722174710698,2.387465340925587,2.4697916507720947,35021200,0.0,0.0,1015.KL,AMMB Holdings
2020-09-01 00:00:00+08:00,4.050191736717672,4.252702070416612,4.02487851081065,4.143008708953857,32218200,0.0,0.0,7084.KL,QL Resources
2020-09-01 00:00:00+08:00,3.4335385898864725,3.598612802749187,3.2767184615555727,3.4087777137756348,105755200,0.068,0.0,4863.KL,Telekom Malaysia
2020-09-01 00:00:00+08:00,11.94329338764315,12.697077351201813,11.893040750661244,12.596572875976562,17178800,0.0,0.0,5819.KL,Hong Leong Bank
2020-09-01 00:00:00+08:00,4.18627405166626,4.277459931081671,4.119956509434994,4.18627405166626,65153100,0.0,0.0,5285.KL,SD Guthrie
2020-09-01 00:00:00+08:00,3.8704936327887887,3.92221551562382,3.7584306494348056,3.844633102416992,44377600,0.04,0.0,1961.KL,IOI Corporation
2020-09-01 00:00:00+08:00,2.5136582599951414,2.528892538171536,2.323229601183284,2.346081018447876,287162300,0.0,0.0,1023.KL,CIMB
2020-09-01 00:00:00+08:00,2.659755985979435,2.682241747487679,2.4734444880002067,2.5216286182403564,373113000,0.0,0.0,1295.KL,Public Bank
2020-09-01 00:00:00+08:00,16.585978644265467,17.540684003381184,15.776906515276906,15.971083641052246,4950400,0.05,0.0,5681.KL,PETRONAS Dagangan
2020-09-01 00:00:00+08:00,3.344542498801561,3.4687211370485174,3.253478308829897,3.336264133453369,56525000,0.0,0.0,6947.KL,Celcomdigi
2020-09-01 00:00:00+08:00,18.29677358376111,19.45584487767286,18.098075783014213,18.87630844116211,8270800,0.0,0.0,2445.KL,Kuala Lumpur Kepong
2020-09-01 00:00:00+08:00,12.707112346649488,13.410514496954823,12.29424520137827,12.554198265075684,19655500,0.66,0.0,6033.KL,PETRONAS Gas
2020-10-01 00:00:00+08:00,1.2484432780872192,1.266536641736389,1.2032098689642945,1.2122565507888794,49981900,0.0,0.0,5211.KL,Sunway
2020-10-01 00:00:00+08:00,12.512817939770455,12.914836613466788,12.295058656870898,12.395563125610352,14544100,0.0,0.0,5819.KL,Hong Leong Bank
2020-10-01 00:00:00+08:00,1.3884421108931049,1.4361821951215568,1.3247885704040527,1.3247885704040527,78206600,0.0,0.0,5398.KL,Gamuda
2020-10-01 00:00:00+08:00,16.310956133917998,17.060284806199526,16.119268138125324,16.380661010742188,14047700,0.0,0.0,4065.KL,PPB Group
2020-10-01 00:00:00+08:00,15.975567327500196,16.445913899696393,13.850897368907017,13.980648040771484,6686700,0.0,0.0,5681.KL,PETRONAS Dagangan
2020-10-01 00:00:00+08:00,2.430752733118754,2.513431317052878,2.1992525009819146,2.422484874725342,71328600,0.0,0.0,6888.KL,Axiata
2020-10-01 00:00:00+08:00,0.5565910650982645,0.6802776580882197,0.5400993466903511,0.6177471876144409,131573651,0.0,1.0333333333333334,4677.KL,YTL Corporation
2020-10-01 00:00:00+08:00,4.627000864538779,5.108806980465681,4.593772883861667,4.8595967292785645,49400400,0.0,0.0,5183.KL,PETRONAS Chemicals
2020-10-01 00:00:00+08:00,2.393240814415375,2.661246019319752,2.3462221528798195,2.5813145637512207,154601600,0.0,0.0,8869.KL,Press Metal
2020-10-01 00:00:00+08:00,3.844399936880552,3.91398176863108,3.635654026888537,3.7400271892547607,29849800,0.0,0.0,1961.KL,IOI Corporation
2020-10-01 00:00:00+08:00,4.147227814261205,4.55646717177689,3.9236242324141215,3.986908435821533,34382475,0.02,1.5,7084.KL,QL Resources
2020-10-01 00:00:00+08:00,126.24996196248615,130.30799645413748,124.89728379860236,125.7088851928711,1102900,0.0,0.0,4707.KL,Nestlé Malaysia
2020-10-01 00:00:00+08:00,3.3031501099091227,3.4356073279126056,3.0961858178029784,3.121021509170532,44329800,0.0,0.0,6947.KL,Celcomdigi
2020-10-01 00:00:00+08:00,3.251507010311178,3.2944784279775163,3.008001968695456,3.0294878482818604,56100300,0.0,0.0,1066.KL,RHB Bank
2020-10-01 00:00:00+08:00,8.240196365107739,8.27146842786473,7.427121987841152,7.458394050598144,85321200,0.0,0.0,5347.KL,Tenaga Nasional
2020-10-01 00:00:00+08:00,4.771636522643383,4.790059812721315,4.467652016734553,4.578191757202148,50315300,0.0,0.0,5225.KL,IHH Healthcare
2020-10-01 00:00:00+08:00,1.7883265023637536,1.8027484764212445,1.6368956028366104,1.7378495931625366,117299100,0.08,0.0,4197.KL,Sime Darby
2020-10-01 00:00:00+08:00,3.934889448240047,4.0132736257417925,3.723251982102713,3.762444257736206,24636300,0.0,0.0,6012.KL,Maxis
2020-10-01 00:00:00+08:00,2.4615590646372096,2.478024326906509,2.346302032470703,2.346302032470703,28803400,0.0,0.0,1015.KL,AMMB Holdings
2020-10-01 00:00:00+08:00,5.077124827544335,5.210918725275958,4.9292473793029785,4.9292473793029785,102055000,0.0,0.0,1155.KL,Maybank
2020-10-01 00:00:00+08:00,5.744612626416665,5.799174889133278,4.972948410185325,5.136634826660156,58498600,0.0,0.0,3816.KL,MISC
2020-10-01 00:00:00+08:00,18.64449418239512,18.92598311392633,17.386073262503764,17.568212509155273,8986100,0.0,0.0,2445.KL,Kuala Lumpur Kepong
2020-10-01 00:00:00+08:00,2.521628623834005,2.605147412934689,2.418836106008125,2.422048330307007,282312000,0.0,0.0,1295.KL,Public Bank
2020-10-01 00:00:00+08:00,2.361315737652649,2.4070187623248143,2.247058629989624,2.247058629989624,207624400,0.0,0.0,1023.KL,CIMB
2020-10-01 00:00:00+08:00,3.4403892785633667,3.599822004171265,3.348086237457641,3.515910148620605,71352800,0.0,0.0,4863.KL,Telekom Malaysia
2020-10-01 00:00:00+08:00,4.153115428859033,4.343777026434529,3.8878464489290634,4.012191295623779,39566000,0.0,0.0,5285.KL,SD Guthrie
2020-10-01 00:00:00+08:00,0.5122241909043591,0.5892507129194022,0.5045213338240663,0.5237783789634705,94278574,0.0,1.0625,6742.KL,YTL Power
2020-10-01 00:00:00+08:00,12.953803463654758,13.462420114319048,12.318034545065233,12.50876522064209,10218700,0.0,0.0,6033.KL,PETRONAS Gas
2020-11-01 00:00:00+08:00,3.7624449422255015,4.154366274800437,3.731091265520732,3.8408291339874263,33262200,0.04,0.0,6012.KL,Maxis
2020-11-01 00:00:00+08:00,0.6134867982453228,0.6816519811213488,0.5495818853378296,0.5495818853378296,558519100,0.0,0.0,4677.KL,YTL Corporation
2020-11-01 00:00:00+08:00,5.066484548579875,6.14213828040347,5.019717043501687,5.292527675628662,45429800,0.0,0.0,3816.KL,MISC
2020-11-01 00:00:00+08:00,3.6878414263871617,4.035751096643066,3.653050500835626,3.800912141799927,37621000,0.0,0.0,1961.KL,IOI Corporation
2020-11-01 00:00:00+08:00,3.524301713447651,4.37181259413352,3.415216483361732,4.229162216186523,153277000,0.0,0.0,4863.KL,Telekom Malaysia
2020-11-01 00:00:00+08:00,7.458394315644753,8.975090531634416,7.427122251776455,7.88056755065918,113270500,0.0,0.0,5347.KL,Tenaga Nasional
2020-11-01 00:00:00+08:00,2.39768107196466,3.1417888481072525,2.39768107196466,2.9350922107696533,117260600,0.0,0.0,6888.KL,Axiata
2020-11-01 00:00:00+08:00,3.129300178446087,3.5432289739881355,3.121021614377838,3.3114287853240967,63420300,0.041,0.0,6947.KL,Celcomdigi
2020-11-01 00:00:00+08:00,2.247058381352337,3.016390214251198,2.208972683012182,2.765024423599243,517692700,0.0,0.0,1023.KL,CIMB
2020-11-01 00:00:00+08:00,12.508766562808974,14.43196964263916,12.365718919725758,14.43196964263916,16799100,0.0,0.0,6033.KL,PETRONAS Gas
2020-11-01 00:00:00+08:00,2.3463022251926344,2.856725986310634,2.305139066138302,2.733236312866211,83435800,0.0,0.0,1015.KL,AMMB Holdings
2020-11-01 00:00:00+08:00,13.948207247030265,17.921823942262854,13.850893496960468,16.835161209106445,11294300,0.0,0.0,5681.KL,PETRONAS Dagangan
2020-11-01 00:00:00+08:00,2.5766127294575654,3.34301401217067,2.4355571988742213,3.2912936210632324,203554000,0.0,0.0,8869.KL,Press Metal
2020-11-01 00:00:00+08:00,3.02948861276179,3.8387847034667977,2.986517184251775,3.688384532928467,126971500,0.0,0.0,1066.KL,RHB Bank
2020-11-01 00:00:00+08:00,1.22130305805635,1.2846298217773438,1.1036961033009942,1.2846298217773438,92271500,0.0,0.0,5211.KL,Sunway
2020-11-01 00:00:00+08:00,4.929247808706938,5.879888726151679,4.901080705233738,5.5630083084106445,211008600,0.0,0.0,1155.KL,Maybank
2020-11-01 00:00:00+08:00,4.776526331957686,5.85643679153944,4.776526331957686,5.333095550537109,59689700,0.0,0.0,5183.KL,PETRONAS Chemicals
2020-11-01 00:00:00+08:00,1.0474418945838884,1.6253408746178293,1.023362469915013,1.5832021236419678,502436850,0.004867,0.0,5296.KL,Mr D.I.Y.
2020-11-01 00:00:00+08:00,17.63444946107747,19.91947698652896,17.61789249209997,19.455848693847656,19346300,0.0,0.0,2445.KL,Kuala Lumpur Kepong
2020-11-01 00:00:00+08:00,0.5196864053981355,0.5851586957651287,0.4992263299024089,0.54014652967453,95478600,0.0,0.0,6742.KL,YTL Power
2020-11-01 00:00:00+08:00,12.36205906237808,15.477699340872704,12.127547885403631,14.388900756835938,28080900,0.2,0.0,5819.KL,Hong Leong Bank
2020-11-01 00:00:00+08:00,125.79906856479928,127.33210105692736,120.83924865722656,120.83924865722656,2453000,0.7,0.0,4707.KL,Nestlé Malaysia
2020-11-01 00:00:00+08:00,1.344680197648936,1.4918788669974918,1.3048967042850073,1.4202686548233032,99513800,0.0,0.0,5398.KL,Gamuda
2020-11-01 00:00:00+08:00,2.425260487808953,3.0677135629266856,2.383500998675782,2.794671058654785,748060000,0.0,0.0,1295.KL,Public Bank
2020-11-01 00:00:00+08:00,4.605826203542951,5.204583697852698,4.578191053053534,5.176948547363281,66318300,0.0,0.0,5225.KL,IHH Healthcare
2020-11-01 00:00:00+08:00,1.7957780795326388,1.9000970348930373,1.721264362335205,1.721264362335205,108687700,0.0,0.0,4197.KL,Sime Darby
2020-11-01 00:00:00+08:00,3.979032791776573,4.352066943070024,3.979032791776573,4.061929225921631,56547200,0.0402,0.0,5285.KL,SD Guthrie
2020-11-01 00:00:00+08:00,3.992416608662856,4.144992917924129,3.8970564153745606,4.043275833129883,33702450,0.0,0.0,7084.KL,QL Resources
2020-11-01 00:00:00+08:00,16.25867624710995,16.97315157775819,15.68361065600794,16.206398010253906,9870500,0.0,0.0,4065.KL,PPB Group
2020-12-01 00:00:00+08:00,0.5623629281545915,0.7029536221029654,0.55384223540548,0.651829719543457,877411300,0.0,0.0,4677.KL,YTL Corporation
2020-12-01 00:00:00+08:00,3.0177711972681545,3.2658071401797577,2.984699567374824,3.092181921005249,115525400,0.0,0.0,6888.KL,Axiata
2020-12-01 00:00:00+08:00,15.28333809471809,16.70978324267537,15.079560447792876,15.453153610229492,21209000,0.0,0.0,5819.KL,Hong Leong Bank
2020-12-01 00:00:00+08:00,5.20458350296729,5.33354650884865,4.955868914858911,5.066408634185791,42975300,0.0,0.0,5225.KL,IHH Healthcare
2020-12-01 00:00:00+08:00,1.412311859429199,1.54757559299469,1.412311859429199,1.54757559299469,83781000,0.0,0.0,5398.KL,Gamuda
2020-12-01 00:00:00+08:00,4.135284286936317,4.352491337951237,4.135284286936317,4.168700695037842,42988900,0.0,0.0,5285.KL,SD Guthrie
2020-12-01 00:00:00+08:00,3.6883842687871033,4.282822832865128,3.6883842687871033,3.903241395950317,127669100,0.0,0.0,1066.KL,RHB Bank
2020-12-01 00:00:00+08:00,3.395733164737535,3.554646835845578,3.387369497216393,3.462644100189209,53176100,0.0,0.0,6947.KL,Celcomdigi
2020-12-01 00:00:00+08:00,3.910333353942885,4.068326852867893,3.878734729494946,3.989330291748047,33234100,0.0,0.0,6012.KL,Maxis
2020-12-01 00:00:00+08:00,4.237552528405224,4.690676908061145,4.170422649832686,4.539635181427002,96265500,0.0,0.0,4863.KL,Telekom Malaysia
2020-12-01 00:00:00+08:00,5.647508839188587,6.344645016128848,5.619341405500282,5.9573469161987305,142273100,0.135,0.0,1155.KL,Maybank
2020-12-01 00:00:00+08:00,1.7287157162895193,1.7659724860610904,1.6542021767463773,1.721264362335205,96270200,0.0,0.0,4197.KL,Sime Darby
2020-12-01 00:00:00+08:00,2.8589164156478484,3.687681015021776,2.8428551025291715,3.30863356590271,702943500,0.0,0.0,1295.KL,Public Bank
2020-12-01 00:00:00+08:00,1.5999511908772104,1.9561674943465008,1.545613150943204,1.883716702461243,326285100,0.0,0.0,5296.KL,Mr D.I.Y.
2020-12-01 00:00:00+08:00,3.809610080558085,3.931378319988459,3.800912141799927,3.800912141799927,36466100,0.0,0.0,1961.KL,IOI Corporation
2020-12-01 00:00:00+08:00,1.2755832575200672,1.4655637816903777,1.266536576163857,1.4565171003341677,59886300,0.0,0.0,5211.KL,Sunway
2020-12-01 00:00:00+08:00,3.998774112431697,4.176780248054826,3.6872634887695312,3.6872634887695312,54913500,0.0,0.0,7084.KL,QL Resources
2020-12-01 00:00:00+08:00,13.955137486429695,14.273021873723431,13.4942047459057,13.65314769744873,10837500,0.18,0.0,6033.KL,PETRONAS Gas
2020-12-01 00:00:00+08:00,2.7332356743832245,3.120169671669142,2.6426767456182296,3.004912853240967,115749400,0.0,0.0,1015.KL,AMMB Holdings
2020-12-01 00:00:00+08:00,5.4410874043071145,6.612374761013015,5.416166219732848,6.172103404998779,53548900,0.0,0.0,5183.KL,PETRONAS Chemicals
2020-12-01 00:00:00+08:00,3.3148029715160723,4.010676269065024,3.3101010158399697,3.94485068321228,184058200,0.005,0.0,8869.KL,Press Metal
2020-12-01 00:00:00+08:00,5.315909993948803,5.612104102510337,4.92618053206128,5.354882717132568,86880000,0.07,0.0,3816.KL,MISC
2020-12-01 00:00:00+08:00,8.115106460765036,8.662367820309612,8.068198003393952,8.146378517150879,126665300,0.0,0.0,5347.KL,Tenaga Nasional
2020-12-01 00:00:00+08:00,123.26137043485905,127.70239957311718,121.44870322258168,125.88973236083984,1204000,0.0,0.0,4707.KL,Nestlé Malaysia
2020-12-01 00:00:00+08:00,19.45584608792168,20.87984787140917,19.1412416119466,19.604869842529297,17923600,0.0,0.0,2445.KL,Kuala Lumpur Kepong
2020-12-01 00:00:00+08:00,0.544238631033805,0.6219869790211054,0.5401466152860879,0.6097109317779541,79756600,0.0,0.0,6742.KL,YTL Power
2020-12-01 00:00:00+08:00,2.7878757526061566,3.618144676046829,2.7802586131840195,3.2753732204437256,449463700,0.0,0.0,1023.KL,CIMB
2020-12-01 00:00:00+08:00,15.94500242180985,16.642052734206693,15.63133136003159,16.13669204711914,8081900,0.0,0.0,4065.KL,PPB Group
2020-12-01 00:00:00+08:00,16.83516157003492,17.435258659206973,16.170189161675335,17.354164123535156,5341000,0.11,0.0,5681.KL,PETRONAS Dagangan
2021-01-01 00:00:00+08:00,4.539635937821137,5.487840979215332,4.4389417033695375,5.328408241271973,183333100,0.0,0.0,4863.KL,Telekom Malaysia
2021-01-01 00:00:00+08:00,6.050054840353104,6.064357215763846,5.57091332896524,5.585216045379639,148015600,0.0,0.0,1155.KL,Maybank
2021-01-01 00:00:00+08:00,1.721264032051281,1.7883263824261737,1.6094937441835562,1.6392991542816162,90197300,0.0,0.0,4197.KL,Sime Darby
2021-01-01 00:00:00+08:00,0.6518296850453834,0.6518296850453834,0.5495818853378296,0.5495818853378296,304990300,0.0,0.0,4677.KL,YTL Corporation
2021-01-01 00:00:00+08:00,3.687263394847669,3.8398399162406274,3.687263394847669,3.820767879486084,45147450,0.0,0.0,7084.KL,QL Resources
2021-01-01 00:00:00+08:00,16.136693142929488,16.99057821325354,15.85787366379471,16.119266510009766,11961900,0.0,0.0,4065.KL,PPB Group
2021-01-01 00:00:00+08:00,3.3086338220064024,3.9912402567849554,3.1608697681701394,3.3648486137390137,914121000,0.0,5.0,1295.KL,Public Bank
2021-01-01 00:00:00+08:00,125.88971453845453,126.8866868958856,123.71451972348846,124.16768646240234,1592000,0.0,0.0,4707.KL,Nestlé Malaysia
2021-01-01 00:00:00+08:00,13.794227186211817,13.98692865935704,12.814660215798874,12.878894805908203,11852900,0.0,0.0,6033.KL,PETRONAS Gas
2021-01-01 00:00:00+08:00,4.168700942688706,4.3775537049081015,3.91807786703845,4.051743507385254,67086100,0.0,0.0,5285.KL,SD Guthrie
2021-01-01 00:00:00+08:00,1.8837167893835465,1.9259791954740888,1.6482522986704824,1.7871156930923462,236362050,0.0,0.0,5296.KL,Mr D.I.Y.
2021-01-01 00:00:00+08:00,3.275373169476893,3.298224405780797,2.894515659475624,2.9249842166900635,324291000,0.0,0.0,1023.KL,CIMB
2021-01-01 00:00:00+08:00,1.456516921745968,1.456516921745968,1.28462978136371,1.3570033311843872,55750000,0.0,0.0,5211.KL,Sunway
2021-01-01 00:00:00+08:00,5.4093669661714285,5.4093669661714285,4.692842483520508,4.692842483520508,54292300,0.0,0.0,3816.KL,MISC
2021-01-01 00:00:00+08:00,0.6097108649429996,0.6097108649429996,0.5278704613984435,0.5360544919967651,64500300,0.0,0.0,6742.KL,YTL Power
2021-01-01 00:00:00+08:00,19.6048692443144,20.61491682489827,18.942541641724976,19.240589141845703,19381100,0.0,0.0,2445.KL,Kuala Lumpur Kepong
2021-01-01 00:00:00+08:00,3.09218191883057,3.100449777017765,2.6870564734153968,2.753199338912964,86135800,0.0,0.0,6888.KL,Axiata
2021-01-01 00:00:00+08:00,3.0049128985895037,3.0049128985895037,2.5356523990631104,2.5356523990631104,66156300,0.0,0.0,1015.KL,AMMB Holdings
2021-01-01 00:00:00+08:00,3.903240846149458,3.967698145972392,3.645412329870688,3.652574062347412,96885400,0.1,0.0,1066.KL,RHB Bank
2021-01-01 00:00:00+08:00,3.989330099496596,4.1710223696588935,3.720741427947471,3.768139362335205,37034200,0.0,0.0,6012.KL,Maxis
2021-01-01 00:00:00+08:00,17.446608815349844,17.609661859087037,15.65303310918605,15.783474922180176,5229000,0.0,0.0,5681.KL,PETRONAS Dagangan
2021-01-01 00:00:00+08:00,15.453152917089572,15.70787455945054,14.536152737317094,14.655022621154783,20513100,0.0,0.0,5819.KL,Hong Leong Bank
2021-01-01 00:00:00+08:00,3.9497569627324105,4.161603185276106,3.634341081746154,3.761448860168457,152156800,0.0,0.0,8869.KL,Press Metal
2021-01-01 00:00:00+08:00,1.5475758041158358,1.5475758041158358,1.312853455543518,1.312853455543518,101908200,0.0,0.0,5398.KL,Gamuda
2021-01-01 00:00:00+08:00,3.4626438019379067,3.56301059529106,3.144816686507853,3.169908285140991,63806300,0.0,0.0,6947.KL,Celcomdigi
2021-01-01 00:00:00+08:00,8.146379224955405,8.271467461367166,7.54439115524292,7.54439115524292,137312300,0.0,0.0,5347.KL,Tenaga Nasional
2021-01-01 00:00:00+08:00,3.800911601854636,3.9661686821188153,3.670445442199707,3.670445442199707,63951300,0.0,0.0,1961.KL,IOI Corporation
2021-01-01 00:00:00+08:00,5.0664085773951015,5.269064727222756,4.559767543957274,4.707154273986816,56372400,0.0,0.0,5225.KL,IHH Healthcare
2021-01-01 00:00:00+08:00,6.172101901262782,6.32162818006106,5.524156013499224,5.573997974395752,59979100,0.0,0.0,5183.KL,PETRONAS Chemicals
2021-02-01 00:00:00+08:00,0.5495818960149934,0.5836645135086712,0.5495818960149934,0.5623629093170166,209161400,0.0,0.0,4677.KL,YTL Corporation
2021-02-01 00:00:00+08:00,5.328407684561921,5.722793995143665,5.043107383423792,5.15219259262085,196377300,0.0,0.0,4863.KL,Telekom Malaysia
2021-02-01 00:00:00+08:00,14.655023711946342,15.758819736975056,14.536153819261015,15.28333854675293,23716300,0.0,0.0,5819.KL,Hong Leong Bank
2021-02-01 00:00:00+08:00,0.5360544658004945,0.6138028502464294,0.5360544658004945,0.6138028502464294,43288000,0.0,0.0,6742.KL,YTL Power
2021-02-01 00:00:00+08:00,4.051743728379655,4.2271800900811805,4.026681618625181,4.093514442443848,76468800,0.0,0.0,5285.KL,SD Guthrie
2021-02-01 00:00:00+08:00,4.70715480558612,4.790059383891853,4.642673076463132,4.6795196533203125,72460000,0.0,0.0,5225.KL,IHH Healthcare
2021-02-01 00:00:00+08:00,3.820768376356416,3.935200611764972,3.738123327719076,3.909771680831909,50563200,0.0,0.0,7084.KL,QL Resources
2021-02-01 00:00:00+08:00,124.16768098706112,125.98034786278464,122.08311131406892,124.9833755493164,1496900,0.0,0.0,4707.KL,Nestlé Malaysia
2021-02-01 00:00:00+08:00,3.3648483389435144,3.4371244391354847,3.260449612651093,3.3407561779022217,511252600,0.0,0.0,1295.KL,Public Bank
2021-02-01 00:00:00+08:00,16.11926410967214,16.46778840669147,15.683608322924243,16.415510177612305,12161600,0.0,0.0,4065.KL,PPB Group
2021-02-01 00:00:00+08:00,3.761448488660223,4.651203074218087,3.6720024742733126,4.561756610870361,149930000,0.0,0.0,8869.KL,Press Metal
2021-02-01 00:00:00+08:00,3.670445610100496,3.827005174744264,3.635654687899771,3.72263240814209,53928900,0.0,0.0,1961.KL,IOI Corporation
2021-02-01 00:00:00+08:00,2.753199146258013,2.9764314988129184,2.720127715823401,2.9350922107696533,71134900,0.0,0.0,6888.KL,Axiata
2021-02-01 00:00:00+08:00,5.573999332413091,6.554225594412254,5.573999332413091,6.172103404998779,91284200,0.0,0.0,5183.KL,PETRONAS Chemicals
2021-02-01 00:00:00+08:00,2.535652620481586,2.832027719355335,2.535652620481586,2.6015138626098637,56353800,0.0,0.0,1015.KL,AMMB Holdings
2021-02-01 00:00:00+08:00,1.6392993474779374,1.751069648518126,1.5945912270618618,1.691458821296692,132582100,0.0,0.0,4197.KL,Sime Darby
2021-02-01 00:00:00+08:00,7.544390520130097,8.115106482694802,7.544390520130097,7.896202087402344,122725800,0.0,0.0,5347.KL,Tenaga Nasional
2021-02-01 00:00:00+08:00,15.783473428504657,16.7128716468811,15.506284213376784,16.305240631103516,5743200,0.0,0.0,5681.KL,PETRONAS Dagangan
2021-02-01 00:00:00+08:00,5.585216196721431,5.87842240266707,5.585216196721431,5.742546081542969,144070900,0.0,0.0,1155.KL,Maybank
2021-02-01 00:00:00+08:00,1.3128535493469398,1.3844637705407337,1.2929618475850846,1.3247885704040527,90593800,0.0,0.0,5398.KL,Gamuda
2021-02-01 00:00:00+08:00,2.924984043720092,3.3363100866118893,2.9021326271605896,3.298224210739136,215366800,0.0,0.0,1023.KL,CIMB
2021-02-01 00:00:00+08:00,12.878895359085076,13.505174790843345,12.750426939076004,13.167946815490724,12621700,0.0,0.0,6033.KL,PETRONAS Gas
2021-02-01 00:00:00+08:00,1.3570033311843872,1.3841433719252905,1.329863290443484,1.3570033311843872,24455700,0.0,0.0,5211.KL,Sunway
2021-02-01 00:00:00+08:00,19.240592306039535,19.820128856223707,18.64449878687787,19.455848693847656,15052300,0.35,0.0,2445.KL,Kuala Lumpur Kepong
2021-02-01 00:00:00+08:00,1.7871154206580695,2.5297345010836016,1.7327774944600334,2.3787953853607178,263854350,0.0,0.0,5296.KL,Mr D.I.Y.
2021-02-01 00:00:00+08:00,3.768140108199508,3.9103339395085066,3.6812436896124336,3.752340793609619,36718400,0.0,0.0,6012.KL,Maxis
2021-02-01 00:00:00+08:00,3.7218823831825976,4.021092777782093,3.714584755404709,3.955412387847901,89943900,0.0,0.0,1066.KL,RHB Bank
2021-02-01 00:00:00+08:00,4.692842708733187,5.354250186279522,4.692842708733187,5.338502407073975,58071200,0.0,0.0,3816.KL,MISC
2021-02-01 00:00:00+08:00,3.1699083773430585,3.2284554425233205,3.0946335792541504,3.0946335792541504,83118700,0.036,0.0,6947.KL,Celcomdigi
2021-03-01 00:00:00+08:00,3.722632214311678,3.757423134700905,3.600863578208897,3.644352436065674,38796100,0.045,0.0,1961.KL,IOI Corporation
2021-03-01 00:00:00+08:00,4.566464486214815,4.905418683544982,4.382864651421626,4.660618305206299,190652000,0.00625,0.0,8869.KL,Press Metal
2021-03-01 00:00:00+08:00,3.752339983418304,3.752339983418304,3.5232497829865363,3.570647716522217,49727600,0.05,0.0,6012.KL,Maxis
2021-03-01 00:00:00+08:00,4.118575920599372,4.168700530776576,3.7677036493589418,3.876306772232056,60887900,0.0,0.0,5285.KL,SD Guthrie
2021-03-01 00:00:00+08:00,3.9097713883879934,3.92248608026013,3.814411199346969,3.852555274963379,55156800,0.0,0.0,7084.KL,QL Resources
2021-03-01 00:00:00+08:00,6.172103367899837,7.127408835691426,6.172103367899837,6.645602703094482,98094800,0.07,0.0,5183.KL,PETRONAS Chemicals
2021-03-01 00:00:00+08:00,7.97438168945598,8.552915094882724,7.896201922703097,7.911837577819824,128352400,0.58,0.0,5347.KL,Tenaga Nasional
2021-03-01 00:00:00+08:00,4.73478944707705,5.112467513026285,4.707154734474568,4.900599479675293,121853000,0.04,0.0,5225.KL,IHH Healthcare
2021-03-01 00:00:00+08:00,1.3247886548610537,1.5913377600161112,1.3247886548610537,1.4242472648620603,159343800,0.0,0.0,5398.KL,Gamuda
2021-03-01 00:00:00+08:00,16.14219198365938,17.104201690774495,15.620424639457015,16.33785629272461,7658200,0.17,0.0,5681.KL,PETRONAS Dagangan
2021-03-01 00:00:00+08:00,15.3852272780406,16.47204136319547,15.130504012221875,15.877690315246582,35326300,0.1478,0.0,5819.KL,Hong Leong Bank
2021-03-01 00:00:00+08:00,124.89275510107012,125.07401902940538,121.53932402343834,122.35501861572266,2423300,0.0,0.0,4707.KL,Nestlé Malaysia
2021-03-01 00:00:00+08:00,3.9262215929399744,4.130560063985372,3.7948607992812593,3.9189236164093018,110496400,0.0,0.0,1066.KL,RHB Bank
2021-03-01 00:00:00+08:00,2.3848332486609154,2.5297346071862177,2.179556198130226,2.487471342086792,222564000,0.004667,0.0,5296.KL,Mr D.I.Y.
2021-03-01 00:00:00+08:00,2.6015142255232093,2.6179794892818467,2.1651843433564726,2.412163496017456,259364500,0.0,0.0,1015.KL,AMMB Holdings
2021-03-01 00:00:00+08:00,1.357003447392311,1.574124007602676,1.3298634043272513,1.5379372835159302,69495200,0.0,0.0,5211.KL,Sunway
2021-03-01 00:00:00+08:00,0.6138029411707071,0.6465391155941878,0.5769747510418757,0.5974348783493042,106893300,0.0,0.0,6742.KL,YTL Power
2021-03-01 00:00:00+08:00,0.5623629111352428,0.6092264405084016,0.5623629111352428,0.5751438736915588,201175900,0.0,0.0,4677.KL,YTL Corporation
2021-03-01 00:00:00+08:00,13.1679470575624,13.392766222415505,12.445316106081007,12.84677791595459,19297600,0.27,0.0,6033.KL,PETRONAS Gas
2021-03-01 00:00:00+08:00,1.684007606393485,1.8777429884509904,1.6691048983624686,1.7883267402648926,158952000,0.0,0.0,4197.KL,Sime Darby
2021-03-01 00:00:00+08:00,5.152192674547329,5.487840493111521,4.950804223482786,5.143801689147949,167030600,0.075,0.0,4863.KL,Telekom Malaysia
2021-03-01 00:00:00+08:00,16.398085989144544,16.554922361631654,16.049561640226074,16.119266510009766,13496600,0.0,0.0,4065.KL,PPB Group
2021-03-01 00:00:00+08:00,3.1411984193921216,3.2087510086298243,2.896320082082853,3.073645830154419,103760700,0.0,0.0,6947.KL,Celcomdigi
2021-03-01 00:00:00+08:00,3.3728785514831543,3.605767764741512,3.3407559277876486,3.3728785514831543,520060600,0.13,0.0,1295.KL,Public Bank
2021-03-01 00:00:00+08:00,5.291258236694065,5.566844912158074,5.118032680404378,5.369997501373291,59160900,0.12,0.0,3816.KL,MISC
2021-03-01 00:00:00+08:00,19.787745163597084,19.787745163597084,19.165699111573517,19.28338432312012,14008600,0.0,0.0,2445.KL,Kuala Lumpur Kepong
2021-03-01 00:00:00+08:00,3.237286782931428,3.5572069466529763,3.199200910787893,3.3058412075042725,280400700,0.0481,0.0,1023.KL,CIMB
2021-03-01 00:00:00+08:00,5.771151796056515,6.150174662266429,5.756849419562059,5.899876594543457,178382500,0.0,0.0,1155.KL,Maybank
2021-03-01 00:00:00+08:00,2.893753172110122,3.199664127114972,2.8110745888983493,3.0177712440490723,85848100,0.05,0.0,6888.KL,Axiata
2021-04-01 00:00:00+08:00,3.050842783654101,3.545347434375084,3.0340797278568585,3.2436156272888184,104123300,0.0,0.0,6888.KL,Axiata
2021-04-01 00:00:00+08:00,15.881196116389736,16.120783721200873,15.128209065930076,15.248002052307127,14579600,0.0,0.0,5819.KL,Hong Leong Bank
2021-04-01 00:00:00+08:00,0.575143840755497,0.639048700664546,0.5708835201473622,0.609226405620575,283471300,0.0,0.0,4677.KL,YTL Corporation
2021-04-01 00:00:00+08:00,122.6269054790396,124.16766941388596,122.17373880234658,122.98943328857422,1256400,0.92,0.0,4707.KL,Nestlé Malaysia
2021-04-01 00:00:00+08:00,3.877983855116588,3.954271999486243,3.788981020018657,3.8461971282958975,23611350,0.0,0.0,7084.KL,QL Resources
2021-04-01 00:00:00+08:00,3.0736459660971627,3.799836936488592,3.03142539463365,3.5380704402923584,145524400,0.0,0.0,6947.KL,Celcomdigi
2021-04-01 00:00:00+08:00,1.4202687674279753,1.4879006451130112,1.3844637059276623,1.4043554067611694,82432200,0.0,0.0,5398.KL,Gamuda
2021-04-01 00:00:00+08:00,4.666451239194159,5.156664299573188,4.666451239194159,4.902130603790283,115660200,0.0,2.0,8869.KL,Press Metal
2021-04-01 00:00:00+08:00,16.119266510009766,16.31095448644113,15.945003504602935,16.119266510009766,9008900,0.0,0.0,4065.KL,PPB Group
2021-04-01 00:00:00+08:00,3.341720422771629,3.403318894999628,3.156924638931777,3.1877238750457764,153162000,0.0,0.0,1023.KL,CIMB
2021-04-01 00:00:00+08:00,6.786606585744284,7.079854525227969,6.451465056141962,6.870391368865967,57444600,0.0,0.0,5183.KL,PETRONAS Chemicals
2021-04-01 00:00:00+08:00,3.90137011563224,3.9514947365906,3.684163026457604,3.792766571044922,44537300,0.0542,0.0,5285.KL,SD Guthrie
2021-04-01 00:00:00+08:00,13.145079194380314,13.22672595852578,12.720517266649882,12.851151466369627,12114400,0.0,0.0,6033.KL,PETRONAS Gas
2021-04-01 00:00:00+08:00,3.6176140075009218,3.929064099019013,3.5776843425996896,3.67351508140564,33166000,0.0,0.0,6012.KL,Maxis
2021-04-01 00:00:00+08:00,5.466754473846356,5.619054127320996,5.298423298017631,5.434691429138184,40055100,0.0,0.0,3816.KL,MISC
2021-04-01 00:00:00+08:00,1.7883266543008665,1.8330347762448167,1.6765561717867057,1.6840075254440308,97347700,0.06,0.0,4197.KL,Sime Darby
2021-04-01 00:00:00+08:00,0.5974347962096453,0.6056188264951471,0.5769746717152228,0.5933427810668945,20084600,0.0,0.0,6742.KL,YTL Power
2021-04-01 00:00:00+08:00,19.28338266356216,19.401066261661818,18.022481472544317,18.49321746826172,10824900,0.0,0.0,2445.KL,Kuala Lumpur Kepong
2021-04-01 00:00:00+08:00,3.540556170270038,3.5819175690724423,3.4247433069306004,3.433015823364258,278029000,0.0,0.0,1295.KL,Public Bank
2021-04-01 00:00:00+08:00,4.956147639580527,5.104646299398068,4.863335534633648,4.993272304534912,34802300,0.0,0.0,5225.KL,IHH Healthcare
2021-04-01 00:00:00+08:00,2.4203957035370838,2.617979030280547,2.4121630731011634,2.4533262252807617,136865400,0.0,0.0,1015.KL,AMMB Holdings
2021-04-01 00:00:00+08:00,8.372149046701132,8.504253832167507,8.198761318924857,8.223530769348145,55014000,0.0,0.0,5347.KL,Tenaga Nasional
2021-04-01 00:00:00+08:00,3.701027651382714,3.762565078597162,3.5164157889287977,3.5955352783203125,42987200,0.0,0.0,1961.KL,IOI Corporation
2021-04-01 00:00:00+08:00,3.926222143925583,3.970008965294412,3.802159309387207,3.802159309387207,41991800,0.0,0.0,1066.KL,RHB Bank
2021-04-01 00:00:00+08:00,1.5469837620744722,1.5922171612629354,1.4474701760149224,1.4655635356903076,51484400,0.015,0.0,5211.KL,Sunway
2021-04-01 00:00:00+08:00,5.907027974355964,6.064357521851632,5.885573387145996,5.885573387145996,113711800,0.0,0.0,1155.KL,Maybank
2021-04-01 00:00:00+08:00,2.4919443825250505,2.649203764634714,2.334686081955422,2.413315773010254,201673950,0.0,0.0,5296.KL,Mr D.I.Y.
2021-04-01 00:00:00+08:00,16.36551517280075,16.89184437568499,16.151694179219664,16.579336166381836,4366000,0.0,0.0,5681.KL,PETRONAS Dagangan
2021-04-01 00:00:00+08:00,5.223775436256591,5.257751178523073,4.773596243691507,4.85004186630249,77351000,0.0,0.0,4863.KL,Telekom Malaysia
2021-05-01 00:00:00+08:00,16.299727799455415,16.595787943084,15.049697824779614,15.543130874633787,5868900,0.0,0.0,5681.KL,PETRONAS Dagangan
2021-05-01 00:00:00+08:00,1.4694830805924557,1.5607553425730716,1.3964652492469645,1.4329742193222046,77854400,0.0,0.0,5211.KL,Sunway
2021-05-01 00:00:00+08:00,123.82525513913215,124.73774782832773,122.63901185847122,124.55525207519533,1715200,0.0,0.0,4707.KL,Nestlé Malaysia
2021-05-01 00:00:00+08:00,6.954176939272124,6.979312294262292,6.501736554256462,6.74471378326416,72379800,0.0,0.0,5183.KL,PETRONAS Chemicals
2021-05-01 00:00:00+08:00,16.188970280433004,16.554921237420203,15.579051464822651,16.13669204711914,8054100,0.38,0.0,4065.KL,PPB Group
2021-05-01 00:00:00+08:00,2.449606411113427,2.504042056262875,2.207669561525138,2.4193637371063232,162575700,0.005333,0.0,5296.KL,Mr D.I.Y.
2021-05-01 00:00:00+08:00,0.5933427243911518,0.5933427243911518,0.5646985723472997,0.58515864610672,14248100,0.0,0.0,6742.KL,YTL Power
2021-05-01 00:00:00+08:00,1.404355313444747,1.424247012956493,1.197481448820377,1.2611349821090698,536525600,0.0,0.0,5398.KL,Gamuda
2021-05-01 00:00:00+08:00,18.69496009437076,19.21613325386859,17.988855350957515,18.66133689880371,13084800,0.0,0.0,2445.KL,Kuala Lumpur Kepong
2021-05-01 00:00:00+08:00,3.1646243345304343,3.380218967094344,3.0876262514718955,3.2955212593078613,190907600,0.0,0.0,1023.KL,CIMB
2021-05-01 00:00:00+08:00,2.4450938023679103,2.45332643350256,2.3051388767974537,2.346302032470703,58982100,0.0,0.0,1015.KL,AMMB Holdings
2021-05-01 00:00:00+08:00,4.902130603790283,5.166091689927935,4.4024906025792205,4.902130603790283,173302700,0.0,0.0,8869.KL,Press Metal
2021-05-01 00:00:00+08:00,1.7510696649551392,1.7740094207303494,1.644017471337491,1.7510696649551392,70217900,0.0,0.0,4197.KL,Sime Darby
2021-05-01 00:00:00+08:00,3.586744037637065,3.683445589205647,3.5164157889287977,3.5955352783203125,42609800,0.0,0.0,1961.KL,IOI Corporation
2021-05-01 00:00:00+08:00,3.813227875289488,4.049969057696052,3.720222209188517,3.847048044204712,65200500,0.0213,0.0,5285.KL,SD Guthrie
2021-05-01 00:00:00+08:00,12.83482221177333,13.4063472084387,12.671529466817686,13.226725578308104,9963700,0.0,0.0,6033.KL,PETRONAS Gas
2021-05-01 00:00:00+08:00,4.993271883771704,5.299550565116952,4.751961139341582,4.919022560119629,122895900,0.0,0.0,5225.KL,IHH Healthcare
2021-05-01 00:00:00+08:00,3.8461974379970334,3.9479154267269214,3.78262375188001,3.814411163330078,26977350,0.0,0.0,7084.KL,QL Resources
2021-05-01 00:00:00+08:00,3.529625945336956,3.630955230015888,3.4029650441173667,3.5971789360046387,56532700,0.034,0.0,6947.KL,Celcomdigi
2021-05-01 00:00:00+08:00,5.426674055194473,5.627068223233001,5.274374441618607,5.506831645965576,27394500,0.07,0.0,3816.KL,MISC
2021-05-01 00:00:00+08:00,8.23178830426035,8.306097450058942,8.132709705664464,8.215274810791016,51232200,0.0,0.0,5347.KL,Tenaga Nasional
2021-05-01 00:00:00+08:00,3.2184711868633147,3.2268526144399514,2.832925318509045,3.1011312007904053,82881600,0.0,0.0,6888.KL,Axiata
2021-05-01 00:00:00+08:00,3.673515988689101,3.857191807163436,3.593657019960608,3.713445663452149,28755900,0.04,0.0,6012.KL,Maxis
2021-05-01 00:00:00+08:00,0.6049661400684132,0.6092264610642657,0.5666232511057405,0.570883572101593,171237800,0.0,0.0,4677.KL,YTL Corporation
2021-05-01 00:00:00+08:00,3.802159874264994,3.918924748596015,3.714586218516728,3.86784029006958,66882900,0.0,0.0,1066.KL,RHB Bank
2021-05-01 00:00:00+08:00,15.299345395086128,15.966767121792872,14.83728545510256,15.744293212890623,13913800,0.0,0.0,5819.KL,Hong Leong Bank
2021-05-01 00:00:00+08:00,5.88557355837649,6.007146828073872,5.706789759473127,5.849817276000977,136691800,0.385,0.0,1155.KL,Maybank
2021-05-01 00:00:00+08:00,3.433016357046833,3.540556720670395,3.366837793110904,3.4826502799987797,370652400,0.0,0.0,1295.KL,Public Bank
2021-05-01 00:00:00+08:00,4.841546798502982,5.300219636044413,4.756607459147665,5.223774433135986,91844400,0.0,0.0,4863.KL,Telekom Malaysia
2021-06-01 00:00:00+08:00,2.329836678656203,2.51095475278332,2.329836678656203,2.428628444671631,97391000,0.0,0.0,1015.KL,AMMB Holdings
2021-06-01 00:00:00+08:00,5.548773220515578,5.880889841138957,5.459668723640318,5.49207067489624,35366700,0.0,0.0,3816.KL,MISC
2021-06-01 00:00:00+08:00,5.223774705774171,5.342689787078007,5.07937761882243,5.155823230743408,62410800,0.0,0.0,4863.KL,Telekom Malaysia
2021-06-01 00:00:00+08:00,13.226724792244156,13.471663505800308,12.65519905090332,12.65519905090332,14869700,0.16,0.0,6033.KL,PETRONAS Gas
2021-06-01 00:00:00+08:00,15.57602539962755,16.118801223131655,15.279965289141584,15.29641342163086,4525700,0.14,0.0,5681.KL,PETRONAS Dagangan
2021-06-01 00:00:00+08:00,3.126275240783482,3.4280070097726925,3.0927495330800103,3.1346566677093506,79887500,0.0,0.0,6888.KL,Axiata
2021-06-01 00:00:00+08:00,1.2571567548231255,1.3009184976691546,1.225329937902173,1.245221734046936,204227000,0.0,0.0,5398.KL,Gamuda
2021-06-01 00:00:00+08:00,1.432974042162283,1.652027291507019,1.4238467191681508,1.5881367921829224,107750900,0.0,0.0,5211.KL,Sunway
2021-06-01 00:00:00+08:00,3.882435168355244,4.013795627244391,3.860541584547032,3.9408175945281982,46871300,0.0765,0.0,1066.KL,RHB Bank
2021-06-01 00:00:00+08:00,2.4245082181711504,2.479059614061765,2.151751021950098,2.1759963035583496,360809250,0.0,0.0,5296.KL,Mr D.I.Y.
2021-06-01 00:00:00+08:00,4.965428266004669,5.43876837764952,4.891178940859019,5.0768022537231445,74016100,0.0,0.0,5225.KL,IHH Healthcare
2021-06-01 00:00:00+08:00,4.902129755916691,4.968120128418072,4.355353796547826,4.506188869476318,158518700,0.0075,0.0,8869.KL,Press Metal
2021-06-01 00:00:00+08:00,8.215274734027247,8.619845871365136,8.083169937133789,8.083169937133789,70960100,0.0,0.0,5347.KL,Tenaga Nasional
2021-06-01 00:00:00+08:00,3.3648196027948973,3.657412707513371,3.357119977489595,3.5496153831481934,317391300,0.0,0.0,1023.KL,CIMB
2021-06-01 00:00:00+08:00,3.728350736813491,3.776666249846233,3.535088300704956,3.535088300704956,40671300,0.0,0.0,6012.KL,Maxis
2021-06-01 00:00:00+08:00,124.55522714246617,124.55522714246617,119.62777317657206,121.63525390625,1362000,0.0,0.0,4707.KL,Nestlé Malaysia
2021-06-01 00:00:00+08:00,6.118292119400924,6.223263076911013,6.073305076936705,6.080802440643311,133832700,0.0,0.0,1155.KL,Maybank
2021-06-01 00:00:00+08:00,6.786606840120663,6.937419775007892,6.535250883257201,6.7530927658081055,79978900,0.0,0.0,5183.KL,PETRONAS Chemicals
2021-06-01 00:00:00+08:00,3.482650101544749,3.532284021953411,3.3916543835678694,3.3999269008636475,314462600,0.0,0.0,1295.KL,Public Bank
2021-06-01 00:00:00+08:00,15.573160282931806,16.29192162719373,15.538932775082474,16.01810646057129,16089100,0.0,0.0,5819.KL,Hong Leong Bank
2021-06-01 00:00:00+08:00,16.47104250115863,16.666702217731075,16.23980736539337,16.275381088256836,11127700,0.0,0.0,4065.KL,PPB Group
2021-06-01 00:00:00+08:00,3.822706913479815,3.8651815967681418,3.380971908569336,3.380971908569336,44767500,0.0,0.0,5285.KL,SD Guthrie
2021-06-01 00:00:00+08:00,0.5708835616633021,0.5879248453351217,0.5538422272044511,0.558102548122406,135629900,0.0,0.0,4677.KL,YTL Corporation
2021-06-01 00:00:00+08:00,3.618093495987525,3.8309225251632615,3.4903959972942515,3.5159356594085693,86478000,0.0,0.0,6947.KL,Celcomdigi
2021-06-01 00:00:00+08:00,3.820767612632258,3.8906988638946,3.5601164618581542,3.591902732849121,48224400,0.0,0.0,7084.KL,QL Resources
2021-06-01 00:00:00+08:00,18.711772745015207,18.74539594103364,16.929698463115276,17.11463165283203,10106500,0.0,0.0,2445.KL,Kuala Lumpur Kepong
2021-06-01 00:00:00+08:00,3.569162293283421,3.5955355984922006,3.208729776963379,3.3054311275482178,53032200,0.0,0.0,1961.KL,IOI Corporation
2021-06-01 00:00:00+08:00,1.7357764036968253,1.7587161582728097,1.6210774485079398,1.666957139968872,106749000,0.0,0.0,4197.KL,Sime Darby
2021-06-01 00:00:00+08:00,0.585158735723903,0.6097108767760365,0.5687906742095947,0.5687906742095947,18063000,0.02,0.0,6742.KL,YTL Power
2021-07-01 00:00:00+08:00,3.3809718972565594,3.4829106507251355,2.888267517089844,2.888267517089844,55450300,0.0,0.0,5285.KL,SD Guthrie
2021-07-01 00:00:00+08:00,1.6746036773196695,1.697543431244862,1.6363707541110155,1.6440173387527466,72300800,0.0,0.0,4197.KL,Sime Darby
2021-07-01 00:00:00+08:00,12.814105299996962,13.160432534028413,12.566728591918944,12.566728591918944,8696400,0.0,0.0,6033.KL,PETRONAS Gas
2021-07-01 00:00:00+08:00,3.399927135792355,3.433016418351204,3.292386770248413,3.292386770248413,390587700,0.0,0.0,1295.KL,Public Bank
2021-07-01 00:00:00+08:00,5.076801920468797,5.420205690566852,5.076801920468797,5.23458194732666,66841800,0.0,0.0,5225.KL,IHH Healthcare
2021-07-01 00:00:00+08:00,3.610974768271616,3.649119066473203,3.483828092811577,3.591902732849121,28428150,0.0,0.0,7084.KL,QL Resources
2021-07-01 00:00:00+08:00,4.560031339864437,4.87158620902018,4.456179566750935,4.550590515136719,96771400,0.0,0.0,8869.KL,Press Metal
2021-07-01 00:00:00+08:00,17.1482582762568,17.534935529325008,15.5679292678833,15.5679292678833,7231300,0.2,0.0,2445.KL,Kuala Lumpur Kepong
2021-07-01 00:00:00+08:00,2.182057964026456,2.285099270974854,2.000219764229589,2.1153833866119385,121191300,0.0,0.0,5296.KL,Mr D.I.Y.
2021-07-01 00:00:00+08:00,3.959706453415485,4.018916961792749,3.774673438275299,3.7820749282836914,40836600,0.0,0.0,1066.KL,RHB Bank
2021-07-01 00:00:00+08:00,3.1346567280668656,3.260378334204624,3.1011310197178594,3.1262753009796143,50104700,0.0,0.0,6888.KL,Axiata
2021-07-01 00:00:00+08:00,3.2790575109165228,3.358176785187205,3.1823559661021013,3.2087292671203613,49228300,0.0,0.0,1961.KL,IOI Corporation
2021-07-01 00:00:00+08:00,5.155823403147008,5.223774880449974,4.875522951738141,5.045402050018311,51942100,0.0,0.0,4863.KL,Telekom Malaysia
2021-07-01 00:00:00+08:00,5.492070589836017,5.637877630072381,5.265259252100112,5.427267074584961,24584200,0.0,0.0,3816.KL,MISC
2021-07-01 00:00:00+08:00,0.558102607191131,0.5623629793470286,0.5282803576091055,0.5325406789779663,89334400,0.0,0.0,4677.KL,YTL Corporation
2021-07-01 00:00:00+08:00,3.5159367262281607,3.677686886193301,3.4563444338391256,3.5329630374908447,50734100,0.0,0.0,6947.KL,Celcomdigi
2021-07-01 00:00:00+08:00,6.080802735140639,6.1332885739656815,5.990827930798515,6.005824089050293,107387400,0.0,0.0,1155.KL,Maybank
2021-07-01 00:00:00+08:00,3.5672979201231194,3.5753506959861623,3.4304041862487797,3.4304041862487797,23913100,0.0,0.0,6012.KL,Maxis
2021-07-01 00:00:00+08:00,1.5972644343862972,1.606391651021247,1.542501134576598,1.551628351211548,37874200,0.0,0.0,5211.KL,Sunway
2021-07-01 00:00:00+08:00,122.18275665115614,122.91275353426782,119.81028418545874,121.36151885986328,1031600,0.0,0.0,4707.KL,Nestlé Malaysia
2021-07-01 00:00:00+08:00,8.091427258826952,8.140966167479244,7.934552210812265,7.959322452545166,52440400,0.0,0.0,5347.KL,Tenaga Nasional
2021-07-01 00:00:00+08:00,16.27537946605378,16.488828567277043,16.061932061159702,16.09750747680664,6175500,0.0,0.0,4065.KL,PPB Group
2021-07-01 00:00:00+08:00,0.5845903158187866,0.5972073610920159,0.5719732705455572,0.5845903158187866,13160800,0.0,0.0,6742.KL,YTL Power
2021-07-01 00:00:00+08:00,3.541915382586976,3.595814228224228,3.372519587543377,3.4264180660247803,191295600,0.0,0.0,1023.KL,CIMB
2021-07-01 00:00:00+08:00,2.4203959089639606,2.4368611712332604,2.338069401336053,2.346302032470703,44624100,0.0,0.0,1015.KL,AMMB Holdings
2021-07-01 00:00:00+08:00,15.55921242235225,16.00660107884398,15.1283925455554,15.24438190460205,2971600,0.0,0.0,5681.KL,PETRONAS Dagangan
2021-07-01 00:00:00+08:00,1.2412431541135704,1.2412431541135704,1.09404448686403,1.113936185836792,99492600,0.0,0.0,5398.KL,Gamuda
2021-07-01 00:00:00+08:00,6.753092236081285,6.895526441457895,6.619035549827464,6.736334800720215,61478800,0.0,0.0,5183.KL,PETRONAS Chemicals
2021-07-01 00:00:00+08:00,15.983881749505397,16.172128160221796,15.316459986325857,15.402027130126951,19257700,0.0,0.0,5819.KL,Hong Leong Bank
2021-08-01 00:00:00+08:00,16.257593322547134,16.613338994481925,16.026358211707226,16.471040725708008,9595900,0.0,0.0,4065.KL,PPB Group
2021-08-01 00:00:00+08:00,3.549988915088923,3.822409862013082,3.5159362967234027,3.7457916736602783,62307800,0.036,0.0,6947.KL,Celcomdigi
2021-08-01 00:00:00+08:00,3.6173329934989247,3.6554770688293945,3.502900540150893,3.534687042236328,32630700,0.0,0.0,7084.KL,QL Resources
2021-08-01 00:00:00+08:00,0.5325406143834748,0.5751438736915588,0.5197596518271587,0.5751438736915588,78889800,0.0,0.0,4677.KL,YTL Corporation
2021-08-01 00:00:00+08:00,3.2175203335109623,3.665863311905591,3.112027757044443,3.621907949447632,39432400,0.0,0.0,1961.KL,IOI Corporation
2021-08-01 00:00:00+08:00,15.310662212283544,16.818530244976184,15.144963348828716,16.536840438842773,3558900,0.0,0.0,5681.KL,PETRONAS Dagangan
2021-08-01 00:00:00+08:00,1.6440175317309715,1.8504755236011332,1.5904912506468705,1.8045958280563357,171373400,0.0,0.0,4197.KL,Sime Darby
2021-08-01 00:00:00+08:00,3.3006591930793205,3.466105808223616,3.2344806259126773,3.4578332901000977,436919100,0.0,0.0,1295.KL,Public Bank
2021-08-01 00:00:00+08:00,0.5845904012701896,0.6014131307601929,0.5677676717801863,0.6014131307601929,18877800,0.0,0.0,6742.KL,YTL Power
2021-08-01 00:00:00+08:00,12.649187119565882,13.8530855178833,12.649187119565882,13.8530855178833,10022600,0.0,0.0,6033.KL,PETRONAS Gas
2021-08-01 00:00:00+08:00,2.913752269180659,3.601839275210587,2.777833725715724,3.423446655273437,76264000,0.0,0.0,5285.KL,SD Guthrie
2021-08-01 00:00:00+08:00,3.168183042104276,3.486677532138112,3.067605897829071,3.469914674758911,57580300,0.0,0.0,6888.KL,Axiata
2021-08-01 00:00:00+08:00,1.5516282214374455,1.661154920701324,1.5242464650177292,1.6246459484100342,44698200,0.0,0.0,5211.KL,Sunway
2021-08-01 00:00:00+08:00,6.005824153639903,6.365723374878934,5.983330273548416,6.298242092132568,127845000,0.0,0.0,1155.KL,Maybank
2021-08-01 00:00:00+08:00,3.782075208772338,4.181746522882018,3.774673718215032,4.137338638305664,61388300,0.0,0.0,1066.KL,RHB Bank
2021-08-01 00:00:00+08:00,5.062389617092271,5.240762436874122,4.858534792331843,5.189798831939697,62871800,0.0,0.0,4863.KL,Telekom Malaysia
2021-08-01 00:00:00+08:00,2.091138795465204,2.3881406232859685,2.006280418135913,2.200241804122925,184923600,0.004,0.0,5296.KL,Mr D.I.Y.
2021-08-01 00:00:00+08:00,122.27402338933396,123.91651305538996,120.63153372327793,122.91276550292967,932600,0.0,0.0,4707.KL,Nestlé Malaysia
2021-08-01 00:00:00+08:00,1.113936275743658,1.2332865740642087,1.034369378579587,1.1974815130233765,88431400,0.0,0.0,5398.KL,Gamuda
2021-08-01 00:00:00+08:00,3.454561931321292,3.857191530626594,3.4062464254819567,3.776665687561035,40792300,0.0,0.0,6012.KL,Maxis
2021-08-01 00:00:00+08:00,7.959320869839319,8.71892414231972,7.926294674836109,8.636358261108398,60042700,0.0,0.0,5347.KL,Tenaga Nasional
2021-08-01 00:00:00+08:00,5.443468131699882,5.9132916131437865,5.31386186716757,5.832287311553955,26826300,0.07,0.0,3816.KL,MISC
2021-08-01 00:00:00+08:00,2.354534739705888,2.510954932601276,2.305138951301476,2.4944896697998047,59847300,0.0,0.0,1015.KL,AMMB Holdings
2021-08-01 00:00:00+08:00,15.880623138266266,18.22449968469837,15.72776127224246,18.139577865600582,11607300,0.0,0.0,2445.KL,Kuala Lumpur Kepong
2021-08-01 00:00:00+08:00,15.40202771642042,16.58284912324065,15.316460569362125,16.41171646118164,17648000,0.0,0.0,5819.KL,Hong Leong Bank
2021-08-01 00:00:00+08:00,4.550590812296675,5.1737005912981004,4.437297756872493,5.098172187805176,111360900,0.0,0.0,8869.KL,Press Metal
2021-08-01 00:00:00+08:00,6.711200135215224,7.247425337164543,6.577143435208605,6.954177379608154,92830300,0.0,0.0,5183.KL,PETRONAS Chemicals
2021-08-01 00:00:00+08:00,5.169614467357084,6.032763555157728,5.169614467357084,5.9399518966674805,86932400,0.0,0.0,5225.KL,IHH Healthcare
2021-08-01 00:00:00+08:00,3.426418251924253,3.8037094575431545,3.4187186262188174,3.780609846115112,195566300,0.0,0.0,1023.KL,CIMB
2021-09-01 00:00:00+08:00,7.163640972180411,7.398239511895719,6.577143823853516,7.289318561553955,159436500,0.23,0.0,5183.KL,PETRONAS Chemicals
2021-09-01 00:00:00+08:00,3.7001507128618383,3.8632664568297335,3.7001507128618383,3.820341110229492,55472200,0.0,0.0,6947.KL,Celcomdigi
2021-09-01 00:00:00+08:00,3.621908156177799,3.630699396846936,3.2351025793084625,3.3142218589782715,50150400,0.06,0.0,1961.KL,IOI Corporation
2021-09-01 00:00:00+08:00,3.360955807017035,3.5118215012280944,3.2771413326263428,3.2771413326263428,67379500,0.04,0.0,6888.KL,Axiata
2021-09-01 00:00:00+08:00,0.6014130933279853,0.6098245076851456,0.5509448578634514,0.5593562722206116,28867300,0.025,0.0,6742.KL,YTL Power
2021-09-01 00:00:00+08:00,3.842208236110002,3.842208236110002,3.580414726217422,3.6805124282836914,212996200,0.1044,0.0,1023.KL,CIMB
2021-09-01 00:00:00+08:00,4.129937254293112,4.144739882867111,3.907897825683135,4.041121482849121,72028400,0.0,0.0,1066.KL,RHB Bank
2021-09-01 00:00:00+08:00,16.382106322959178,16.63112917855795,16.115297453362185,16.328744888305664,14787300,0.1,0.0,4065.KL,PPB Group
2021-09-01 00:00:00+08:00,5.189798926600468,5.215280527021094,4.7990775432871455,4.841547012329102,74436500,0.07,0.0,4863.KL,Telekom Malaysia
2021-09-01 00:00:00+08:00,5.808796594742923,5.9724249041039705,5.522447541010757,5.653349876403809,38356600,0.0,0.0,3816.KL,MISC
2021-09-01 00:00:00+08:00,2.5109546569411023,2.757933768130468,2.50272202644417,2.617979049682617,100102200,0.0,0.0,1015.KL,AMMB Holdings
2021-09-01 00:00:00+08:00,3.466105584280792,3.466105584280792,3.300658979825894,3.366837739944458,337257700,0.075,0.0,1295.KL,Public Bank
2021-09-01 00:00:00+08:00,13.935542504174723,14.331344526293377,13.490265622485596,13.86957550048828,19833800,0.16,0.0,6033.KL,PETRONAS Gas
2021-09-01 00:00:00+08:00,3.7283501817217,3.849139138308792,3.61561361745241,3.776665687561035,39970900,0.04,0.0,6012.KL,Maxis
2021-09-01 00:00:00+08:00,16.735680220282852,16.851669573139198,15.327231306014024,15.840901374816896,5644000,0.1,0.0,5681.KL,PETRONAS Dagangan
2021-09-01 00:00:00+08:00,8.636359481383838,8.652872187515307,7.975834700584135,7.992348194122314,107213900,0.22,0.0,5347.KL,Tenaga Nasional
2021-09-01 00:00:00+08:00,2.2038151721955552,2.416303811920804,2.2038151721955552,2.3677351474761963,198712500,0.0,0.0,5296.KL,Mr D.I.Y.
2021-09-01 00:00:00+08:00,0.5708835563230368,0.575143877201139,0.515499334120677,0.5197596549987793,110971800,0.025,0.0,4677.KL,YTL Corporation
2021-09-01 00:00:00+08:00,16.582843154910712,17.181811336686607,15.692949389135746,16.172122955322266,23181100,0.0,0.0,5819.KL,Hong Leong Bank
2021-09-01 00:00:00+08:00,1.6063914824894907,1.6337731295216429,1.4968647855558892,1.5425009727478027,31942800,0.01,0.0,5211.KL,Sunway
2021-09-01 00:00:00+08:00,6.373220908758011,6.373220908758011,6.035815238952637,6.035815238952637,147532100,0.28,0.0,1155.KL,Maybank
2021-09-01 00:00:00+08:00,124.55523558147677,124.55523558147677,120.9965201342758,121.45276641845705,1077200,0.7,0.0,4707.KL,Nestlé Malaysia
2021-09-01 00:00:00+08:00,1.2014598531390246,1.2889834305343912,1.1736114723294884,1.1974815130233765,111702800,0.0,0.0,5398.KL,Gamuda
2021-09-01 00:00:00+08:00,3.3979613745910258,3.5423747978221143,2.9222468307565097,3.041175365447998,94004400,0.0,0.0,5285.KL,SD Guthrie
2021-09-01 00:00:00+08:00,18.258470945403097,18.27545595828555,16.74683881424428,17.086532592773438,10882500,0.0,0.0,2445.KL,Kuala Lumpur Kepong
2021-09-01 00:00:00+08:00,5.107613550039998,5.636312880249892,5.069849344323924,5.419168472290039,199028400,0.01,0.0,8869.KL,Press Metal
2021-09-01 00:00:00+08:00,3.591903040857876,3.591903040857876,3.3503241321472657,3.420254707336426,19772700,0.0,0.0,7084.KL,QL Resources
2021-09-01 00:00:00+08:00,1.8045956889570576,1.8428287960155223,1.6898969147085598,1.735776424407959,116803300,0.09,0.0,4197.KL,Sime Darby
2021-09-01 00:00:00+08:00,5.9863577499096605,6.301917844266761,5.828578145292025,6.218387126922607,190364200,0.0,0.0,5225.KL,IHH Healthcare
2021-10-01 00:00:00+08:00,2.617979548263957,2.848493442359696,2.535653031334559,2.766166925430298,75866500,0.0,0.0,1015.KL,AMMB Holdings
2021-10-01 00:00:00+08:00,5.604260617004988,6.054237909150069,5.579716628048519,5.784251689910889,30476200,0.0,0.0,3816.KL,MISC
2021-10-01 00:00:00+08:00,16.10367202758789,16.394599287704214,15.84697227198278,16.10367202758789,14302300,0.0,0.0,5819.KL,Hong Leong Bank
2021-10-01 00:00:00+08:00,3.770039904632728,4.258019931363506,3.659850951084226,4.108477592468262,263007300,0.0,0.0,1023.KL,CIMB
2021-10-01 00:00:00+08:00,1.197481544337258,1.3407018870968777,1.181568183458535,1.2889834642410278,105747200,0.0,0.0,5398.KL,Gamuda
2021-10-01 00:00:00+08:00,3.7611991745189655,3.939916887005048,3.6718401245956342,3.7936933040618896,20793500,0.0,0.0,6012.KL,Maxis
2021-10-01 00:00:00+08:00,16.019625695558368,17.28520982654177,15.57001124182114,16.95216178894043,3222200,0.0,0.0,5681.KL,PETRONAS Dagangan
2021-10-01 00:00:00+08:00,3.4295736658487384,3.606529579922349,3.3705882272223926,3.513838291168213,255903200,0.0,0.0,1295.KL,Public Bank
2021-10-01 00:00:00+08:00,8.182435933113512,8.359764305920422,8.106438749312527,8.157103538513184,79065900,0.0,0.0,5347.KL,Tenaga Nasional
2021-10-01 00:00:00+08:00,3.4266123028044,3.432969875888602,3.1977476292547182,3.2104620933532715,20860650,0.023333,0.0,7084.KL,QL Resources
2021-10-01 00:00:00+08:00,2.3677353876487945,2.3677353876487945,2.191672522757876,2.2888107299804688,117968850,0.0,0.0,5296.KL,Mr D.I.Y.
2021-10-01 00:00:00+08:00,6.17198164366336,6.376167304896442,5.958514594730131,6.069888591766357,132914200,0.0,0.0,5225.KL,IHH Healthcare
2021-10-01 00:00:00+08:00,7.50289119729444,7.804731983357713,7.339035311041505,7.494266986846924,135179900,0.0,0.0,5183.KL,PETRONAS Chemicals
2021-10-01 00:00:00+08:00,5.400123798476361,5.948647681172511,5.16369105931701,5.258264064788818,147997100,0.0,0.0,8869.KL,Press Metal
2021-10-01 00:00:00+08:00,0.5797707741655963,0.6233625187178935,0.5797707741655963,0.6146441698074341,13526300,0.0,0.0,6742.KL,YTL Power
2021-10-01 00:00:00+08:00,16.363931555073357,16.739497281200876,16.256628036499023,16.256628036499023,7229000,0.0,0.0,4065.KL,PPB Group
2021-10-01 00:00:00+08:00,121.99549462981383,123.64656427368126,120.7113371269542,123.3713836669922,1193500,0.0,0.0,4707.KL,Nestlé Malaysia
2021-10-01 00:00:00+08:00,0.5408881029761365,0.5763561406456896,0.5364545982674424,0.5586221218109131,68364200,0.0,0.0,4677.KL,YTL Corporation
2021-10-01 00:00:00+08:00,4.889722651006995,5.138935193714175,4.8639418594499375,4.975657939910889,38622000,0.0,0.0,4863.KL,Telekom Malaysia
2021-10-01 00:00:00+08:00,1.80520761013031,1.8847320992808947,1.7654453655550175,1.80520761013031,84005600,0.0,0.0,4197.KL,Sime Darby
2021-10-01 00:00:00+08:00,17.052559739011283,19.58326792672488,16.83175946749685,18.360376358032227,18377900,0.0,0.0,2445.KL,Kuala Lumpur Kepong
2021-10-01 00:00:00+08:00,3.356024130610283,3.6684201223060127,3.3113961925974063,3.5077593326568604,48435200,0.0,0.0,1961.KL,IOI Corporation
2021-10-01 00:00:00+08:00,1.5608639749471982,1.6710426097605608,1.5516824311671376,1.634316325187683,27864200,0.0,0.0,5211.KL,Sunway
2021-10-01 00:00:00+08:00,13.969799520694808,14.319460821315165,13.853244695208843,13.936497688293455,15223200,0.0,0.0,6033.KL,PETRONAS Gas
2021-10-01 00:00:00+08:00,4.033719445934469,4.359377583390764,3.88569318023727,4.129936695098877,75784500,0.15,0.0,1066.KL,RHB Bank
2021-10-01 00:00:00+08:00,3.828925794164122,3.854680670937431,3.631469964981079,3.631469964981079,44092200,0.0,0.0,6947.KL,Celcomdigi
2021-10-01 00:00:00+08:00,3.049670899359743,3.822707346859177,3.032681105132004,3.4064571857452397,127190900,0.079,0.0,5285.KL,SD Guthrie
2021-10-01 00:00:00+08:00,3.3176548056206183,3.495386341890766,3.241484031914385,3.3430449962615967,40911200,0.0,0.0,6888.KL,Axiata
2021-10-01 00:00:00+08:00,6.24575662612915,6.478517885101398,6.206962959645835,6.24575662612915,159159800,0.0,0.0,1155.KL,Maybank
2021-11-01 00:00:00+08:00,3.4988336402051323,3.507759227540236,3.2310655945464557,3.2846193313598637,39189600,0.0,0.0,1961.KL,IOI Corporation
2021-11-01 00:00:00+08:00,1.5975900696079657,1.6251346995609164,1.5241376136141336,1.5516823530197144,26802000,0.0,0.0,5211.KL,Sunway
2021-11-01 00:00:00+08:00,7.373530706639244,7.477018755905245,7.028569719969335,7.330410480499268,141463700,0.0,0.0,5183.KL,PETRONAS Chemicals
2021-11-01 00:00:00+08:00,5.182605076630085,5.437952388120854,4.832684770320442,5.059659957885742,176855100,0.0,0.0,8869.KL,Press Metal
2021-11-01 00:00:00+08:00,4.898315468846072,4.924096257739084,4.571761404755609,4.778006076812744,90653300,0.0,0.0,4863.KL,Telekom Malaysia
2021-11-01 00:00:00+08:00,2.725003323572759,2.725003323572759,2.510954728289007,2.6015138626098637,59665300,0.0,0.0,1015.KL,AMMB Holdings
2021-11-01 00:00:00+08:00,0.6102849598937516,0.614644134095707,0.5361789464950562,0.5361789464950562,26551500,0.0,0.0,6742.KL,YTL Power
2021-11-01 00:00:00+08:00,13.953145431182314,14.119649791565305,13.486930999024173,14.003096580505373,21845300,0.0,0.0,6033.KL,PETRONAS Gas
2021-11-01 00:00:00+08:00,16.095666486706573,16.292390685320925,15.004738594386298,15.934709548950195,14406900,0.0,0.0,4065.KL,PPB Group
2021-11-01 00:00:00+08:00,6.023481566303853,6.264792296833309,5.865701983912501,6.107012271881104,121174200,0.0,0.0,5225.KL,IHH Healthcare
2021-11-01 00:00:00+08:00,1.7893028118367964,1.837017507981454,1.6938734195474812,1.741588115692139,110403300,0.0,0.0,4197.KL,Sime Darby
2021-11-01 00:00:00+08:00,15.658722508075853,15.74428962771622,15.248002292270565,15.470476150512695,20360000,0.3522,0.0,5819.KL,Hong Leong Bank
2021-11-01 00:00:00+08:00,3.4445512249624337,3.686881642314948,3.1416385127862414,3.184911727905273,54172600,0.0,0.0,5285.KL,SD Guthrie
2021-11-01 00:00:00+08:00,3.3430453094413672,3.4530694791927794,3.2076307448870813,3.3007283210754395,78957700,0.0,0.0,6888.KL,Axiata
2021-11-01 00:00:00+08:00,8.14021460034961,8.190879383677721,7.794001489530531,7.802445888519287,77116400,0.0,0.0,5347.KL,Tenaga Nasional
2021-11-01 00:00:00+08:00,3.437999974196972,3.454852899489881,3.311603034500152,3.3200294971466064,412515500,0.0,0.0,1295.KL,Public Bank
2021-11-01 00:00:00+08:00,3.5713751130816087,3.7173208015353865,3.5026948854248774,3.579960346221924,50718400,0.04,0.0,6947.KL,Celcomdigi
2021-11-01 00:00:00+08:00,2.276668962374504,2.288810968140692,2.112748736289919,2.143104076385498,79513200,0.004333,0.0,5296.KL,Mr D.I.Y.
2021-11-01 00:00:00+08:00,0.5586221737317544,0.5630556788525184,0.5142870696725652,0.523154079914093,85671800,0.0,0.0,4677.KL,YTL Corporation
2021-11-01 00:00:00+08:00,4.138576531143692,4.138576531143692,3.933169256746962,4.0168538093566895,91932000,0.0,0.0,1066.KL,RHB Bank
2021-11-01 00:00:00+08:00,4.076994895935059,4.10847745302323,3.89597000502723,4.076994895935059,279738300,0.0,0.0,1023.KL,CIMB
2021-11-01 00:00:00+08:00,1.2531784830135684,1.2611351639656256,1.0980230147462136,1.1656548976898191,67999000,0.0,0.0,5398.KL,Gamuda
2021-11-01 00:00:00+08:00,18.088625163662964,18.46228737105552,17.018595203032604,17.867826461791992,13028800,0.0,0.0,2445.KL,Kuala Lumpur Kepong
2021-11-01 00:00:00+08:00,122.7293093695553,124.28864753569424,121.44513782382448,122.54586029052734,2145700,0.7,0.0,4707.KL,Nestlé Malaysia
2021-11-01 00:00:00+08:00,16.952161159473377,17.285209184707988,16.152844310812053,16.569154739379883,5191300,0.0,0.0,5681.KL,PETRONAS Dagangan
2021-11-01 00:00:00+08:00,3.2189242032470267,3.2509212055666854,2.8477556349501345,2.911750555038452,22661550,0.0,0.0,7084.KL,QL Resources
2021-11-01 00:00:00+08:00,6.230239605460279,6.362137643253353,6.191446304321289,6.191446304321289,245782300,0.0,0.0,1155.KL,Maybank
2021-11-01 00:00:00+08:00,3.7774467718136897,3.850558379911844,3.5824815797104663,3.801817178726196,41158500,0.04,0.0,6012.KL,Maxis
2021-11-01 00:00:00+08:00,5.710619044160592,5.800614582210884,5.367000071713731,5.4406328201293945,32696200,0.0,0.0,3816.KL,MISC
2021-12-01 00:00:00+08:00,6.125574649669153,6.812381744384766,5.939951349778911,6.812381744384766,172346500,0.0,0.0,5225.KL,IHH Healthcare
2021-12-01 00:00:00+08:00,3.6054698722350738,3.7788100242614746,3.293458135844449,3.7788100242614746,50367700,0.0,0.0,6947.KL,Celcomdigi
2021-12-01 00:00:00+08:00,2.1470683555199077,2.201809430698709,2.0315034284323765,2.1957268714904785,78497700,0.0,0.0,5296.KL,Mr D.I.Y.
2021-12-01 00:00:00+08:00,2.593281194919186,2.675607501054457,2.5274199537295727,2.60974645614624,45821900,0.0,0.0,1015.KL,AMMB Holdings
2021-12-01 00:00:00+08:00,17.867823146769766,18.581175781581464,17.086530468873374,18.49625396728516,10097500,0.0,0.0,2445.KL,Kuala Lumpur Kepong
2021-12-01 00:00:00+08:00,3.1849122807420525,3.3666600221327108,2.9945098948253155,3.254149436950684,73604700,0.0,0.0,5285.KL,SD Guthrie
2021-12-01 00:00:00+08:00,3.320029675164924,3.539117715720136,3.26947089657526,3.5054118633270264,365921400,0.0,0.0,1295.KL,Public Bank
2021-12-01 00:00:00+08:00,2.9117504301652337,3.1549291478565373,2.8669538507072057,2.924548864364624,27712350,0.0,0.0,7084.KL,QL Resources
2021-12-01 00:00:00+08:00,1.5516825751943115,1.588408753723478,1.4598670194187506,1.5792272090911863,19381800,0.0,0.0,5211.KL,Sunway
2021-12-01 00:00:00+08:00,14.036402183676223,14.985482215881348,13.486934629460746,14.985482215881348,28140500,0.18,0.0,6033.KL,PETRONAS Gas
2021-12-01 00:00:00+08:00,1.725683134031875,1.8449698686599727,1.6700158016040898,1.8449698686599727,124379000,0.0,0.0,4197.KL,Sime Darby
2021-12-01 00:00:00+08:00,16.81894471779686,17.151992797851562,16.102890154605365,17.151992797851562,5741100,0.2,0.0,5681.KL,PETRONAS Dagangan
2021-12-01 00:00:00+08:00,3.974677029502226,4.2895026206970215,3.919582363392283,4.2895026206970215,197053200,0.0,0.0,1023.KL,CIMB
2021-12-01 00:00:00+08:00,4.726445198059082,4.760819312172316,4.434264818324829,4.726445198059082,58048600,0.0,0.0,4863.KL,Telekom Malaysia
2021-12-01 00:00:00+08:00,6.191445785029001,6.463000350081429,6.106099937739208,6.439724445343018,150342100,0.0,0.0,1155.KL,Maybank
2021-12-01 00:00:00+08:00,4.016854003961927,4.146184220745139,3.948384788258435,4.085322856903076,50933500,0.0,0.0,1066.KL,RHB Bank
2021-12-01 00:00:00+08:00,7.802448009143255,8.03044201199278,7.599787210145298,7.886890411376953,100812000,0.0,0.0,5347.KL,Tenaga Nasional
2021-12-01 00:00:00+08:00,123.09862146729748,124.02070851948696,120.42457464392066,123.74407958984376,1438200,0.0,0.0,4707.KL,Nestlé Malaysia
2021-12-01 00:00:00+08:00,5.42426915233595,5.767888069152832,5.178826957432572,5.767888069152832,30422200,0.07,0.0,3816.KL,MISC
2021-12-01 00:00:00+08:00,1.1537199020385742,1.1935033076877164,1.113936401538311,1.1537199020385742,52150800,0.0,0.0,5398.KL,Gamuda
2021-12-01 00:00:00+08:00,0.5187204994105493,0.5320210656914933,0.514286994934082,0.514286994934082,81304300,0.0,0.0,4677.KL,YTL Corporation
2021-12-01 00:00:00+08:00,3.292264559875937,3.5207762718200684,3.0298988574105308,3.5207762718200684,87764200,0.0,0.0,6888.KL,Axiata
2021-12-01 00:00:00+08:00,7.244170272662356,7.727115341316482,7.140682219904315,7.692619323730469,138338400,0.1,0.0,5183.KL,PETRONAS Chemicals
2021-12-01 00:00:00+08:00,5.050203596195507,5.504154486313752,4.870514655215403,5.466325283050537,124982300,0.01,0.0,8869.KL,Press Metal
2021-12-01 00:00:00+08:00,3.2846190647797444,3.4095772773295665,3.186437399259256,3.329246997833252,38468900,0.0,0.0,1961.KL,IOI Corporation
2021-12-01 00:00:00+08:00,15.870156632503049,16.497986379713726,15.55624092730649,16.236391067504883,18480200,0.0,0.0,5819.KL,Hong Leong Bank
2021-12-01 00:00:00+08:00,0.5405381206970115,0.5579748175048326,0.5231014238891902,0.5361789464950562,57994500,0.0,0.0,6742.KL,YTL Power
2021-12-01 00:00:00+08:00,15.916825601263357,15.916825601263357,14.378795810343142,15.290884017944336,10546600,0.0,0.0,4065.KL,PPB Group
2021-12-01 00:00:00+08:00,3.770876811608797,3.975815773010254,3.467567242548252,3.975815773010254,38424100,0.0,0.0,6012.KL,Maxis
2022-01-01 00:00:00+08:00,3.3203212376438183,3.5880890347693537,3.3203212376438183,3.382800340652466,26271000,0.0,0.0,1961.KL,IOI Corporation
2022-01-01 00:00:00+08:00,4.0853215829134335,4.518959209203652,4.077714096186709,4.229867458343506,83705400,0.0,0.0,1066.KL,RHB Bank
2022-01-01 00:00:00+08:00,3.3345819055049035,3.376898893791348,3.0722163763456303,3.1483869552612305,50008700,0.0,0.0,6888.KL,Axiata
2022-01-01 00:00:00+08:00,1.8449698185670296,1.8449698185670296,1.70182574089983,1.7097781896591189,96571800,0.0,0.0,4197.KL,Sime Darby
2022-01-01 00:00:00+08:00,1.597589980396948,1.634316151616723,1.524137528504774,1.5700453519821167,16611700,0.0,0.0,5211.KL,Sunway
2022-01-01 00:00:00+08:00,15.27299926570703,15.505492434473643,14.199954986572266,14.199954986572266,6721000,0.0,0.0,4065.KL,PPB Group
2022-01-01 00:00:00+08:00,0.5142869831733996,0.5275875491501872,0.4876859569229067,0.4921194612979889,71072600,0.0,0.0,4677.KL,YTL Corporation
2022-01-01 00:00:00+08:00,6.431965616449745,6.594898430807992,6.338861256806131,6.416448593139648,115297700,0.0,0.0,1155.KL,Maybank
2022-01-01 00:00:00+08:00,122.82198621078297,123.55965862852152,121.2544411167954,121.71548461914062,752400,0.0,0.0,4707.KL,Nestlé Malaysia
2022-01-01 00:00:00+08:00,2.9565472790727423,3.2509216140748967,2.9437476984048434,3.180527925491333,47830050,0.0,0.0,7084.KL,QL Resources
2022-01-01 00:00:00+08:00,1.153719828283581,1.1775898701471026,1.1020013093948364,1.1020013093948364,54040600,0.0,0.0,5398.KL,Gamuda
2022-01-01 00:00:00+08:00,5.400519912399704,5.921622909115454,5.258401324008113,5.83635139465332,146723900,0.0,0.0,8869.KL,Press Metal
2022-01-01 00:00:00+08:00,14.963027932247442,14.963027932247442,13.902655722388204,14.289774894714355,9199100,0.0,0.0,6033.KL,PETRONAS Gas
2022-01-01 00:00:00+08:00,16.236387983356906,17.47460877476124,16.201507727990702,16.916536331176758,22786600,0.0,0.0,5819.KL,Hong Leong Bank
2022-01-01 00:00:00+08:00,6.496822490154606,6.496822490154606,5.865702750432943,5.986357688903809,93444700,0.0,0.0,5225.KL,IHH Healthcare
2022-01-01 00:00:00+08:00,3.2541491065615777,3.5310979096208874,3.055092096328736,3.055092096328736,36426300,0.0,0.0,5285.KL,SD Guthrie
2022-01-01 00:00:00+08:00,18.496255193319197,18.70007047674393,17.68099243984033,18.343393325805664,7537100,0.0,0.0,2445.KL,Kuala Lumpur Kepong
2022-01-01 00:00:00+08:00,7.767732703915223,8.073205684370716,7.540810798343589,7.759005546569824,93418200,0.0,0.0,5183.KL,PETRONAS Chemicals
2022-01-01 00:00:00+08:00,4.709258152943276,4.769413057679846,4.305362106202773,4.348329544067383,31657600,0.0,0.0,4863.KL,Telekom Malaysia
2022-01-01 00:00:00+08:00,5.7801037996013465,5.862795159232434,5.672605741823858,5.75529670715332,15369400,0.0,0.0,3816.KL,MISC
2022-01-01 00:00:00+08:00,2.195726663079876,2.293044555870736,2.134903687031036,2.1592326164245605,76110750,0.0,0.0,5296.KL,Mr D.I.Y.
2022-01-01 00:00:00+08:00,2.609746827173733,2.9802154537333427,2.6015141953897736,2.68384051322937,63128900,0.0,0.0,1015.KL,AMMB Holdings
2022-01-01 00:00:00+08:00,3.78727135154295,3.7954690964111766,3.451171629745456,3.467566728591919,24344200,0.0,0.0,6012.KL,Maxis
2022-01-01 00:00:00+08:00,4.250149407625841,4.462656859242049,4.084865792446381,4.09273624420166,213257600,0.0,0.0,1023.KL,CIMB
2022-01-01 00:00:00+08:00,0.5361789691146441,0.5710523642014778,0.5318197947287899,0.5448973178863525,30828100,0.0,0.0,6742.KL,YTL Power
2022-01-01 00:00:00+08:00,3.5448007512577653,3.605469446011652,3.250122816940644,3.2934577465057373,32144700,0.0,0.0,6947.KL,Celcomdigi
2022-01-01 00:00:00+08:00,7.8784439310506595,7.954441911945395,7.625117596502279,7.73489236831665,66105000,0.0,0.0,5347.KL,Tenaga Nasional
2022-01-01 00:00:00+08:00,17.242897903656672,17.242897903656672,15.779354566789529,16.317668914794922,3095600,0.0,0.0,5681.KL,PETRONAS Dagangan
2022-01-01 00:00:00+08:00,3.5054119617925186,3.581250332710009,3.463279846020386,3.547544479370117,295075900,0.0,0.0,1295.KL,Public Bank
2022-02-01 00:00:00+08:00,7.734892278593759,7.878443839662604,7.523787136469248,7.743336677551269,87242900,0.0,0.0,5347.KL,Tenaga Nasional
2022-02-01 00:00:00+08:00,121.71549532306727,127.89347598381228,121.5310807198976,123.5596694946289,1205200,0.0,0.0,4707.KL,Nestlé Malaysia
2022-02-01 00:00:00+08:00,3.1805275646762623,3.1933262284431008,2.988543946377637,3.167728900909424,27097200,0.0,0.0,7084.KL,QL Resources
2022-02-01 00:00:00+08:00,4.348329544067383,4.820974228980436,4.32254916330297,4.348329544067383,43307700,0.0,0.0,4863.KL,Telekom Malaysia
2022-02-01 00:00:00+08:00,7.759006052747519,8.675423389204902,7.645544676386318,8.335040092468262,137385300,0.0,0.0,5183.KL,PETRONAS Chemicals
2022-02-01 00:00:00+08:00,18.34339438335729,22.810350723677683,18.037670630704337,22.08001136779785,66330000,0.8,0.0,2445.KL,Kuala Lumpur Kepong
2022-02-01 00:00:00+08:00,5.8363522563845125,6.6606426303948,5.770030359151805,6.4711503982543945,232031500,0.0,0.0,8869.KL,Press Metal
2022-02-01 00:00:00+08:00,0.5448972711516681,0.5928482372488693,0.5143830011023752,0.5274605751037598,89136400,0.0,0.0,6742.KL,YTL Power
2022-02-01 00:00:00+08:00,14.289774010491566,14.97985708726454,14.155123732348445,14.643231391906738,14689300,0.0,0.0,6033.KL,PETRONAS Gas
2022-02-01 00:00:00+08:00,16.91653916635836,17.875724728319287,16.846780307116603,17.492050170898438,24499300,0.0,0.0,5819.KL,Hong Leong Bank
2022-02-01 00:00:00+08:00,2.683840604782331,2.873191338554086,2.626212180328754,2.766166925430298,70852200,0.0,0.0,1015.KL,AMMB Holdings
2022-02-01 00:00:00+08:00,5.9863571638617366,6.218386518159647,5.754327809563826,6.097731590270996,76421500,0.0,0.0,5225.KL,IHH Healthcare
2022-02-01 00:00:00+08:00,3.547543673461718,3.7497787475585938,3.539117011138327,3.7497787475585938,419845300,0.0,0.0,1295.KL,Public Bank
2022-02-01 00:00:00+08:00,1.1020012054491686,1.2133948184895746,1.1020012054491686,1.1457630395889282,73203800,0.03,0.0,5398.KL,Gamuda
2022-02-01 00:00:00+08:00,2.159232794047531,2.329538794158747,2.128821303521399,2.207892179489136,84825450,0.0,0.0,5296.KL,Mr D.I.Y.
2022-02-01 00:00:00+08:00,6.416447904276751,6.944039218948938,6.400930142704947,6.796624183654785,164361000,0.0,0.0,1155.KL,Maybank
2022-02-01 00:00:00+08:00,5.755297179272892,6.152214239715907,5.738758984850336,6.077792167663574,35436400,0.0,0.0,3816.KL,MISC
2022-02-01 00:00:00+08:00,4.229868088366854,4.488529205322266,4.222260600507022,4.488529205322266,70571400,0.0,0.0,1066.KL,RHB Bank
2022-02-01 00:00:00+08:00,3.2934586244280752,3.692140702613538,3.2934586244280752,3.510133743286133,69421900,0.0,0.0,6947.KL,Celcomdigi
2022-02-01 00:00:00+08:00,14.199956741517273,16.328161932091167,14.199956741517273,16.042016983032227,16717800,0.0,0.0,4065.KL,PPB Group
2022-02-01 00:00:00+08:00,3.3827999413633503,4.18610345072471,3.329246430819989,4.105772972106934,137060200,0.0,0.0,1961.KL,IOI Corporation
2022-02-01 00:00:00+08:00,3.4675667589006607,3.721690988687045,3.197047430124509,3.2954180240631104,53428900,0.0,0.0,6012.KL,Maxis
2022-02-01 00:00:00+08:00,3.1483871443936446,3.385362494816823,3.1483871443936446,3.3261187076568604,65351800,0.0,0.0,6888.KL,Axiata
2022-02-01 00:00:00+08:00,4.092736041685782,4.52562175055521,4.07699476365244,4.494139194488525,256945300,0.0,0.0,1023.KL,CIMB
2022-02-01 00:00:00+08:00,16.31767073205777,18.100839614868164,16.166269403744195,18.100839614868164,8809800,0.0,0.0,5681.KL,PETRONAS Dagangan
2022-02-01 00:00:00+08:00,3.0550921271787828,4.405217994205202,3.0377828397092244,4.249433994293213,212175600,0.0,0.0,5285.KL,SD Guthrie
2022-02-01 00:00:00+08:00,0.4921194612979889,0.5187204875484818,0.4743854437976603,0.4921194612979889,81253700,0.0,0.0,4677.KL,YTL Corporation
2022-02-01 00:00:00+08:00,1.7097782231496086,1.8688272014507776,1.7097782231496086,1.80520761013031,119157400,0.0,0.0,4197.KL,Sime Darby
2022-02-01 00:00:00+08:00,1.570045635381745,1.6067718132307445,1.5241378036178514,1.5608640909194946,24640600,0.0,0.0,5211.KL,Sunway
2022-03-01 00:00:00+08:00,0.5274605906415202,0.6015666029935743,0.4925871455529597,0.5754115581512451,132023400,0.0,0.0,6742.KL,YTL Power
2022-03-01 00:00:00+08:00,3.7497792510425354,3.952014754099004,3.58125,3.935161828994751,788395400,0.077,0.0,1295.KL,Public Bank
2022-03-01 00:00:00+08:00,3.3261183994310524,3.3261183994310524,3.0891430709679804,3.2076306343078613,70481400,0.055,0.0,6888.KL,Axiata
2022-03-01 00:00:00+08:00,6.509049060559996,7.011202979805498,5.599487568488794,5.874250888824463,323893700,0.01,0.0,8869.KL,Press Metal
2022-03-01 00:00:00+08:00,14.643231419081742,14.912531975867752,13.919486574008824,14.02047348022461,17810200,0.32,0.0,6033.KL,PETRONAS Gas
2022-03-01 00:00:00+08:00,2.7826321029179337,3.079007023398204,2.5850487571706164,3.054309129714966,90251700,0.0,0.0,1015.KL,AMMB Holdings
2022-03-01 00:00:00+08:00,17.561809626546665,18.34659889864618,16.811902280026228,17.6141300201416,45346000,0.18,0.0,5819.KL,Hong Leong Bank
2022-03-01 00:00:00+08:00,6.827659819368981,7.075938116096973,6.78886615052331,6.936281204223633,309366900,0.3,0.0,1155.KL,Maybank
2022-03-01 00:00:00+08:00,3.4927991798225486,3.5621350739563264,3.328126017980298,3.3801281452178955,92461100,0.039,0.0,6947.KL,Celcomdigi
2022-03-01 00:00:00+08:00,3.2954183000675985,3.4675670493232964,3.1888501477086035,3.221640348434448,75009500,0.05,0.0,6012.KL,Maxis
2022-03-01 00:00:00+08:00,1.588408619818243,1.6251347952513373,1.4965930717828704,1.60677170753479,57357600,0.015,0.0,5211.KL,Sunway
2022-03-01 00:00:00+08:00,2.207892148229697,2.232220861758429,2.043668709574824,2.1044914722442627,100647300,0.006,0.0,5296.KL,Mr D.I.Y.
2022-03-01 00:00:00+08:00,4.38270332737292,4.485825662188345,4.021774745747197,4.202239036560059,60728700,0.06,0.0,4863.KL,Telekom Malaysia
2022-03-01 00:00:00+08:00,1.174556090019068,1.4590505568494814,1.174556090019068,1.4062159061431885,242630200,0.0,0.0,5398.KL,Gamuda
2022-03-01 00:00:00+08:00,22.85221806571256,25.39135303523493,21.62642894284027,22.064210891723636,82395100,0.0,0.0,2445.KL,Kuala Lumpur Kepong
2022-03-01 00:00:00+08:00,6.102599656448238,6.2266363117682415,5.846257445747782,6.077792167663574,60858900,0.12,0.0,3816.KL,MISC
2022-03-01 00:00:00+08:00,4.105773880634108,4.177178577159048,3.614866379222365,3.677345275878906,145699600,0.06,0.0,1961.KL,IOI Corporation
2022-03-01 00:00:00+08:00,18.117661355602976,18.504574414197847,16.704584507284782,17.175609588623047,11856600,0.26,0.0,5681.KL,PETRONAS Dagangan
2022-03-01 00:00:00+08:00,4.240779265188373,4.647547699085348,4.188851406351692,4.301361560821533,213836300,0.0,0.0,5285.KL,SD Guthrie
2022-03-01 00:00:00+08:00,6.1070124966184975,6.19982414925265,5.680078451940529,5.754327774047852,110093700,0.06,0.0,5225.KL,IHH Healthcare
2022-03-01 00:00:00+08:00,124.48174256276832,126.3259165266612,121.71548161692904,123.19082641601562,1392800,0.0,0.0,4707.KL,Nestlé Malaysia
2022-03-01 00:00:00+08:00,7.743338350506141,7.954443538240109,7.3802371699069536,7.599786758422852,144046000,0.18,0.0,5347.KL,Tenaga Nasional
2022-03-01 00:00:00+08:00,8.343770045947204,9.041992784229684,7.968474699860002,8.378681182861328,350313600,0.23,0.0,5183.KL,PETRONAS Chemicals
2022-03-01 00:00:00+08:00,0.4921195440687456,0.5630556788525184,0.4433509348887924,0.523154079914093,184610800,0.0,0.0,4677.KL,YTL Corporation
2022-03-01 00:00:00+08:00,16.04201528237376,16.73949309537376,14.79013041017747,15.290884017944336,16193300,0.0,0.0,4065.KL,PPB Group
2022-03-01 00:00:00+08:00,3.167728984817203,3.212524652481079,2.9181503430767517,3.212524652481079,26482950,0.0,0.0,7084.KL,QL Resources
2022-03-01 00:00:00+08:00,4.494139188643614,4.494139188643614,3.714944988752369,4.195054531097412,464212500,0.1255,0.0,1023.KL,CIMB
2022-03-01 00:00:00+08:00,1.8131601398890396,2.019924010500912,1.75749299500159,1.9085897207260127,233116400,0.0,0.0,4197.KL,Sime Darby
2022-03-01 00:00:00+08:00,4.488529850792788,4.64068325749261,4.191830526346966,4.534175872802734,123238000,0.0,0.0,1066.KL,RHB Bank
2022-04-01 00:00:00+08:00,17.806902197109906,18.63390307480163,17.59575335817917,18.45794486999512,19376800,0.0,0.0,5819.KL,Hong Leong Bank
2022-04-01 00:00:00+08:00,4.294870877956381,4.351276450756343,4.045075428524885,4.190117835998535,239392300,0.0,0.0,1023.KL,CIMB
2022-04-01 00:00:00+08:00,3.2125246487633685,3.3661113642029794,3.135731062181305,3.2701196670532227,23600250,0.0,0.0,7084.KL,QL Resources
2022-04-01 00:00:00+08:00,1.4062158883999585,1.5240778969251116,1.4062158883999585,1.5118852853775024,138958000,0.0,0.0,5398.KL,Gamuda
2022-04-01 00:00:00+08:00,4.549391135421138,4.754798412322998,4.450491241381861,4.754798412322998,99397000,0.0,0.0,1066.KL,RHB Bank
2022-04-01 00:00:00+08:00,5.838217872575758,6.278661077520053,5.781991108977588,6.194321155548096,52166700,0.0,0.0,5225.KL,IHH Healthcare
2022-04-01 00:00:00+08:00,14.35360664728684,14.730882314957732,14.250714324113682,14.559392929077148,9155000,0.0,0.0,6033.KL,PETRONAS Gas
2022-04-01 00:00:00+08:00,4.284052638819223,4.725440095491468,4.240779625785416,4.535037517547607,172412300,0.1238,0.0,5285.KL,SD Guthrie
2022-04-01 00:00:00+08:00,2.10976591547954,2.1707422073091687,2.0061071788633598,2.140254497528076,65426700,0.0,0.0,5296.KL,Mr D.I.Y.
2022-04-01 00:00:00+08:00,17.378985026952556,18.997615690634508,17.31083220821515,18.520545959472656,4943900,0.0,0.0,5681.KL,PETRONAS Dagangan
2022-04-01 00:00:00+08:00,5.864308658834132,6.329278363807046,5.532187699555778,5.684014320373535,167791300,0.0,0.0,8869.KL,Press Metal
2022-04-01 00:00:00+08:00,3.746637950584717,4.307729004218477,3.683289273865942,4.226280212402344,124966200,0.0,0.0,1961.KL,IOI Corporation
2022-04-01 00:00:00+08:00,6.187354388271588,6.658131295952748,6.128507124487372,6.565657138824463,71677200,0.0,0.0,3816.KL,MISC
2022-04-01 00:00:00+08:00,21.906610424520863,26.091805035708383,21.906610424520863,25.794113159179688,40896400,0.0,0.0,2445.KL,Kuala Lumpur Kepong
2022-04-01 00:00:00+08:00,3.2547387946300184,3.332028238191704,2.936993941421888,3.0142831802368164,69203500,0.0,0.0,6888.KL,Axiata
2022-04-01 00:00:00+08:00,123.65189310700256,126.32594022838926,121.80771879709906,122.82200622558594,795600,1.02,0.0,4707.KL,Nestlé Malaysia
2022-04-01 00:00:00+08:00,1.9085895333985072,1.972209121311348,1.829064858906128,1.8608746528625488,147411100,0.04,0.0,4197.KL,Sime Darby
2022-04-01 00:00:00+08:00,4.17689204376532,4.455351236725056,4.1333825873968975,4.342226982116699,40093700,0.0,0.0,4863.KL,Telekom Malaysia
2022-04-01 00:00:00+08:00,4.003360907190404,4.106230894956184,3.9604982079034974,4.020505905151367,356956800,0.0,0.0,1295.KL,Public Bank
2022-04-01 00:00:00+08:00,7.19234580455057,7.304726482859282,7.023775169852871,7.280644416809082,147291600,0.0,0.0,1155.KL,Maybank
2022-04-01 00:00:00+08:00,0.5797706600274098,0.7323418398550112,0.5710522608678641,0.6756725311279297,232472300,0.0,0.0,6742.KL,YTL Power
2022-04-01 00:00:00+08:00,7.751276937211623,7.854627197811862,7.647926676611385,7.785727024078369,50087600,0.0,0.0,5347.KL,Tenaga Nasional
2022-04-01 00:00:00+08:00,0.5231540387033634,0.5896567159792666,0.5142870291603219,0.5630556344985962,252537900,0.0,0.0,4677.KL,YTL Corporation
2022-04-01 00:00:00+08:00,3.0625415965813776,3.1037047505109525,2.9308193077253377,3.037843704223633,49553900,0.0,0.0,1015.KL,AMMB Holdings
2022-04-01 00:00:00+08:00,15.380306475278497,15.541261731141375,15.094159818552564,15.362421989440918,7871100,0.0,0.0,4065.KL,PPB Group
2022-04-01 00:00:00+08:00,3.4133252793615627,3.483342139683497,3.3082997802119576,3.343308210372925,30359200,0.0,0.0,6947.KL,Celcomdigi
2022-04-01 00:00:00+08:00,3.269226403649224,3.343904289664373,3.153060913085937,3.153060913085937,24537700,0.0,0.0,6012.KL,Maxis
2022-04-01 00:00:00+08:00,8.534319474226157,9.436902139164916,8.498573668300228,9.133062362670898,251224700,0.0,0.0,5183.KL,PETRONAS Chemicals
2022-04-01 00:00:00+08:00,1.6209074616956656,1.713530767304244,1.6116451421763636,1.685743808746338,35485400,0.0,0.0,5211.KL,Sunway
2022-05-01 00:00:00+08:00,3.2701195892367942,3.295717603396519,3.0269406289108134,3.28291916847229,21521250,0.0,0.0,7084.KL,QL Resources
2022-05-01 00:00:00+08:00,4.644560684631618,4.750924995637722,4.2368324459428885,4.458424091339111,156359100,0.0,0.0,5285.KL,SD Guthrie
2022-05-01 00:00:00+08:00,1.8925492783272764,1.949164141241728,1.722705268069724,1.7712321281433103,132228400,0.0,0.0,4197.KL,Sime Darby
2022-05-01 00:00:00+08:00,1.6857438883567444,1.6950062083134658,1.5838582584172456,1.6023828983306885,16893000,0.0,0.0,5211.KL,Sunway
2022-05-01 00:00:00+08:00,6.5656566956505324,6.658130846536923,5.792237399213432,6.027626037597656,76146900,0.0,0.0,3816.KL,MISC
2022-05-01 00:00:00+08:00,3.037844134723224,3.0460767666758035,2.7826323479118344,2.996680974960327,68107900,0.0,0.0,1015.KL,AMMB Holdings
2022-05-01 00:00:00+08:00,4.020506220262631,4.089086217481511,3.8576285224832754,4.05479621887207,355917900,0.0,0.0,1295.KL,Public Bank
2022-05-01 00:00:00+08:00,2.140254384252887,2.310986335031538,1.981716513633728,1.981716513633728,505475100,0.0,0.0,5296.KL,Mr D.I.Y.
2022-05-01 00:00:00+08:00,3.0142831117155118,3.0314584977283943,2.679362674970787,2.7566521167755127,98193900,0.0,0.0,6888.KL,Axiata
2022-05-01 00:00:00+08:00,3.1530612298578613,3.2194416016322798,2.953920510191653,3.144763708114624,93789300,0.05,0.0,6012.KL,Maxis
2022-05-01 00:00:00+08:00,25.794112601021496,26.021759423441264,22.379413604736328,22.379413604736328,41974800,0.0,0.0,2445.KL,Kuala Lumpur Kepong
2022-05-01 00:00:00+08:00,4.342226952346614,4.664196014404297,4.0898731029885145,4.664196014404297,55254800,0.0,0.0,4863.KL,Telekom Malaysia
2022-05-01 00:00:00+08:00,18.457945171298896,18.77466927389604,17.894881591625605,18.563520431518555,32339800,0.0,0.0,5819.KL,Hong Leong Bank
2022-05-01 00:00:00+08:00,123.76693596496202,126.36864622283288,121.25814950058596,125.25363159179688,2426500,0.0,0.0,4707.KL,Nestlé Malaysia
2022-05-01 00:00:00+08:00,4.226280224280873,4.307729016325929,3.6199401757910006,3.891435861587525,96838000,0.0,0.0,1961.KL,IOI Corporation
2022-05-01 00:00:00+08:00,14.559391540799858,14.902368644413244,14.027777439060069,14.816625595092772,16780700,0.0,0.0,6033.KL,PETRONAS Gas
2022-05-01 00:00:00+08:00,9.133061228238237,9.901596386308308,8.73092074846026,9.16880702972412,141613900,0.0,0.0,5183.KL,PETRONAS Chemicals
2022-05-01 00:00:00+08:00,4.75479835042575,4.800444371058358,4.38962982260256,4.625467777252197,174286000,0.25,0.0,1066.KL,RHB Bank
2022-05-01 00:00:00+08:00,4.190117317685373,4.35127591250803,3.980611643916845,4.14982795715332,205586100,0.0,0.0,1023.KL,CIMB
2022-05-01 00:00:00+08:00,15.362422260096348,15.845291447309071,14.450333933011958,14.861668586730955,12239100,0.25,0.0,4065.KL,PPB Group
2022-05-01 00:00:00+08:00,7.785726549229028,7.966589699587367,7.622088851930918,7.88046407699585,94021900,0.0,0.0,5347.KL,Tenaga Nasional
2022-05-01 00:00:00+08:00,0.5630555832139297,0.5719225919493394,0.5054199735822252,0.5674890875816345,133934500,0.0,0.0,4677.KL,YTL Corporation
2022-05-01 00:00:00+08:00,6.194322267628736,6.334889425285797,5.922559304688733,6.278662204742432,80384900,0.0,0.0,5225.KL,IHH Healthcare
2022-05-01 00:00:00+08:00,7.280644058943321,7.368943432392392,7.128128142442376,7.3047261238098145,182049000,0.0,0.0,1155.KL,Maybank
2022-05-01 00:00:00+08:00,1.5118852878203164,1.5240778993876258,1.3980874829604986,1.4468579292297363,50442200,0.0,0.0,5398.KL,Gamuda
2022-05-01 00:00:00+08:00,18.520545611099088,19.219112396240234,17.54936755613616,19.219112396240234,7669300,0.0,0.0,5681.KL,PETRONAS Dagangan
2022-05-01 00:00:00+08:00,3.343307659655585,3.343307659655585,2.92320614959066,3.089496374130249,103966400,0.029,0.0,6947.KL,Celcomdigi
2022-05-01 00:00:00+08:00,0.6756726389341431,0.6974685623624598,0.6364400703009948,0.671313464641571,105447700,0.0,0.0,6742.KL,YTL Power
2022-05-01 00:00:00+08:00,5.684015002178377,5.712482723235957,4.516847035920051,5.257002353668213,261628800,0.0,0.0,8869.KL,Press Metal
2022-06-01 00:00:00+08:00,18.651498266249995,19.24975243991481,17.64853923562421,18.00045394897461,25257000,0.0,0.0,5819.KL,Hong Leong Bank
2022-06-01 00:00:00+08:00,1.9573268269691344,2.012205094194391,1.7378134309678337,1.8933019638061523,206167400,0.004667,1.5,5296.KL,Mr D.I.Y.
2022-06-01 00:00:00+08:00,5.247512974519319,5.247512974519319,4.308084593177008,4.516846656799316,203963900,0.015,0.0,8869.KL,Press Metal
2022-06-01 00:00:00+08:00,2.765240008461614,2.782415395708531,2.3186795305482373,2.4303195476531982,89584500,0.0,0.0,6888.KL,Axiata
2022-06-01 00:00:00+08:00,6.297404221189701,6.297404221189701,5.763249668163963,6.044383525848389,80516100,0.0,0.0,5225.KL,IHH Healthcare
2022-06-01 00:00:00+08:00,4.029078469233275,4.029078469233275,3.746185779571533,3.746185779571533,311444900,0.0,0.0,1295.KL,Public Bank
2022-06-01 00:00:00+08:00,4.638090040937511,4.664195796346489,4.2987177102422285,4.568475246429443,43474200,0.0,0.0,4863.KL,Telekom Malaysia
2022-06-01 00:00:00+08:00,7.248535651909622,7.248535651909622,6.82309577665503,6.895340442657471,157412500,0.0,0.0,1155.KL,Maybank
2022-06-01 00:00:00+08:00,1.4468579261527923,1.4875000615223226,1.353381140770615,1.454986333847046,100715200,0.0,0.0,5398.KL,Gamuda
2022-06-01 00:00:00+08:00,3.2829192429256344,3.455704297602161,3.1357310586780778,3.327714681625366,43716450,0.0,0.0,7084.KL,QL Resources
2022-06-01 00:00:00+08:00,15.107067443878504,15.324957639899363,13.527362223999248,14.398923873901367,12241800,0.0,0.0,4065.KL,PPB Group
2022-06-01 00:00:00+08:00,1.779319791219327,1.86828569400743,1.6903536956026388,1.7227051258087158,135374700,0.0,0.0,4197.KL,Sime Darby
2022-06-01 00:00:00+08:00,0.666954265022978,0.6843910134966033,0.5710523302971309,0.5972074270248413,68980400,0.02,0.0,6742.KL,YTL Power
2022-06-01 00:00:00+08:00,3.1468608119587342,3.1805170451443403,2.658845029553505,2.776641845703125,47510600,0.0,0.0,6012.KL,Maxis
2022-06-01 00:00:00+08:00,4.745824039258161,4.80137729951956,4.4363138827746535,4.547420024871826,99475600,0.0,0.0,1066.KL,RHB Bank
2022-06-01 00:00:00+08:00,2.963749687063815,3.186030903779532,2.963749687063815,3.0707740783691406,111645800,0.05,0.0,1015.KL,AMMB Holdings
2022-06-01 00:00:00+08:00,14.559393246996432,14.679436473911704,13.719098835809657,14.09637451171875,14448100,0.16,0.0,6033.KL,PETRONAS Gas
2022-06-01 00:00:00+08:00,3.0716306718514783,3.1510693199294337,2.7362226257519398,3.0892837047576904,83238200,0.0,0.0,6947.KL,Celcomdigi
2022-06-01 00:00:00+08:00,9.097315762170185,9.115188237448516,8.042813301086426,8.042813301086426,167483500,0.0,0.0,5183.KL,PETRONAS Chemicals
2022-06-01 00:00:00+08:00,0.5541885331663181,0.5586220372035257,0.5009864318682901,0.5187204480171204,56127500,0.0,0.0,4677.KL,YTL Corporation
2022-06-01 00:00:00+08:00,4.141770103244497,4.2545812416647415,3.891974669710821,3.996727705001831,189348200,0.0,0.0,1023.KL,CIMB
2022-06-01 00:00:00+08:00,18.997616699618234,19.2191137785016,16.884877581657406,17.99236297607422,6220000,0.05,0.0,5681.KL,PETRONAS Dagangan
2022-06-01 00:00:00+08:00,1.6023830091940772,1.6209076503891762,1.4819727310103612,1.5745960474014282,15631300,0.0,0.0,5211.KL,Sunway
2022-06-01 00:00:00+08:00,22.414437067622345,23.02733082005389,19.157338160964382,19.20987319946289,27194200,0.0,0.0,2445.KL,Kuala Lumpur Kepong
2022-06-01 00:00:00+08:00,3.891435847992133,3.918585157558636,3.357494535838616,3.475142478942871,87894400,0.0,0.0,1961.KL,IOI Corporation
2022-06-01 00:00:00+08:00,4.485014487859701,4.485014487859701,3.563193351687489,3.837966918945313,107027400,0.0,0.0,5285.KL,SD Guthrie
2022-06-01 00:00:00+08:00,7.871852673596375,7.880464579320628,6.795286018675423,6.872798919677734,110702000,0.0,0.0,5347.KL,Tenaga Nasional
2022-06-01 00:00:00+08:00,125.34652443307527,130.0853537035473,121.90855720654578,123.20941925048828,1266500,0.0,0.0,4707.KL,Nestlé Malaysia
2022-06-01 00:00:00+08:00,6.0276277945431485,6.25460957588784,5.825865988423268,5.968780517578125,58642400,0.07,0.0,3816.KL,MISC
2022-07-01 00:00:00+08:00,1.5745959086031305,1.5745959086031305,1.4449232108367498,1.546808838844299,7475000,0.0,0.0,5211.KL,Sunway
2022-07-01 00:00:00+08:00,14.283042980111048,14.888990918485275,13.971412423109983,14.837051391601562,9400700,0.0,0.0,6033.KL,PETRONAS Gas
2022-07-01 00:00:00+08:00,1.4509220128541451,1.5322061801321525,1.422472588221232,1.5240777730941772,75254600,0.0,0.0,5398.KL,Gamuda
2022-07-01 00:00:00+08:00,3.104152311964614,3.287731234596466,3.104152311964614,3.2543532848358154,70923000,0.0,0.0,1015.KL,AMMB Holdings
2022-07-01 00:00:00+08:00,4.004785647769327,4.270697302426082,4.004785647769327,4.19817590713501,169507700,0.0,0.0,1023.KL,CIMB
2022-07-01 00:00:00+08:00,8.04281288813497,8.248351030642024,7.032992945466147,7.935575485229492,150773000,0.0,0.0,5183.KL,PETRONAS Chemicals
2022-07-01 00:00:00+08:00,17.859688987327136,19.003413962445865,17.507774255775914,18.45794486999512,21774100,0.0,0.0,5819.KL,Hong Leong Bank
2022-07-01 00:00:00+08:00,4.481456422625733,4.960058307023044,4.437946971800125,4.942654609680176,37248300,0.0,0.0,4863.KL,Telekom Malaysia
2022-07-01 00:00:00+08:00,2.438907101876573,2.481845772286396,2.241389955079705,2.464670181274414,63207800,0.0,0.0,6888.KL,Axiata
2022-07-01 00:00:00+08:00,6.044523144390992,6.205823672728641,5.543642982511826,6.120928764343262,32433800,0.0,0.0,3816.KL,MISC
2022-07-01 00:00:00+08:00,3.837966801052796,3.953194545197943,3.385919903495368,3.864557981491089,57496900,0.0,0.0,5285.KL,SD Guthrie
2022-07-01 00:00:00+08:00,6.044383567425356,6.128723948736158,5.91318776627018,5.988156795501709,69495600,0.0,0.0,5225.KL,IHH Healthcare
2022-07-01 00:00:00+08:00,6.881411539280175,7.1397876135538585,6.79528631808143,7.113950252532959,45980300,0.0,0.0,5347.KL,Tenaga Nasional
2022-07-01 00:00:00+08:00,1.7146170474360742,1.949163893656512,1.7146170474360742,1.8925490379333496,120200000,0.0,0.0,4197.KL,Sime Darby
2022-07-01 00:00:00+08:00,2.776641832312845,3.121618622015609,2.709329366266246,3.0879623889923096,39177400,0.0,0.0,6012.KL,Maxis
2022-07-01 00:00:00+08:00,4.531547633624042,4.682334727132576,4.444249762976865,4.666462421417236,65188200,0.0,0.0,1066.KL,RHB Bank
2022-07-01 00:00:00+08:00,3.098109968749359,3.248160946665433,2.956885506567128,3.204028367996216,52893800,0.0,0.0,6947.KL,Celcomdigi
2022-07-01 00:00:00+08:00,14.398922373791148,14.943647807092653,13.817881911602878,14.780231475830078,6150900,0.0,0.0,4065.KL,PPB Group
2022-07-01 00:00:00+08:00,0.5187204825559487,0.5231539868883597,0.474385439231839,0.5054199695587158,50131700,0.0,0.0,4677.KL,YTL Corporation
2022-07-01 00:00:00+08:00,1.8699281591575552,2.0532544964075448,1.81493032354515,2.034921884536743,60987400,0.0,0.0,5296.KL,Mr D.I.Y.
2022-07-01 00:00:00+08:00,18.17049945761157,20.06610542648359,17.624017181074148,19.126840591430664,3418700,0.0,0.0,5681.KL,PETRONAS Dagangan
2022-07-01 00:00:00+08:00,3.4841919167210578,3.674238787772247,3.2850954207071883,3.64708948135376,34716800,0.0,0.0,1961.KL,IOI Corporation
2022-07-01 00:00:00+08:00,4.530576187082934,4.701900325052892,3.750098650844316,4.62575626373291,132929400,0.0,0.0,8869.KL,Press Metal
2022-07-01 00:00:00+08:00,123.76692621348558,125.34653133117938,122.7448354564739,125.16069793701172,976700,0.0,0.0,4707.KL,Nestlé Malaysia
2022-07-01 00:00:00+08:00,6.879285948075161,7.11207389831543,6.863232002643463,7.11207389831543,103443700,0.0,0.0,1155.KL,Maybank
2022-07-01 00:00:00+08:00,19.19236183166504,19.61263212644465,17.31865551493499,19.19236183166504,18620500,0.2,0.0,2445.KL,Kuala Lumpur Kepong
2022-07-01 00:00:00+08:00,3.720467610048481,4.020505228233601,3.711894908126856,3.97764253616333,220264200,0.0,0.0,1295.KL,Public Bank
2022-07-01 00:00:00+08:00,0.6087637767088487,0.6669544290889329,0.5908589770105189,0.6535258293151855,35779000,0.0,0.0,6742.KL,YTL Power
2022-07-01 00:00:00+08:00,3.3341145540425865,3.449304826164965,3.302117777528212,3.391709804534912,40954650,0.0,0.0,7084.KL,QL Resources
2022-08-01 00:00:00+08:00,4.654309899060025,4.730453957750304,4.330697649626337,4.549612045288086,145742800,0.0,0.0,8869.KL,Press Metal
2022-08-01 00:00:00+08:00,3.404508128666821,3.404508128666821,3.193326389627342,3.263720989227295,40909200,0.0,0.0,7084.KL,QL Resources
2022-08-01 00:00:00+08:00,4.666462547121768,4.745824077836296,4.515675449551351,4.555356025695801,85834800,0.0,0.0,1066.KL,RHB Bank
2022-08-01 00:00:00+08:00,124.88193306228132,127.94823350074977,123.20941843964243,123.58108520507812,1417400,0.0,0.0,4707.KL,Nestlé Malaysia
2022-08-01 00:00:00+08:00,3.229319871377186,3.487999200820923,3.1625639667331997,3.487999200820923,84097800,0.0,0.0,1015.KL,AMMB Holdings
2022-08-01 00:00:00+08:00,3.665189239671831,3.864285739860931,3.475142148869964,3.8280863761901855,57608000,0.0,0.0,1961.KL,IOI Corporation
2022-08-01 00:00:00+08:00,3.882285834233745,4.219105245821703,3.625239552404128,3.953195095062256,65620000,0.0,0.0,5285.KL,SD Guthrie
2022-08-01 00:00:00+08:00,1.5240778818019278,1.5647199198906745,1.49969265894868,1.5525273084640503,92225000,0.03,0.0,5398.KL,Gamuda
2022-08-01 00:00:00+08:00,3.177549049124476,3.4158652172867736,3.098110396550631,3.3099470138549805,45579600,0.028,0.0,6947.KL,Celcomdigi
2022-08-01 00:00:00+08:00,4.198175147368271,4.423796627526165,4.182059327356992,4.327101707458496,251655300,0.0,0.0,1023.KL,CIMB
2022-08-01 00:00:00+08:00,18.457944743925225,18.792264995161798,17.98286027909141,18.387561798095703,28224500,0.0,0.0,5819.KL,Hong Leong Bank
2022-08-01 00:00:00+08:00,7.935575367816468,8.042812769135285,7.399387508975272,7.864083766937256,134531700,0.0,0.0,5183.KL,PETRONAS Chemicals
2022-08-01 00:00:00+08:00,6.006898762604956,6.166208165450749,5.75387807774712,5.810104846954346,99516900,0.0,0.0,5225.KL,IHH Healthcare
2022-08-01 00:00:00+08:00,0.5009865543102734,0.527587637886407,0.4832525338272177,0.523154079914093,75587400,0.0,0.0,4677.KL,YTL Corporation
2022-08-01 00:00:00+08:00,19.33177031649703,20.066104888916016,17.99972295861393,20.066104888916016,5871600,0.0,0.0,5681.KL,PETRONAS Dagangan
2022-08-01 00:00:00+08:00,1.5468089492414898,1.5653337005413597,1.4727103857042878,1.519021987915039,15510000,0.0,0.0,5211.KL,Sunway
2022-08-01 00:00:00+08:00,7.113950036188646,7.742664337158203,7.06227449436347,7.742664337158203,58845800,0.0,0.0,5347.KL,Tenaga Nasional
2022-08-01 00:00:00+08:00,3.096376873956854,3.382455094686036,3.0122360791962706,3.2394158840179443,44393800,0.05,0.0,6012.KL,Maxis
2022-08-01 00:00:00+08:00,1.9006370054330224,1.949164056218441,1.8521101474761963,1.8521101474761963,194115800,0.0,0.0,4197.KL,Sime Darby
2022-08-01 00:00:00+08:00,2.053254587037459,2.1632502631174386,1.842429322675516,1.9890904426574707,133355300,0.006,0.0,5296.KL,Mr D.I.Y.
2022-08-01 00:00:00+08:00,14.854364244537672,15.235245844700891,14.508108994878048,15.01017951965332,9783000,0.0,0.0,6033.KL,PETRONAS Gas
2022-08-01 00:00:00+08:00,2.464670274699192,2.7308891813949083,2.387381033575975,2.610661268234253,72692700,0.0,0.0,6888.KL,Axiata
2022-08-01 00:00:00+08:00,19.485878334895585,20.458402633666992,19.202960366297912,20.458402633666992,22007900,0.0,0.0,2445.KL,Kuala Lumpur Kepong
2022-08-01 00:00:00+08:00,0.6535257218351591,0.6759067177772522,0.626668473344144,0.6759067177772522,32986800,0.0,0.0,6742.KL,YTL Power
2022-08-01 00:00:00+08:00,6.112439895110733,6.333167091479571,5.83228645726637,6.027544975280762,28230000,0.0,0.0,3816.KL,MISC
2022-08-01 00:00:00+08:00,7.120101150177463,7.248535773884944,7.063911193688126,7.20037317276001,171577000,0.0,0.0,1155.KL,Maybank
2022-08-01 00:00:00+08:00,3.960497428315377,4.037650108337402,3.917635146234519,4.037650108337402,300366600,0.0,0.0,1295.KL,Public Bank
2022-08-01 00:00:00+08:00,4.881742630976875,5.308133489249091,4.707705215711877,5.195009231567383,87426100,0.0,0.0,4863.KL,Telekom Malaysia
2022-08-01 00:00:00+08:00,14.707603048187108,15.97863006591797,14.398923969708983,15.978630065917969,10487900,0.0,0.0,4065.KL,PPB Group
2022-09-01 00:00:00+08:00,3.379520795386529,3.437932008519394,3.2126306486867287,3.2543532848358154,90954600,0.0,0.0,1015.KL,AMMB Holdings
2022-09-01 00:00:00+08:00,1.827846463207424,1.91681235703598,1.714616950960696,1.730792760848999,146522000,0.075,0.0,4197.KL,Sime Darby
2022-09-01 00:00:00+08:00,3.2549418612882715,3.290514961624908,2.943676809277897,3.005929946899414,39524700,0.0,0.0,6947.KL,Celcomdigi
2022-09-01 00:00:00+08:00,3.221715397975891,3.3239921837176927,2.957500689884956,2.9915928840637207,32093400,0.0,0.0,6012.KL,Maxis
2022-09-01 00:00:00+08:00,4.463949367380301,4.835151848411516,3.7120261718752063,3.845278263092041,186754700,0.0175,0.0,8869.KL,Press Metal
2022-09-01 00:00:00+08:00,7.640672451707633,8.069622065436493,7.345769379207262,7.497689247131348,163903900,0.25,0.0,5183.KL,PETRONAS Chemicals
2022-09-01 00:00:00+08:00,14.819740781441809,15.062118650886214,14.057977517565494,14.28304386138916,16140200,0.16,0.0,6033.KL,PETRONAS Gas
2022-09-01 00:00:00+08:00,2.567722907731197,2.63642445825347,2.24139013325686,2.249977827072144,49716100,0.0,0.0,6888.KL,Axiata
2022-09-01 00:00:00+08:00,15.70626454466134,15.905998505638024,14.18103243985202,14.616813659667969,15799700,0.12,0.0,4065.KL,PPB Group
2022-09-01 00:00:00+08:00,0.6669542441959763,0.6848590389307416,0.613239806631183,0.6221922039985657,30920300,0.0,0.0,6742.KL,YTL Power
2022-09-01 00:00:00+08:00,4.523611289805757,4.626781466128411,4.341079584937069,4.412505149841309,97799600,0.0,0.0,1066.KL,RHB Bank
2022-09-01 00:00:00+08:00,4.294871003803167,4.472145446808036,4.0934230176267965,4.133712768554688,335666500,0.13,0.0,1023.KL,CIMB
2022-09-01 00:00:00+08:00,0.5187204994105493,0.527587561215026,0.4876859680752785,0.514286994934082,99319500,0.0,0.0,4677.KL,YTL Corporation
2022-09-01 00:00:00+08:00,20.016342876000408,20.15780099844951,18.07129284916831,18.30116271972656,22132400,0.0,0.0,2445.KL,Kuala Lumpur Kepong
2022-09-01 00:00:00+08:00,4.148195629013912,4.165922944505969,3.5986484261076432,3.625239610671997,55645900,0.0,0.0,5285.KL,SD Guthrie
2022-09-01 00:00:00+08:00,5.951140082667282,6.154887901654174,5.7304128739538855,5.738902568817139,22828700,0.07,0.0,3816.KL,MISC
2022-09-01 00:00:00+08:00,7.184319129054948,7.248536446870906,6.839151237176876,6.8873138427734375,199409500,0.28,0.0,1155.KL,Maybank
2022-09-01 00:00:00+08:00,1.994900967886532,2.0040940508140115,1.7650735659289647,1.8110390901565552,92592900,0.0,0.0,5296.KL,Mr D.I.Y.
2022-09-01 00:00:00+08:00,5.160201820369955,5.2559223778123645,4.716407263022306,4.759916305541992,98490400,0.09,0.0,4863.KL,Telekom Malaysia
2022-09-01 00:00:00+08:00,1.5282842867479027,1.5931206393417652,1.4263986529093002,1.4541857242584229,11219400,0.02,0.0,5211.KL,Sunway
2022-09-01 00:00:00+08:00,3.263720660943053,3.2893177583317925,3.186927080154419,3.186927080154419,43819650,0.023333,0.0,7084.KL,QL Resources
2022-09-01 00:00:00+08:00,123.85986621627296,125.81113837777647,118.19185479389864,121.2581558227539,1639900,0.7,0.0,4707.KL,Nestlé Malaysia
2022-09-01 00:00:00+08:00,7.665150908207776,7.708213719876209,6.933086395263672,6.933086395263672,56055500,0.2,0.0,5347.KL,Tenaga Nasional
2022-09-01 00:00:00+08:00,1.5777033099549045,1.6768260366702143,1.5529226528934712,1.6231346130371094,276655000,0.0,0.0,5398.KL,Gamuda
2022-09-01 00:00:00+08:00,3.719488771787915,3.8190368191408215,3.3755943403946653,3.411793708801269,55863900,0.08,0.0,1961.KL,IOI Corporation
2022-09-01 00:00:00+08:00,18.21160656201054,18.6163081096694,17.68373359188263,18.035648345947266,30241400,0.0,0.0,5819.KL,Hong Leong Bank
2022-09-01 00:00:00+08:00,19.639166517248164,19.639166517248164,17.094614028930664,17.094614028930664,5806900,0.11,0.0,5681.KL,PETRONAS Dagangan
2022-09-01 00:00:00+08:00,3.9776425221362826,4.04622250219173,3.583307228048534,3.6261699199676514,397784800,0.08,0.0,1295.KL,Public Bank
2022-09-01 00:00:00+08:00,5.772621034865045,5.922559551135394,5.350919991196919,5.5289716720581055,141113000,0.0,0.0,5225.KL,IHH Healthcare
2022-10-01 00:00:00+08:00,14.50533124994886,15.186905973337824,13.911136704769715,14.942238807678224,15648600,0.0,0.0,6033.KL,PETRONAS Gas
2022-10-01 00:00:00+08:00,18.566400717050463,19.87488950572717,17.16950015912495,19.167598724365234,15670900,0.0,0.0,2445.KL,Kuala Lumpur Kepong
2022-10-01 00:00:00+08:00,1.4719195943799663,1.5187959683122203,1.406292559112719,1.5000454187393188,26651300,0.0,0.0,5211.KL,Sunway
2022-10-01 00:00:00+08:00,1.81103899192381,1.8845836513545031,1.6915288107587467,1.8570044040679927,63654600,0.0,0.0,5296.KL,Mr D.I.Y.
2022-10-01 00:00:00+08:00,4.428377408428516,4.58710084225724,4.31727126964634,4.539483547210693,92092600,0.15,0.0,1066.KL,RHB Bank
2022-10-01 00:00:00+08:00,1.6231348300587178,1.6644360291528704,1.4868410010584832,1.5900938510894775,423882400,0.0,0.0,5398.KL,Gamuda
2022-10-01 00:00:00+08:00,5.528971225414262,5.735136054211787,5.097898863805141,5.575826644897461,121467700,0.0,0.0,5225.KL,IHH Healthcare
2022-10-01 00:00:00+08:00,17.947667497998342,18.933030391916294,17.789305454506014,18.61630630493164,22907100,0.0,0.0,5819.KL,Hong Leong Bank
2022-10-01 00:00:00+08:00,3.6252389423366256,4.059558303148783,3.4213744291091364,3.900012493133545,54936700,0.0,0.0,5285.KL,SD Guthrie
2022-10-01 00:00:00+08:00,7.112074391521481,7.2944354963206095,6.971159100155764,7.120363712310791,167666200,0.0,0.0,1155.KL,Maybank
2022-10-01 00:00:00+08:00,122.4601829866091,125.91634074585332,120.49857261485624,124.2349624633789,1347300,0.0,0.0,4707.KL,Nestlé Malaysia
2022-10-01 00:00:00+08:00,0.6221923036335615,0.6445733539965133,0.5953351072306263,0.6311447024345398,27833700,0.0,0.0,6742.KL,YTL Power
2022-10-01 00:00:00+08:00,3.8399286469404577,4.298427610253249,3.792168385707644,4.155146598815918,127947700,0.0,0.0,8869.KL,Press Metal
2022-10-01 00:00:00+08:00,3.2415242024692708,3.370411504280113,3.196413105233121,3.2995235919952397,22639950,0.0,0.0,7084.KL,QL Resources
2022-10-01 00:00:00+08:00,3.4800295369481686,3.766185760498047,3.3138742180789733,3.766185760498047,44274500,0.0,0.0,1961.KL,IOI Corporation
2022-10-01 00:00:00+08:00,2.2585655001777245,2.4474947452545166,2.0181096878592157,2.4474947452545166,66746800,0.0,0.0,6888.KL,Axiata
2022-10-01 00:00:00+08:00,17.199608375181548,18.71015131372469,16.89063286470262,18.607160568237305,5147300,0.0,0.0,5681.KL,PETRONAS Dagangan
2022-10-01 00:00:00+08:00,0.5054200212616223,0.5142870308335119,0.4876860021178431,0.5009865164756775,95670500,0.0,0.0,4677.KL,YTL Corporation
2022-10-01 00:00:00+08:00,14.62966029779764,15.544014066409993,14.355353992814791,15.269708633422852,14334600,0.0,0.0,4065.KL,PPB Group
2022-10-01 00:00:00+08:00,3.0059305935116982,3.406128270418655,2.836958118532235,3.3705551624298096,41643000,0.0,0.0,6947.KL,Celcomdigi
2022-10-01 00:00:00+08:00,7.098160547998276,7.486134161490505,7.045254634793855,7.424411296844482,40105700,0.0,0.0,5347.KL,Tenaga Nasional
2022-10-01 00:00:00+08:00,5.787962189913225,6.3367466386196165,5.727938731118635,6.199550628662109,34730300,0.0,0.0,3816.KL,MISC
2022-10-01 00:00:00+08:00,4.808424054868782,5.011721410144602,4.5078974197279,4.914492130279541,93737800,0.0,0.0,4863.KL,Telekom Malaysia
2022-10-01 00:00:00+08:00,1.789397732184246,1.889737691322428,1.764312543041923,1.881376028060913,86361300,0.0,0.0,4197.KL,Sime Darby
2022-10-01 00:00:00+08:00,3.688960908411156,3.9418683594496233,3.62791412456328,3.898263454437256,385517100,0.0,0.0,1295.KL,Public Bank
2022-10-01 00:00:00+08:00,7.721346259316795,8.29125594719672,7.647809695066159,8.015493392944336,124487400,0.0,0.0,5183.KL,PETRONAS Chemicals
2022-10-01 00:00:00+08:00,2.991592976048836,3.281376838684082,2.7870396014811587,3.281376838684082,36172900,0.0,0.0,6012.KL,Maxis
2022-10-01 00:00:00+08:00,4.2221453246811285,4.668321108378752,4.205620310247418,4.560908317565918,317223200,0.0,0.0,1023.KL,CIMB
2022-10-01 00:00:00+08:00,3.2543533170353456,3.462965704051758,3.220975167996168,3.4128987789154053,93782200,0.0,0.0,1015.KL,AMMB Holdings
2022-11-01 00:00:00+08:00,123.95473776641332,129.7461395263672,120.96562855997232,129.7461395263672,1736000,0.7,0.0,4707.KL,Nestlé Malaysia
2022-11-01 00:00:00+08:00,1.8813759224303528,1.9566308875587708,1.7977592945098877,1.7977592945098877,154224800,0.0,0.0,4197.KL,Sime Darby
2022-11-01 00:00:00+08:00,3.880822121326572,4.02035758747944,3.706403308444553,3.924427032470703,466570500,0.0,0.0,1295.KL,Public Bank
2022-11-01 00:00:00+08:00,3.3616614027692293,3.628459886411406,3.2371555426846754,3.557313680648804,71777600,0.034,0.0,6947.KL,Celcomdigi
2022-11-01 00:00:00+08:00,15.434291119514931,15.818319778876834,14.556512323254264,15.726885795593262,14092200,0.0,0.0,4065.KL,PPB Group
2022-11-01 00:00:00+08:00,18.366846457244144,20.40951538085937,18.075036611013395,20.40951538085937,7096200,0.0,0.0,5681.KL,PETRONAS Dagangan
2022-11-01 00:00:00+08:00,0.5009865320043113,0.5187205516977762,0.4699519446892001,0.5098535418510437,70980300,0.03,0.0,4677.KL,YTL Corporation
2022-11-01 00:00:00+08:00,4.654464861978392,4.695222152576092,4.426224734273861,4.581101894378662,143234900,0.0,0.0,1066.KL,RHB Bank
2022-11-01 00:00:00+08:00,7.128652460574502,7.327591400461669,6.946291370421394,7.153519630432129,237633600,0.0,0.0,1155.KL,Maybank
2022-11-01 00:00:00+08:00,3.738493330673711,3.784647303053709,3.5077219282098726,3.526183605194092,45619900,0.0,0.0,1961.KL,IOI Corporation
2022-11-01 00:00:00+08:00,0.6356209184591299,0.6803829669952393,0.5908589232835278,0.6803829669952393,25195500,0.025,0.0,6742.KL,YTL Power
2022-11-01 00:00:00+08:00,5.585198363003359,5.7163941717468685,5.350919909678892,5.43526029586792,121095600,0.0,0.0,5225.KL,IHH Healthcare
2022-11-01 00:00:00+08:00,6.190976675345283,6.302448655910892,6.045206095616904,6.173827171325684,54459800,0.0,0.0,3816.KL,MISC
2022-11-01 00:00:00+08:00,8.061453456954043,8.43832854415487,7.647809213319049,7.850035190582275,134223300,0.0,0.0,5183.KL,PETRONAS Chemicals
2022-11-01 00:00:00+08:00,14.942238337983843,15.117000355580082,14.330567109721986,14.680092811584473,15694300,0.18,0.0,6033.KL,PETRONAS Gas
2022-11-01 00:00:00+08:00,1.8570043675511023,1.9305490255355835,1.746687270984196,1.9305490255355835,88485100,0.005,0.0,5296.KL,Mr D.I.Y.
2022-11-01 00:00:00+08:00,3.4128986528366503,3.5297214738391567,3.237664222384622,3.479654550552368,101942300,0.0,0.0,1015.KL,AMMB Holdings
2022-11-01 00:00:00+08:00,3.247284467862145,3.520022421341253,3.1109156943280927,3.2728536128997803,92091500,0.05,0.0,6012.KL,Maxis
2022-11-01 00:00:00+08:00,4.905654299350339,5.020561192901352,4.658161653249465,4.9498491287231445,74387400,0.0,0.0,4863.KL,Telekom Malaysia
2022-11-01 00:00:00+08:00,1.5000451870638245,1.5937980322107022,1.3594159752245445,1.5750473737716677,57177100,0.0,0.0,5211.KL,Sunway
2022-11-01 00:00:00+08:00,7.424411398138536,8.306170463562012,7.239241960763168,8.306170463562012,82007100,0.0,0.0,5347.KL,Tenaga Nasional
2022-11-01 00:00:00+08:00,4.54438313798631,4.874883808637342,4.387395309577385,4.792258739471436,416218600,0.0,0.0,1023.KL,CIMB
2022-11-01 00:00:00+08:00,1.5900938289416109,1.6520455774851392,1.4744506503340016,1.6437853574752808,324572000,0.0,0.0,5398.KL,Gamuda
2022-11-01 00:00:00+08:00,18.29958274775338,18.52832774185802,17.894881227611027,18.352371215820312,41432600,0.37,0.0,5819.KL,Hong Leong Bank
2022-11-01 00:00:00+08:00,2.44749484675472,2.816766068757838,2.3358548336704223,2.791002988815308,90656300,0.0,0.0,6888.KL,Axiata
2022-11-01 00:00:00+08:00,3.2995237401256907,3.660408846711248,3.254412871333398,3.5895209312438965,38618550,0.0,0.0,7084.KL,QL Resources
2022-11-01 00:00:00+08:00,4.1360428226086094,4.728270564379555,4.059626398570787,4.632750034332275,135609800,0.0,0.0,8869.KL,Press Metal
2022-11-01 00:00:00+08:00,19.1675970041008,19.415147912203015,18.21275369180088,18.47798728942871,17628400,0.0,0.0,2445.KL,Kuala Lumpur Kepong
2022-11-01 00:00:00+08:00,3.9354679018215455,3.970922533334596,3.669557742821119,3.7759220600128174,72709000,0.1,0.0,5285.KL,SD Guthrie
2022-12-01 00:00:00+08:00,5.425888651136663,5.875703275177298,5.369661878987917,5.828847408294678,87953000,0.0,0.0,5225.KL,IHH Healthcare
2022-12-01 00:00:00+08:00,14.733087737640302,15.12173080444336,14.36211064767381,15.12173080444336,10457500,0.0,0.0,6033.KL,PETRONAS Gas
2022-12-01 00:00:00+08:00,3.8824936240696974,4.326984487131377,3.800852268588682,4.218129634857178,70817500,0.0,0.0,5285.KL,SD Guthrie
2022-12-01 00:00:00+08:00,8.270899922820789,8.491339683532715,7.971101713706816,8.491339683532715,99769500,0.0,0.0,5347.KL,Tenaga Nasional
2022-12-01 00:00:00+08:00,3.3232312755363345,3.4354443812077204,3.1764913295473125,3.3145995140075684,42692900,0.0,0.0,6012.KL,Maxis
2022-12-01 00:00:00+08:00,18.69689489566634,18.840167697971086,18.10590120437316,18.41035270690918,23018300,0.0,0.0,5819.KL,Hong Leong Bank
2022-12-01 00:00:00+08:00,4.6709578646769705,4.728270178022223,4.250667111334007,4.66140604019165,100678400,0.0175,0.0,8869.KL,Press Metal
2022-12-01 00:00:00+08:00,2.79100303933544,2.8081784262746865,2.473258176212621,2.653599739074707,78368700,0.09,0.0,6888.KL,Axiata
2022-12-01 00:00:00+08:00,7.170097274276276,7.286145381134664,7.070627807188965,7.211543083190918,138060300,0.0,0.0,1155.KL,Maybank
2022-12-01 00:00:00+08:00,4.605556153047039,4.735978855577543,4.491436288332848,4.719676017761231,88914300,0.0,0.0,1066.KL,RHB Bank
2022-12-01 00:00:00+08:00,125.84459838867188,132.04292016075925,125.84459838867188,131.47943115234375,1238500,0.0,0.0,4707.KL,Nestlé Malaysia
2022-12-01 00:00:00+08:00,6.148102387044976,6.431069374084473,6.045205375189956,6.431069374084473,64709100,0.07,0.0,3816.KL,MISC
2022-12-01 00:00:00+08:00,4.958687786236657,5.03823863869463,4.392990493884951,4.773068428039551,103216500,0.0,0.0,4863.KL,Telekom Malaysia
2022-12-01 00:00:00+08:00,3.5354145494714464,3.766185738759777,3.369259451641849,3.7384934425354,90242900,0.0,0.0,1961.KL,IOI Corporation
2022-12-01 00:00:00+08:00,19.92888589225233,20.169200358183488,18.418341328560132,19.740068435668945,8897800,0.2,0.0,5681.KL,PETRONAS Dagangan
2022-12-01 00:00:00+08:00,4.808783753304617,4.85835879480416,4.577433165652672,4.792258739471436,344380800,0.0,0.0,1023.KL,CIMB
2022-12-01 00:00:00+08:00,0.5425963997840881,0.5519515014726545,0.5285637472512387,0.5425963997840881,53762100,0.0,0.0,4677.KL,YTL Corporation
2022-12-01 00:00:00+08:00,3.479654978674138,3.546410884603216,3.3962100962627915,3.4546213150024414,71306100,0.06,0.0,1015.KL,AMMB Holdings
2022-12-01 00:00:00+08:00,3.595965782350158,3.69263143625644,3.492855290578594,3.5508546829223637,50689050,0.0,0.0,7084.KL,QL Resources
2022-12-01 00:00:00+08:00,3.588843584060669,3.615760099183461,3.2658477556163774,3.588843584060669,72329400,0.0,0.0,6947.KL,Celcomdigi
2022-12-01 00:00:00+08:00,0.6825541995354757,0.705770306178901,0.659338037540486,0.6639812588691711,23790700,0.0,0.0,6742.KL,YTL Power
2022-12-01 00:00:00+08:00,18.72553993686021,19.76879501342773,18.212753743364285,19.76879501342773,18435400,0.0,0.0,2445.KL,Kuala Lumpur Kepong
2022-12-01 00:00:00+08:00,7.905187606811523,8.015492440074604,7.418006830785133,7.905187606811523,119862400,0.0,0.0,5183.KL,PETRONAS Chemicals
2022-12-01 00:00:00+08:00,1.8144827695841956,1.9231843948364256,1.7810361156604322,1.9231843948364256,152768200,0.0,0.0,4197.KL,Sime Darby
2022-12-01 00:00:00+08:00,1.565672095219784,1.640674393439957,1.4719193621471596,1.5187957286834717,34176600,0.0,0.0,5211.KL,Sunway
2022-12-01 00:00:00+08:00,1.6437852213480255,1.6726960874579162,1.4372795412637969,1.548792600631714,315238000,0.19,0.0,5398.KL,Gamuda
2022-12-01 00:00:00+08:00,15.50743894004807,16.31207122587572,15.361142477896024,15.946330070495604,11394400,0.0,0.0,4065.KL,PPB Group
2022-12-01 00:00:00+08:00,1.9353874162089253,2.0275488577658223,1.8155778278335504,1.8432261943817136,70538700,0.0,0.0,5296.KL,Mr D.I.Y.
2022-12-01 00:00:00+08:00,3.924427025539596,3.968031936606714,3.6889614206411103,3.7674500942230233,400596200,0.04,0.0,1295.KL,Public Bank
2023-01-01 00:00:00+08:00,7.211543938860517,7.352459231582459,7.161809594672272,7.24470043182373,157411200,0.0,0.0,1155.KL,Maybank
2023-01-01 00:00:00+08:00,1.9231845470997213,2.015163052030019,1.839567905670176,1.931546211242676,115737900,0.0,0.0,4197.KL,Sime Darby
2023-01-01 00:00:00+08:00,15.946330109148612,16.34864450904623,15.58058895288196,16.092626571655273,9061000,0.0,0.0,4065.KL,PPB Group
2023-01-01 00:00:00+08:00,3.738493330673711,3.738493330673711,3.526183605194092,3.526183605194092,39157400,0.0,0.0,1961.KL,IOI Corporation
2023-01-01 00:00:00+08:00,3.5888440493328244,3.875951727295928,3.436318108784412,3.7772583961486816,55535200,0.0,0.0,6947.KL,Celcomdigi
2023-01-01 00:00:00+08:00,19.92167262581896,19.99096533408689,18.882280349731445,18.882280349731445,5381100,0.0,0.0,5681.KL,PETRONAS Dagangan
2023-01-01 00:00:00+08:00,8.49133990093738,8.49133990093738,8.165089147640012,8.306170463562012,44024500,0.0,0.0,5347.KL,Tenaga Nasional
2023-01-01 00:00:00+08:00,131.47943443613073,131.76117894737524,126.0324264291811,126.97156524658205,1355700,0.0,0.0,4707.KL,Nestlé Malaysia
2023-01-01 00:00:00+08:00,0.5425963901530334,0.5472739409142904,0.509853534824235,0.5285637378692627,72539000,0.0,0.0,4677.KL,YTL Corporation
2023-01-01 00:00:00+08:00,4.719676045545028,4.719676045545028,4.581101728945451,4.687070369720459,58195400,0.0,0.0,1066.KL,RHB Bank
2023-01-01 00:00:00+08:00,2.73294313537781,2.7417876033550037,2.5206756930564143,2.6798763275146484,55196100,0.0,0.0,6888.KL,Axiata
2023-01-01 00:00:00+08:00,19.76879681831393,19.76879681831393,18.67249525924142,18.937728881835938,12729200,0.0,0.0,2445.KL,Kuala Lumpur Kepong
2023-01-01 00:00:00+08:00,5.828847627896741,5.828847627896741,5.472744724205156,5.547713756561279,80832700,0.0,0.0,5225.KL,IHH Healthcare
2023-01-01 00:00:00+08:00,1.718400963113727,1.8283786291231248,1.6954889721228088,1.7963018417358398,201803000,0.03,0.0,5398.KL,Gamuda
2023-01-01 00:00:00+08:00,1.5187960276782368,1.5656724034427738,1.462544264998697,1.5094207525253296,40872100,0.0,0.0,5211.KL,Sunway
2023-01-01 00:00:00+08:00,15.121734192362553,15.54570762310676,14.733091038486704,14.856749534606934,6984300,0.0,0.0,6033.KL,PETRONAS Gas
2023-01-01 00:00:00+08:00,7.90518840722172,7.923572109647829,7.555889294875879,7.675386428833008,95088300,0.0,0.0,5183.KL,PETRONAS Chemicals
2023-01-01 00:00:00+08:00,0.663981303091813,0.6918406882709852,0.6593380814538791,0.6825542449951172,20455600,0.0,0.0,6742.KL,YTL Power
2023-01-01 00:00:00+08:00,3.5043278773276363,3.555115191071899,3.3942888993592466,3.453540563583374,77728700,0.0,0.0,1015.KL,AMMB Holdings
2023-01-01 00:00:00+08:00,3.802093214405133,3.81969548031886,3.7316837310791016,3.7316837310791016,302933000,0.0,0.0,1295.KL,Public Bank
2023-01-01 00:00:00+08:00,4.792258295836923,4.792258295836923,4.660057803422284,4.750945568084717,223844600,0.0,0.0,1023.KL,CIMB
2023-01-01 00:00:00+08:00,1.843226355542965,1.8985230934741253,1.68655215487316,1.751065015792847,94950300,0.0,0.0,5296.KL,Mr D.I.Y.
2023-01-01 00:00:00+08:00,4.773069033032968,4.773069033032968,4.507898367290021,4.613966464996338,60284800,0.0,0.0,4863.KL,Telekom Malaysia
2023-01-01 00:00:00+08:00,6.494208548483544,6.494208548483544,6.199804295493945,6.329688549041748,33082100,0.0,0.0,3816.KL,MISC
2023-01-01 00:00:00+08:00,18.410351524264343,18.98343757289091,18.17753558387325,18.374534606933597,24726300,0.0,0.0,5819.KL,Hong Leong Bank
2023-01-01 00:00:00+08:00,4.218129308941793,4.218129308941793,3.864350850110109,3.927849292755127,45475900,0.0,0.0,5285.KL,SD Guthrie
2023-01-01 00:00:00+08:00,3.31459959583565,3.539025606921437,3.2110184549333325,3.4181809425354004,40980700,0.0,0.0,6012.KL,Maxis
2023-01-01 00:00:00+08:00,3.550854392014101,3.879517818838389,3.5121881336193708,3.7828521728515625,38579850,0.0,0.0,7084.KL,QL Resources
2023-01-01 00:00:00+08:00,4.678499280359436,5.148266395685673,4.515518703320373,4.966111660003662,160448600,0.0,0.0,8869.KL,Press Metal
2023-02-01 00:00:00+08:00,1.7510648535437865,1.7694970978129565,1.4930132140457213,1.5667423009872437,181086500,0.0,0.0,5296.KL,Mr D.I.Y.
2023-02-01 00:00:00+08:00,18.93772754216873,19.821841803359963,18.31884688480922,18.389575958251957,13567600,0.8,0.0,2445.KL,Kuala Lumpur Kepong
2023-02-01 00:00:00+08:00,14.856750935245602,15.70469956139608,14.591767937229037,14.715426445007324,10121900,0.0,0.0,6033.KL,PETRONAS Gas
2023-02-01 00:00:00+08:00,1.9315459553869647,1.97335427056374,1.8897376402101893,1.8980993032455444,75635700,0.0,0.0,4197.KL,Sime Darby
2023-02-01 00:00:00+08:00,16.09262590683398,16.45836704799107,15.891466971204084,16.001190185546875,9465500,0.0,0.0,4065.KL,PPB Group
2023-02-01 00:00:00+08:00,3.7772576046807815,4.118197820606123,3.642675895465677,3.858006715774536,89756800,0.0,0.0,6947.KL,Celcomdigi
2023-02-01 00:00:00+08:00,0.5285637378692627,0.5425963901530334,0.5192086363467489,0.5285637378692627,68956200,0.0,0.0,4677.KL,YTL Corporation
2023-02-01 00:00:00+08:00,126.97159084947776,129.60118293446266,125.65680197204728,126.877685546875,1121700,0.0,0.0,4707.KL,Nestlé Malaysia
2023-02-01 00:00:00+08:00,7.244700366843332,7.335881314559193,7.128653037769533,7.294435501098633,145823100,0.0,0.0,1155.KL,Maybank
2023-02-01 00:00:00+08:00,2.679876257267338,2.8479213552978173,2.5825871120684387,2.803699016571045,64803500,0.0,0.0,6888.KL,Axiata
2023-02-01 00:00:00+08:00,6.329688050382552,6.5894565370133344,6.19980380706716,6.546161651611328,29697300,0.12,0.0,3816.KL,MISC
2023-02-01 00:00:00+08:00,4.61396630986819,4.649322762725383,4.295762027447722,4.446025371551514,75441800,0.0,0.0,4863.KL,Telekom Malaysia
2023-02-01 00:00:00+08:00,4.966111241224039,5.177027425658443,4.822305292102719,4.946937084197998,104379400,0.0,0.0,8869.KL,Press Metal
2023-02-01 00:00:00+08:00,4.7509461732459,4.7509461732459,4.420445491092179,4.635271072387695,268293900,0.0,0.0,1023.KL,CIMB
2023-02-01 00:00:00+08:00,0.682554264491606,0.7104135951149845,0.6686245991799169,0.7057703733444214,69026500,0.0,0.0,6742.KL,YTL Power
2023-02-01 00:00:00+08:00,7.675386039328047,7.739730309491597,6.250613670296352,6.581528186798096,145328800,0.0,0.0,5183.KL,PETRONAS Chemicals
2023-02-01 00:00:00+08:00,1.5094207506060884,1.5562971263110217,1.4812949251831284,1.5281713008880615,37190100,0.0,0.0,5211.KL,Sunway
2023-02-01 00:00:00+08:00,5.547713919786127,5.753878764831248,5.416518109302868,5.425889015197754,87595200,0.0,0.0,5225.KL,IHH Healthcare
2023-02-01 00:00:00+08:00,3.9278495992547855,4.082060856370223,3.8280657683181976,3.837137222290039,35654300,0.0,0.0,5285.KL,SD Guthrie
2023-02-01 00:00:00+08:00,3.7316839804265367,3.7316839804265367,3.608468110797285,3.6348717212677,336150100,0.0,0.0,1295.KL,Public Bank
2023-02-01 00:00:00+08:00,8.306170220075524,8.817590395756525,8.217993979753578,8.26208209991455,64624700,0.0,0.0,5347.KL,Tenaga Nasional
2023-02-01 00:00:00+08:00,18.37453529729442,18.51780638785247,17.747722995158348,18.392444610595703,26087000,0.0,0.0,5819.KL,Hong Leong Bank
2023-02-01 00:00:00+08:00,4.687070253646314,4.687070253646314,4.418073240410105,4.63001012802124,95670900,0.0,0.0,1066.KL,RHB Bank
2023-02-01 00:00:00+08:00,1.8244426321459528,2.015264363327954,1.7592839191559355,1.9547598361968996,703710400,0.0,0.0,5398.KL,Gamuda
2023-02-01 00:00:00+08:00,3.4535404404160253,3.5212568563266644,3.165745470984969,3.3942887783050537,92412400,0.0,0.0,1015.KL,AMMB Holdings
2023-02-01 00:00:00+08:00,3.782852664790248,3.9246294249463536,3.615299087092763,3.744186401367188,32192850,0.0,0.0,7084.KL,QL Resources
2023-02-01 00:00:00+08:00,3.526183618793457,3.609261385623397,3.4338752335163574,3.535414457321167,59069900,0.0,0.0,1961.KL,IOI Corporation
2023-02-01 00:00:00+08:00,18.88227996187203,19.57520868238647,18.206676483154297,18.206676483154297,4728000,0.0,0.0,5681.KL,PETRONAS Dagangan
2023-02-01 00:00:00+08:00,3.4181807406697704,3.616711454805458,3.3750219345092773,3.3750219345092773,30289600,0.0,0.0,6012.KL,Maxis
2023-03-01 00:00:00+08:00,6.60023549944434,6.653037333084094,6.195421021907887,6.353826522827148,36352500,0.0,0.0,3816.KL,MISC
2023-03-01 00:00:00+08:00,3.526183591523339,3.6923389038176886,3.415413530047472,3.5169527530670166,85368700,0.06,0.0,1961.KL,IOI Corporation
2023-03-01 00:00:00+08:00,3.83713695912756,4.091132029759834,3.7464245883841416,3.873421907424927,44752200,0.0,0.0,5285.KL,SD Guthrie
2023-03-01 00:00:00+08:00,14.750756084659136,14.839082613593902,14.23845446712298,14.55643367767334,12884400,0.22,0.0,6033.KL,PETRONAS Gas
2023-03-01 00:00:00+08:00,4.6300109247446,4.678919445686331,4.434376840977677,4.548496723175049,99426500,0.0,0.0,1066.KL,RHB Bank
2023-03-01 00:00:00+08:00,0.5285637526411571,0.5753393173217773,0.5145310999652125,0.5753393173217773,205708900,0.0,0.0,4677.KL,YTL Corporation
2023-03-01 00:00:00+08:00,3.3858240763346354,3.411217934500685,2.9964542752664176,3.1742100715637207,112363200,0.0,0.0,1015.KL,AMMB Holdings
2023-03-01 00:00:00+08:00,18.206672089244098,18.553135539853283,17.357836222234585,18.483842849731445,5384000,0.4,0.0,5681.KL,PETRONAS Dagangan
2023-03-01 00:00:00+08:00,5.435259757279235,5.716393605300175,5.266579001616027,5.38840389251709,143079200,0.07,0.0,5225.KL,IHH Healthcare
2023-03-01 00:00:00+08:00,1.9501057231994312,2.0152643239517727,1.852367711106377,1.898909568786621,317571400,0.0,0.0,5398.KL,Gamuda
2023-03-01 00:00:00+08:00,3.8580067501634936,3.947727747832152,3.5529549302665906,3.893895149230957,96046000,0.031,0.0,6947.KL,Celcomdigi
2023-03-01 00:00:00+08:00,4.946937460499198,5.071569719222906,4.467583041236935,4.668911933898926,98369500,0.0175,0.0,8869.KL,Press Metal
2023-03-01 00:00:00+08:00,1.5575263583806822,1.5759586047744425,1.400852044304013,1.428500413894653,151455900,0.006,0.0,5296.KL,Mr D.I.Y.
2023-03-01 00:00:00+08:00,6.599911382509547,6.765369055404745,6.131115665368762,6.498798847198486,171970000,0.16,0.0,5183.KL,PETRONAS Chemicals
2023-03-01 00:00:00+08:00,4.635270483723067,4.660057805193918,4.222144781993423,4.387394905090332,231663800,0.13,0.0,1023.KL,CIMB
2023-03-01 00:00:00+08:00,1.8980992480144452,1.923184236390585,1.755950781191889,1.7977592945098877,176117200,0.03,0.0,4197.KL,Sime Darby
2023-03-01 00:00:00+08:00,15.982902411816248,16.238922078125928,14.867391514878715,15.14169692993164,16633400,0.0,0.0,4065.KL,PPB Group
2023-03-01 00:00:00+08:00,0.6964839381593764,0.882212977264896,0.6964839381593764,0.8589968681335449,377050900,0.0,0.0,6742.KL,YTL Power
2023-03-01 00:00:00+08:00,7.294435462704212,7.302724783455321,6.846822418815094,7.103785037994385,178908900,0.3,0.0,1155.KL,Maybank
2023-03-01 00:00:00+08:00,8.262082205217883,8.508974503990734,7.988737370375679,8.138635635375977,71429100,0.26,0.0,5347.KL,Tenaga Nasional
2023-03-01 00:00:00+08:00,19.061920166015625,20.070971292270432,18.80506980225715,19.061920166015625,21175300,0.0,0.0,2445.KL,Kuala Lumpur Kepong
2023-03-01 00:00:00+08:00,3.634871491182992,3.661274680310953,3.4148429566513983,3.520456552505493,441680400,0.05,0.0,1295.KL,Public Bank
2023-03-01 00:00:00+08:00,3.375021497121506,3.5735519797311057,3.236913129508738,3.564920425415039,28097100,0.05,0.0,6012.KL,Maxis
2023-03-01 00:00:00+08:00,126.40811862170808,130.07075509077032,124.99941008281888,128.75596618652344,948300,0.0,0.0,4707.KL,Nestlé Malaysia
2023-03-01 00:00:00+08:00,18.39244562295384,18.464081172175835,17.765633286316728,18.10590171813965,23173000,0.21,0.0,5819.KL,Hong Leong Bank
2023-03-01 00:00:00+08:00,1.5281711826148472,1.5562970058610015,1.4437936011142976,1.490670084953308,121176500,0.0,0.0,5211.KL,Sunway
2023-03-01 00:00:00+08:00,3.744186401367188,3.866630029811764,3.589521117205838,3.744186401367188,46595550,0.023333,0.0,7084.KL,QL Resources
2023-03-01 00:00:00+08:00,2.821387716447033,2.847921117467286,2.5560534953757745,2.662187099456787,62415600,0.05,0.0,6888.KL,Axiata
2023-03-01 00:00:00+08:00,4.454863727582994,4.463702945291408,4.189693097009942,4.331117630004883,66416800,0.075,0.0,4863.KL,Telekom Malaysia
2023-04-01 00:00:00+08:00,3.8915645170559534,4.063918243744185,3.8099231642692346,3.882493495941162,24802000,0.0604,0.0,5285.KL,SD Guthrie
2023-04-01 00:00:00+08:00,4.704227707866218,5.002450685387183,4.675367671276259,4.954350471496582,67460600,0.0,0.0,8869.KL,Press Metal
2023-04-01 00:00:00+08:00,1.8989094620647076,1.9687223556260125,1.8849470165098887,1.9314888715744016,127934000,0.0,0.0,5398.KL,Gamuda
2023-04-01 00:00:00+08:00,0.863640063303446,1.0772284267741528,0.8450671765716199,1.0215097665786743,272606600,0.0,0.0,6742.KL,YTL Power
2023-04-01 00:00:00+08:00,128.66201939881947,129.0376691978624,125.84460291563366,127.25331115722656,488600,1.22,0.0,4707.KL,Nestlé Malaysia
2023-04-01 00:00:00+08:00,3.582064370360874,3.5998855692227334,3.4573159783278595,3.466226577758789,208995300,0.0,0.0,1295.KL,Public Bank
2023-04-01 00:00:00+08:00,5.453887953753619,5.6341034360644295,5.3874926332345465,5.43491792678833,67288100,0.0,0.0,5225.KL,IHH Healthcare
2023-04-01 00:00:00+08:00,3.5625300907497244,3.628155583291095,3.5062796685714077,3.58128023147583,23467700,0.0,0.0,1961.KL,IOI Corporation
2023-04-01 00:00:00+08:00,4.4346288903624425,4.542352565094526,4.36281310720772,4.452582836151123,27168700,0.0,0.0,4863.KL,Telekom Malaysia
2023-04-01 00:00:00+08:00,8.370151072301935,8.40642558179266,7.998345998341051,8.070893287658691,62396400,0.0,0.0,5347.KL,Tenaga Nasional
2023-04-01 00:00:00+08:00,4.564798428543448,4.6952215073180215,4.450678574719688,4.466981410980225,75817100,0.25,0.0,1066.KL,RHB Bank
2023-04-01 00:00:00+08:00,3.932098688658929,4.094806500028336,3.823627101764505,3.977295398712158,56404100,0.0,0.0,6947.KL,Celcomdigi
2023-04-01 00:00:00+08:00,19.080264221106624,20.08931704281848,18.8234156207926,19.722389221191406,7627200,0.0,0.0,2445.KL,Kuala Lumpur Kepong
2023-04-01 00:00:00+08:00,3.609595077798432,3.854313147995025,3.513455627559092,3.8455734252929688,35146200,0.0,0.0,6012.KL,Maxis
2023-04-01 00:00:00+08:00,2.724245134279992,2.814154344084188,2.652317937924598,2.688281536102295,45347300,0.0,0.0,6888.KL,Axiata
2023-04-01 00:00:00+08:00,1.5000454813328457,1.5375465820434857,1.45316899368245,1.4719196557998655,47587800,0.035,0.0,5211.KL,Sunway
2023-04-01 00:00:00+08:00,18.456706438363017,18.547180836354407,18.09481057205308,18.221473693847656,10001400,0.0,0.0,5819.KL,Hong Leong Bank
2023-04-01 00:00:00+08:00,7.357491042055225,7.494853642520164,7.340321126369948,7.434757709503174,97928100,0.0,0.0,1155.KL,Maybank
2023-04-01 00:00:00+08:00,3.1826749995903123,3.2080686589447858,3.0472419478889226,3.05570650100708,31191700,0.0,0.0,1015.KL,AMMB Holdings
2023-04-01 00:00:00+08:00,15.214847181896433,15.452579387112506,14.721097020287305,14.867393493652344,5084100,0.0,0.0,4065.KL,PPB Group
2023-04-01 00:00:00+08:00,1.831090162019622,1.881953727102818,1.805658379478024,1.8395674228668213,75167600,0.0,0.0,4197.KL,Sime Darby
2023-04-01 00:00:00+08:00,18.85323973574852,20.177203162505997,18.553141224336304,19.983020782470703,3907700,0.0,0.0,5681.KL,PETRONAS Dagangan
2023-04-01 00:00:00+08:00,0.5753392911897175,0.6455026071434093,0.5659841898306657,0.6174373030662537,289426600,0.0,0.0,4677.KL,YTL Corporation
2023-04-01 00:00:00+08:00,3.760672204028736,3.8060598226821623,3.6374783322749993,3.6634132862091056,49583550,0.0,0.0,7084.KL,QL Resources
2023-04-01 00:00:00+08:00,14.787507316559864,15.217168124434073,14.662188300439672,15.127655029296877,7166300,0.0,0.0,6033.KL,PETRONAS Gas
2023-04-01 00:00:00+08:00,6.44183023374313,6.503432165423017,6.248223083696289,6.424229621887207,16596400,0.0,0.0,3816.KL,MISC
2023-04-01 00:00:00+08:00,4.495010482972369,4.528871170314248,4.257985671579217,4.28338098526001,127718900,0.0,0.0,1023.KL,CIMB
2023-04-01 00:00:00+08:00,6.713157996634083,7.098647773500326,6.553320826754297,6.656744956970215,78358000,0.0,0.0,5183.KL,PETRONAS Chemicals
2023-04-01 00:00:00+08:00,1.452213336413945,1.5447109098507903,1.4337137114607703,1.4614630937576294,106070200,0.0,0.0,5296.KL,Mr D.I.Y.
2023-05-01 00:00:00+08:00,1.4614631643532974,1.553960742258219,1.424464022925518,1.4522134065628052,314363300,0.0,0.0,5296.KL,Mr D.I.Y.
2023-05-01 00:00:00+08:00,3.0557063654101224,3.123422989161325,2.9287380742719726,3.0811002254486084,71820900,0.0,0.0,1015.KL,AMMB Holdings
2023-05-01 00:00:00+08:00,3.581280141785189,3.768781767869709,3.459404230117798,3.459404230117798,41333300,0.0,0.0,1961.KL,IOI Corporation
2023-05-01 00:00:00+08:00,3.845572604072942,4.011631467478097,3.5921144485473637,3.5921144485473637,49024600,0.0,0.0,6012.KL,Maxis
2023-05-01 00:00:00+08:00,1.931489102637814,2.066460609436035,1.8709845728512744,2.066460609436035,141611400,0.0,0.0,5398.KL,Gamuda
2023-05-01 00:00:00+08:00,3.9361602140876015,4.248845525042912,3.779817339345068,3.8809800148010254,62440400,0.0,0.0,5285.KL,SD Guthrie
2023-05-01 00:00:00+08:00,4.2833805092496045,4.393427932706801,4.063286065986402,4.080216407775879,310424300,0.0,0.0,1023.KL,CIMB
2023-05-01 00:00:00+08:00,19.98301800473378,20.12424061594342,18.641403198242188,18.641403198242188,4098500,0.0,0.0,5681.KL,PETRONAS Dagangan
2023-05-01 00:00:00+08:00,8.070892261115967,8.905186846986195,8.070892261115967,8.624066352844238,115143500,0.0,0.0,5347.KL,Tenaga Nasional
2023-05-01 00:00:00+08:00,6.656745388155764,6.872995611706859,6.167831897735596,6.167831897735596,109349300,0.0,0.0,5183.KL,PETRONAS Chemicals
2023-05-01 00:00:00+08:00,1.8395677824081849,1.8565223074163253,1.7124086427332494,1.754794955253601,70770300,0.0,0.0,4197.KL,Sime Darby
2023-05-01 00:00:00+08:00,0.6174373063172394,0.9121232794829938,0.6080821491481273,0.9074457287788392,814232600,0.0,0.0,4677.KL,YTL Corporation
2023-05-01 00:00:00+08:00,18.22147411197468,18.456706861887916,17.515777587890625,17.515777587890625,15618800,0.0,0.0,5819.KL,Hong Leong Bank
2023-05-01 00:00:00+08:00,3.663413305434304,3.7866081053665455,3.5207676957446514,3.5985748767852783,42143700,0.0,0.0,7084.KL,QL Resources
2023-05-01 00:00:00+08:00,15.127656316635465,15.646830263827718,14.894922932401634,14.98443603515625,10406600,0.0,0.0,6033.KL,PETRONAS Gas
2023-05-01 00:00:00+08:00,5.434917424854083,5.681527752627494,5.415947399640744,5.472857475280762,104462200,0.0,0.0,5225.KL,IHH Healthcare
2023-05-01 00:00:00+08:00,2.6882817370062004,2.787181639385974,2.4365363165886262,2.499472618103028,77952500,0.0,0.0,6888.KL,Axiata
2023-05-01 00:00:00+08:00,1.505049705505371,1.5338085886880974,1.4667044136507594,1.505049705505371,28854500,0.0,0.0,5211.KL,Sunway
2023-05-01 00:00:00+08:00,6.424229621887207,6.529833293022745,6.301024919264059,6.424229621887207,47574100,0.0,0.0,3816.KL,MISC
2023-05-01 00:00:00+08:00,3.977294913140849,4.158080869226821,3.9140196129969,4.04056978225708,132133800,0.0,0.0,6947.KL,Celcomdigi
2023-05-01 00:00:00+08:00,7.434758578362847,7.537780540751167,7.340321984193332,7.426173210144043,182317000,0.0,0.0,1155.KL,Maybank
2023-05-01 00:00:00+08:00,4.6700262084296815,4.755245583219669,4.559240818023682,4.559240818023682,92297300,0.0,0.0,1066.KL,RHB Bank
2023-05-01 00:00:00+08:00,14.867393493652344,15.178273935550935,14.026187899807598,14.867393493652344,11373700,0.28,0.0,4065.KL,PPB Group
2023-05-01 00:00:00+08:00,4.954350749712434,4.983210787923053,4.386764799387181,4.434865474700928,98971000,0.0,0.0,8869.KL,Press Metal
2023-05-01 00:00:00+08:00,19.722389734371543,21.11671724248496,19.080264717578554,19.15365028381348,29362700,0.0,0.0,2445.KL,Kuala Lumpur Kepong
2023-05-01 00:00:00+08:00,3.4662265762362057,3.5909751806598718,3.394941568374634,3.394941568374634,309826000,0.0,0.0,1295.KL,Public Bank
2023-05-01 00:00:00+08:00,128.39670756325793,128.77573265074128,121.47939127508496,126.975341796875,1110000,0.0,0.0,4707.KL,Nestlé Malaysia
2023-05-01 00:00:00+08:00,1.0215097166168623,1.2629574537277222,0.9843638342668696,1.2629574537277222,295658100,0.0,0.0,6742.KL,YTL Power
2023-05-01 00:00:00+08:00,4.452583265938247,4.712915719030712,4.416675370894864,4.578260898590088,65524600,0.0,0.0,4863.KL,Telekom Malaysia
2023-06-01 00:00:00+08:00,3.9953740896935184,4.067688482642722,3.651880292157021,3.715155601501465,50206200,0.032,0.0,6947.KL,Celcomdigi
2023-06-01 00:00:00+08:00,1.5146358013153076,1.55298097386483,1.4571179282133957,1.5146358013153076,35338200,0.0,0.0,5211.KL,Sunway
2023-06-01 00:00:00+08:00,1.2536712465759683,1.262957691234052,1.0679421320079905,1.2072389125823977,288962900,0.025,0.0,6742.KL,YTL Power
2023-06-01 00:00:00+08:00,2.029226715732794,2.117656344241025,1.9128719764212885,2.0478434562683105,211517400,0.0,0.0,5398.KL,Gamuda
2023-06-01 00:00:00+08:00,14.98443550205688,15.217168878010783,14.697994949289113,14.948631286621094,8061300,0.16,0.0,6033.KL,PETRONAS Gas
2023-06-01 00:00:00+08:00,6.17723484682017,6.290060943520643,5.60370151609618,5.641310214996338,100129900,0.0,0.0,5183.KL,PETRONAS Chemicals
2023-06-01 00:00:00+08:00,18.69436243223932,19.894756386519184,18.376610695281368,19.59465789794922,4115500,0.15,0.0,5681.KL,PETRONAS Dagangan
2023-06-01 00:00:00+08:00,4.567763247768428,4.6444604867544514,4.508109478461025,4.627416610717773,81861500,0.0,0.0,1066.KL,RHB Bank
2023-06-01 00:00:00+08:00,3.853390406679175,4.04651979124883,3.7706205451408192,3.816603899002075,45718500,0.0,0.0,5285.KL,SD Guthrie
2023-06-01 00:00:00+08:00,14.811889154417653,15.165438489912184,14.272260100502178,14.644417762756348,13878900,0.0,0.0,4065.KL,PPB Group
2023-06-01 00:00:00+08:00,3.081099904516324,3.123422663820634,2.894879561766523,3.0641705989837646,71526800,0.123,0.0,1015.KL,AMMB Holdings
2023-06-01 00:00:00+08:00,1.4522133848572625,1.507711930770705,1.3967147286780108,1.4707129001617432,115635000,0.006,0.0,5296.KL,Mr D.I.Y.
2023-06-01 00:00:00+08:00,0.9074457343823844,0.9916416475770832,0.8138946082000013,0.972931444644928,775685400,0.0,0.0,4677.KL,YTL Corporation
2023-06-01 00:00:00+08:00,6.362627746544863,6.433030199235152,6.213022324762138,6.301025390625,42419900,0.07,0.0,3816.KL,MISC
2023-06-01 00:00:00+08:00,3.403852155671637,3.519690160255485,3.368209758090591,3.430583953857422,314415600,0.0,0.0,1295.KL,Public Bank
2023-06-01 00:00:00+08:00,8.61499736606751,8.624065991907203,8.152507826224264,8.206918716430664,94386600,0.0,0.0,5347.KL,Tenaga Nasional
2023-06-01 00:00:00+08:00,5.482343576006634,5.691013886162209,5.349552926353756,5.586678504943848,58568900,0.096,0.0,5225.KL,IHH Healthcare
2023-06-01 00:00:00+08:00,4.444484573998042,4.810048359406181,4.425244398909295,4.521445274353027,71178100,0.0175,0.0,8869.KL,Press Metal
2023-06-01 00:00:00+08:00,126.97535356128488,127.44914219397624,123.27980800984491,124.13262176513672,1000200,0.0,0.0,4707.KL,Nestlé Malaysia
2023-06-01 00:00:00+08:00,4.080216861208736,4.503475856633456,4.063286517537797,4.28338098526001,326583700,0.0,0.0,1023.KL,CIMB
2023-06-01 00:00:00+08:00,17.479584356458894,17.805291454617006,16.70150705559468,17.15387725830078,22220800,0.0,0.0,5819.KL,Hong Leong Bank
2023-06-01 00:00:00+08:00,4.542352482610134,4.5782603735354455,4.398720918908889,4.407697677612305,45310500,0.0,0.0,4863.KL,Telekom Malaysia
2023-06-01 00:00:00+08:00,3.5856067110135346,3.592090855967836,3.3910890869921437,3.4753804206848145,52131450,0.0,0.0,7084.KL,QL Resources
2023-06-01 00:00:00+08:00,3.4875295411886027,3.609405456374588,3.421904048396149,3.4969046115875244,39385000,0.0,0.0,1961.KL,IOI Corporation
2023-06-01 00:00:00+08:00,3.6008543596222333,3.9766719607241785,3.4959752035367826,3.583374500274658,33867700,0.04,0.0,6012.KL,Maxis
2023-06-01 00:00:00+08:00,1.746317556681498,1.7717493422121375,1.6784994619331262,1.7378402948379517,87241800,0.0,0.0,4197.KL,Sime Darby
2023-06-01 00:00:00+08:00,19.135304702100434,20.639709645243563,18.91514800917582,20.14435577392578,22236200,0.0,0.0,2445.KL,Kuala Lumpur Kepong
2023-06-01 00:00:00+08:00,7.383247496781887,7.546365387948175,7.340321477397373,7.409002780914307,135267700,0.0,0.0,1155.KL,Maybank
2023-06-01 00:00:00+08:00,2.5084631150983654,2.5713994064961203,2.3106631277740584,2.3825905323028564,126856500,0.0,0.0,6888.KL,Axiata
2023-07-01 00:00:00+08:00,15.23802056293739,15.545311733102306,15.147640502796603,15.43685531616211,9712500,0.0,0.0,6033.KL,PETRONAS Gas
2023-07-01 00:00:00+08:00,3.4969043413651213,3.956282978933237,3.4969043413651213,3.9094078540802,48461300,0.0,0.0,1961.KL,IOI Corporation
2023-07-01 00:00:00+08:00,3.743011480889261,4.061759320011505,3.6792617393609777,4.025331020355225,34553100,0.0,0.0,6947.KL,Celcomdigi
2023-07-01 00:00:00+08:00,3.4394947324407035,3.7424553401084415,3.421673532721746,3.715723752975464,234092900,0.0,0.0,1295.KL,Public Bank
2023-07-01 00:00:00+08:00,1.5050495374557704,1.7447070991076197,1.4954631298542764,1.7159481048583984,68662100,0.0,0.0,5211.KL,Sunway
2023-07-01 00:00:00+08:00,2.382590739271612,2.418554337480097,2.220754332973476,2.4005725383758545,88954900,0.0,0.0,6888.KL,Axiata
2023-07-01 00:00:00+08:00,7.426172898022618,7.778165611487375,7.426172898022618,7.743824958801269,159344000,0.0,0.0,1155.KL,Maybank
2023-07-01 00:00:00+08:00,20.089315569495533,21.960649947027317,20.089315569495533,21.39191055297852,22859800,0.2,0.0,2445.KL,Kuala Lumpur Kepong
2023-07-01 00:00:00+08:00,1.7378402679114988,1.864999395708332,1.7208857444871026,1.8480448722839355,63834400,0.0,0.0,4197.KL,Sime Darby
2023-07-01 00:00:00+08:00,4.627415866472592,4.87455223243556,4.601850259708419,4.848986625671387,79725200,0.0,0.0,1066.KL,RHB Bank
2023-07-01 00:00:00+08:00,3.468895804016733,3.559671508270724,3.4040573734357777,3.553187131881714,39487350,0.0,0.0,7084.KL,QL Resources
2023-07-01 00:00:00+08:00,17.17197615721102,17.986242351291228,16.91864989387605,17.714820861816406,22149400,0.0,0.0,5819.KL,Hong Leong Bank
2023-07-01 00:00:00+08:00,5.669516377688754,6.647343344747652,5.490874852200743,6.53451681137085,76182800,0.0,0.0,5183.KL,PETRONAS Chemicals
2023-07-01 00:00:00+08:00,6.389634132385254,6.487389431700549,6.211897186015873,6.389634132385254,27075900,0.0,0.0,3816.KL,MISC
2023-07-01 00:00:00+08:00,124.22736511266636,127.449121508512,122.99551197582684,126.8805694580078,737500,0.0,0.0,4707.KL,Nestlé Malaysia
2023-07-01 00:00:00+08:00,4.577115008765015,4.9150880206752365,4.528833478814401,4.8668060302734375,61768300,0.0,0.0,8869.KL,Press Metal
2023-07-01 00:00:00+08:00,0.9729313320583768,1.1039028489491896,0.9635762316748612,1.0945477485656738,323903800,0.0,0.0,4677.KL,YTL Corporation
2023-07-01 00:00:00+08:00,1.2307258421271554,1.325397086796219,1.173923163039852,1.28752863407135,264349200,0.0,0.0,6742.KL,YTL Power
2023-07-01 00:00:00+08:00,8.206918627855073,8.751023199887872,8.152507738235919,8.705681800842285,129240100,0.0,0.0,5347.KL,Tenaga Nasional
2023-07-01 00:00:00+08:00,4.407697552769598,4.623145320274993,4.2820199380906745,4.569283485412598,45662200,0.0,0.0,4863.KL,Telekom Malaysia
2023-07-01 00:00:00+08:00,2.0478433765503365,2.1362730016161997,1.9361427157564413,2.0013015270233154,229364600,0.0,0.0,5398.KL,Gamuda
2023-07-01 00:00:00+08:00,1.476355216767168,1.5042109484240034,1.3092206054484798,1.3649321794509888,131662800,0.0,0.0,5296.KL,Mr D.I.Y.
2023-07-01 00:00:00+08:00,5.681200794054854,5.777655726224986,5.526872902582642,5.739073753356934,56078100,0.0,0.0,5225.KL,IHH Healthcare
2023-07-01 00:00:00+08:00,4.317241620026697,4.740500610296985,4.300311276561934,4.698174953460693,237948000,0.0,0.0,1023.KL,CIMB
2023-07-01 00:00:00+08:00,3.8166037245375617,4.294828741009008,3.8074068787738113,4.184469223022461,57293000,0.0,0.0,5285.KL,SD Guthrie
2023-07-01 00:00:00+08:00,19.75075035006281,20.515181397805765,19.30631400981971,20.40851593017578,4173400,0.0,0.0,5681.KL,PETRONAS Dagangan
2023-07-01 00:00:00+08:00,3.618591826311429,3.653895128355556,3.442075316090796,3.5656368732452397,48393900,0.0,0.0,6012.KL,Maxis
2023-07-01 00:00:00+08:00,3.15503893955112,3.417959025305362,3.1199829838372155,3.3829028606414795,47457500,0.0,0.0,1015.KL,AMMB Holdings
2023-07-01 00:00:00+08:00,14.700241599815405,15.798107127998684,14.607201742224726,15.53759765625,6779800,0.0,0.0,4065.KL,PPB Group
2023-08-01 00:00:00+08:00,1.8480449734091955,1.9497721195220947,1.7717494117106478,1.9497721195220947,159455600,0.0,0.0,4197.KL,Sime Darby
2023-08-01 00:00:00+08:00,6.562723623422279,6.760169498422385,6.271256009929508,6.694354057312012,94434100,0.0,0.0,5183.KL,PETRONAS Chemicals
2023-08-01 00:00:00+08:00,7.735239948765586,7.855431829354005,7.597877331666947,7.821091175079346,211037700,0.0,0.0,1155.KL,Maybank
2023-08-01 00:00:00+08:00,8.687544550946765,9.195376349768628,8.614997274662464,8.923323631286621,132953800,0.0,0.0,5347.KL,Tenaga Nasional
2023-08-01 00:00:00+08:00,15.328397134582824,15.780295659406931,15.16571511368524,15.47300624847412,12437800,0.0,0.0,6033.KL,PETRONAS Gas
2023-08-01 00:00:00+08:00,15.50037956964359,15.798105666724917,14.551377191549982,14.625808715820312,13072700,0.0,0.0,4065.KL,PPB Group
2023-08-01 00:00:00+08:00,3.3741385861619624,3.4179587360458523,3.1900948342394595,3.268970727920532,69258000,0.0,0.0,1015.KL,AMMB Holdings
2023-08-01 00:00:00+08:00,20.408514806796152,20.532958128079542,19.07520585945839,19.732973098754883,15384100,0.0,0.0,5681.KL,PETRONAS Dagangan
2023-08-01 00:00:00+08:00,1.7063618057127126,1.94601936654689,1.668016632548086,1.9076741933822632,259438400,0.0,0.0,5211.KL,Sunway
2023-08-01 00:00:00+08:00,2.4095638014833147,2.418554702391984,2.121854543685913,2.121854543685913,62900500,0.0,0.0,6888.KL,Axiata
2023-08-01 00:00:00+08:00,4.04354453285182,4.098186973723661,3.824974335104943,3.988902091979981,53465100,0.0,0.0,6947.KL,Celcomdigi
2023-08-01 00:00:00+08:00,4.698175416644608,4.867478867983528,4.588127971448676,4.765896797180176,195367200,0.0,0.0,1023.KL,CIMB
2023-08-01 00:00:00+08:00,3.5656368019410287,3.689198356624536,3.459726897926594,3.5391595363616943,66856600,0.04,0.0,6012.KL,Maxis
2023-08-01 00:00:00+08:00,6.389634331973145,6.434068252135465,6.167463459889617,6.3985209465026855,36645000,0.0,0.0,3816.KL,MISC
2023-08-01 00:00:00+08:00,1.0945478783783695,1.5997239166097457,1.0758376753923198,1.468752384185791,699177300,0.0,0.0,4677.KL,YTL Corporation
2023-08-01 00:00:00+08:00,3.7157236148213113,3.79591922302033,3.617706807565944,3.769187211990357,307064600,0.0,0.0,1295.KL,Public Bank
2023-08-01 00:00:00+08:00,21.583425237625484,22.02768057079565,19.54725407793868,19.935977935791016,24275400,0.0,0.0,2445.KL,Kuala Lumpur Kepong
2023-08-01 00:00:00+08:00,4.857149119435825,4.905430641543264,4.577114265227796,4.6833343505859375,77853000,0.0,0.0,8869.KL,Press Metal
2023-08-01 00:00:00+08:00,4.56928413885718,4.641099928943945,4.488491160981631,4.578260898590088,64232600,0.0,0.0,4863.KL,Telekom Malaysia
2023-08-01 00:00:00+08:00,127.44912979885991,127.44912979885991,121.95317930237468,123.65882110595705,1845700,0.0,0.0,4707.KL,Nestlé Malaysia
2023-08-01 00:00:00+08:00,4.120093347284308,4.212059628545824,3.8993738337268486,4.037323474884033,41372500,0.0,0.0,5285.KL,SD Guthrie
2023-08-01 00:00:00+08:00,3.900032927910116,3.918783069023583,3.6469060228783134,3.7781572341918954,65231600,0.0,0.0,1961.KL,IOI Corporation
2023-08-01 00:00:00+08:00,1.996647383101693,2.131618867969337,1.959413900645662,2.0943853855133057,195632400,0.03,0.0,5398.KL,Gamuda
2023-08-01 00:00:00+08:00,4.848987289161901,4.925684932665001,4.746724035396467,4.780811786651611,74165000,0.0,0.0,1066.KL,RHB Bank
2023-08-01 00:00:00+08:00,3.5531871397728123,3.592090615597196,3.462412594732257,3.5013160705566406,30165900,0.0,0.0,7084.KL,QL Resources
2023-08-01 00:00:00+08:00,1.2875287906082102,2.07330007018101,1.2875287906082102,2.025964498519897,600176700,0.0,0.0,6742.KL,YTL Power
2023-08-01 00:00:00+08:00,17.80529420465845,18.185285302647703,17.407207881608834,18.05862045288086,15465000,0.0,0.0,5819.KL,Hong Leong Bank
2023-08-01 00:00:00+08:00,5.748719476540645,5.835529145460463,5.681200794054854,5.739073753356934,66263600,0.0,0.0,5225.KL,IHH Healthcare
2023-08-01 00:00:00+08:00,1.364932047273588,1.4670698308133288,1.272079506720294,1.4392139911651611,229554500,0.008,0.0,5296.KL,Mr D.I.Y.
2023-09-01 00:00:00+08:00,19.25297958877482,20.97739283658406,19.25297958877482,19.892967224121094,13739200,0.18,0.0,5681.KL,PETRONAS Dagangan
2023-09-01 00:00:00+08:00,5.690847312625118,5.787302258276364,5.5751013778436205,5.642619609832764,60063200,0.035,0.0,5225.KL,IHH Healthcare
2023-09-01 00:00:00+08:00,3.5142836694269235,3.630994328965025,3.462412600129889,3.540219783782959,40342350,0.023333,0.0,7084.KL,QL Resources
2023-09-01 00:00:00+08:00,19.93597608319108,21.58342323193244,19.4361875558334,19.806400299072266,19991800,0.0,0.0,2445.KL,Kuala Lumpur Kepong
2023-09-01 00:00:00+08:00,14.75606564822468,14.92353793383957,14.160613364939156,14.402515411376951,10299500,0.12,0.0,4065.KL,PPB Group
2023-09-01 00:00:00+08:00,1.4687524250204769,1.5061728320329495,1.3097154721742488,1.4219768047332764,564862500,0.0,0.0,4677.KL,YTL Corporation
2023-09-01 00:00:00+08:00,4.654366351994571,4.8474933954585815,4.5481462478637695,4.5481462478637695,54369000,0.0175,0.0,8869.KL,Press Metal
2023-09-01 00:00:00+08:00,6.398520611572523,6.478502256938297,6.247444782419918,6.291878700256348,31698100,0.1,0.0,3816.KL,MISC
2023-09-01 00:00:00+08:00,3.813740388447408,3.82265077545156,3.617706775665283,3.617706775665283,259359600,0.09,0.0,1295.KL,Public Bank
2023-09-01 00:00:00+08:00,3.7164548462465774,3.805578377037061,3.5292952190993025,3.600594043731689,88114800,0.0,0.0,6012.KL,Maxis
2023-09-01 00:00:00+08:00,4.596214631631811,4.677007605737198,4.362813324741372,4.398721218109131,53049600,0.095,0.0,4863.KL,Telekom Malaysia
2023-09-01 00:00:00+08:00,4.061757887877961,4.098186174690007,3.9342588840358026,3.979794025421143,42281900,0.032,0.0,6947.KL,Celcomdigi
2023-09-01 00:00:00+08:00,1.41882567121394,1.4468287831071025,1.3534850767965605,1.4094913005828855,136665100,0.0,0.0,5296.KL,Mr D.I.Y.
2023-09-01 00:00:00+08:00,2.128396665509728,2.151992944652867,2.029291708022897,2.090642213821411,169913400,0.0,0.0,5398.KL,Gamuda
2023-09-01 00:00:00+08:00,1.9667265016838764,1.9667265016838764,1.8141357935465283,1.8734766244888303,131264400,0.1,0.0,4197.KL,Sime Darby
2023-09-01 00:00:00+08:00,3.778157334907292,3.881282890261093,3.525029976089177,3.731281757354736,58791700,0.05,0.0,1961.KL,IOI Corporation
2023-09-01 00:00:00+08:00,3.286499064851464,3.295263053999735,3.19009518422048,3.2426791191101074,58613900,0.0,0.0,1015.KL,AMMB Holdings
2023-09-01 00:00:00+08:00,124.60639305265524,124.60639305265524,119.8685073852539,119.8685073852539,1682600,0.7,0.0,4707.KL,Nestlé Malaysia
2023-09-01 00:00:00+08:00,18.094811072716347,18.239569423245623,17.624345570668364,17.642440795898438,20351500,0.0,0.0,5819.KL,Hong Leong Bank
2023-09-01 00:00:00+08:00,4.13848587052468,4.212058882502582,3.908569988828865,3.936160087585449,35956600,0.0,0.0,5285.KL,SD Guthrie
2023-09-01 00:00:00+08:00,8.977735052683073,9.249787813486291,8.896120002790804,9.059350967407228,127575400,0.18,0.0,5347.KL,Tenaga Nasional
2023-09-01 00:00:00+08:00,4.806377512281925,4.883075157626006,4.627416610717773,4.627416610717773,103122400,0.15,0.0,1066.KL,RHB Bank
2023-09-01 00:00:00+08:00,4.875944706766199,4.90134002506008,4.554267714934129,4.596593379974365,241691700,0.175,0.0,1023.KL,CIMB
2023-09-01 00:00:00+08:00,15.473009759506017,15.726071887562798,15.11148947852811,15.219945907592772,22029900,0.16,0.0,6033.KL,PETRONAS Gas
2023-09-01 00:00:00+08:00,6.675549717168326,6.985821678710772,6.449897544530552,6.760169506072998,64285200,0.08,0.0,5183.KL,PETRONAS Chemicals
2023-09-01 00:00:00+08:00,7.855431121708035,7.898357140370872,7.546365261077881,7.546365261077881,177625800,0.29,0.0,1155.KL,Maybank
2023-09-01 00:00:00+08:00,2.166809186329586,2.292681794620944,2.1488273851451067,2.238736391067505,69244800,0.05,0.0,6888.KL,Axiata
2023-09-01 00:00:00+08:00,1.888501763343811,1.984364704201759,1.8118112963798128,1.888501763343811,147643400,0.02,0.0,5211.KL,Sunway
2023-09-01 00:00:00+08:00,2.0259643856057115,2.1206355236515777,1.8744903390185284,1.9407601356506348,578035900,0.0,0.0,6742.KL,YTL Power
2023-10-01 00:00:00+08:00,6.390138583412848,6.597435052303714,6.309022443047885,6.534344673156738,23156300,0.0,0.0,3816.KL,MISC
2023-10-01 00:00:00+08:00,4.740879910297467,4.994076049634493,4.697225647565976,4.985345363616943,366509500,0.0,0.0,1023.KL,CIMB
2023-10-01 00:00:00+08:00,2.2857684870414365,2.30412805570335,1.982835385256544,2.001194953918457,67905300,0.0,0.0,6888.KL,Axiata
2023-10-01 00:00:00+08:00,3.778275173162244,3.778275173162244,3.664357211597325,3.730809450149536,34405300,0.0,0.0,1961.KL,IOI Corporation
2023-10-01 00:00:00+08:00,4.471434376150049,4.681747263651103,4.434858259716971,4.6360273361206055,45473500,0.0,0.0,4863.KL,Telekom Malaysia
2023-10-01 00:00:00+08:00,120.5179421107687,122.42336412042512,115.94492638015004,117.94562530517578,2592900,0.0,0.0,4707.KL,Nestlé Malaysia
2023-10-01 00:00:00+08:00,4.574171846495954,4.797065841984194,4.516025647077924,4.767992973327637,71279400,0.0,0.0,8869.KL,Press Metal
2023-10-01 00:00:00+08:00,2.09064259632608,2.227501805508093,2.0576077544750317,2.1897475719451904,314565200,0.0,0.0,5398.KL,Gamuda
2023-10-01 00:00:00+08:00,19.806403131883663,20.824489645387608,19.5472550572086,20.343212127685547,16830500,0.0,0.0,2445.KL,Kuala Lumpur Kepong
2023-10-01 00:00:00+08:00,3.260207093485964,3.453015063466045,3.2426791152105,3.347846984863281,85215500,0.0,0.0,1015.KL,AMMB Holdings
2023-10-01 00:00:00+08:00,1.9312929711815152,2.0259643324576198,1.7608848143124562,1.9975627660751345,419090800,0.0,0.0,6742.KL,YTL Power
2023-10-01 00:00:00+08:00,4.762144279147305,4.910961353092606,4.709620679652575,4.88469934463501,92124000,0.0,0.0,1066.KL,RHB Bank
2023-10-01 00:00:00+08:00,6.826618514407508,7.273486564739724,6.550891612444414,6.978744029998779,66684000,0.0,0.0,5183.KL,PETRONAS Chemicals
2023-10-01 00:00:00+08:00,7.794207811234442,8.00701874398322,7.705536166438046,7.998152256011963,205667300,0.0,0.0,1155.KL,Maybank
2023-10-01 00:00:00+08:00,1.4126216645676286,1.4219767660663594,1.160033701058684,1.3658461570739746,647030400,0.0,0.0,4677.KL,YTL Corporation
2023-10-01 00:00:00+08:00,17.7148212079791,17.823390841284017,17.29864135256443,17.55196762084961,37836800,0.38,0.0,5819.KL,Hong Leong Bank
2023-10-01 00:00:00+08:00,19.979311367696248,20.5885462686848,19.907636773983302,20.481035232543945,6445800,0.0,0.0,5681.KL,PETRONAS Dagangan
2023-10-01 00:00:00+08:00,1.917164218952432,1.9462121336817348,1.762241891636664,1.7912898063659668,172534400,0.0,0.0,5211.KL,Sunway
2023-10-01 00:00:00+08:00,3.70526751750688,3.8145136254462586,3.65064446353719,3.7872018814086914,273553700,0.0,0.0,1295.KL,Public Bank
2023-10-01 00:00:00+08:00,14.513302387416298,14.682062008611087,13.613253458695098,14.232037544250488,17251900,0.0,0.0,4065.KL,PPB Group
2023-10-01 00:00:00+08:00,3.5827693243468226,3.6362434426236985,3.4936457938853622,3.5292952060699463,38586700,0.0,0.0,6012.KL,Maxis
2023-10-01 00:00:00+08:00,15.363528081976645,15.76495091450792,15.144570647901132,15.691965103149414,18721000,0.0,0.0,6033.KL,PETRONAS Gas
2023-10-01 00:00:00+08:00,3.936159926803242,4.000536090389431,3.834996820201013,3.991339683532715,40820900,0.0,0.0,5285.KL,SD Guthrie
2023-10-01 00:00:00+08:00,1.409491437831626,1.5121696360459511,1.3534852085917135,1.38148832321167,156376100,0.0,0.0,5296.KL,Mr D.I.Y.
2023-10-01 00:00:00+08:00,1.9606151746092348,2.058202260495048,1.9162574082975012,2.031587600708008,148076900,0.0,0.0,4197.KL,Sime Darby
2023-10-01 00:00:00+08:00,9.168007875895466,9.306497064395296,9.020285840030905,9.14030933380127,83986400,0.0,0.0,5347.KL,Tenaga Nasional
2023-10-01 00:00:00+08:00,3.999843095388156,4.054886753530659,3.7796680253700377,3.8805816173553462,39316700,0.0,0.0,6947.KL,Celcomdigi
2023-10-01 00:00:00+08:00,3.536708024903521,3.680264782784073,3.4845059705733243,3.6084859371185294,50268000,0.0,0.0,7084.KL,QL Resources
2023-10-01 00:00:00+08:00,5.646844358105341,5.840893801620837,5.549819173697225,5.821488857269287,96918600,0.0,0.0,5225.KL,IHH Healthcare
2023-11-01 00:00:00+08:00,17.900071524951368,17.900071524951368,17.401823016710726,17.53099822998047,10525500,0.0,0.0,5819.KL,Hong Leong Bank
2023-11-01 00:00:00+08:00,7.980416912873245,8.13115818887835,7.944948427085891,7.962682247161865,140757200,0.0,0.0,1155.KL,Maybank
2023-11-01 00:00:00+08:00,117.94562689912664,119.46996307373048,114.13478282831296,119.46996307373048,4232300,0.7,0.0,4707.KL,Nestlé Malaysia
2023-11-01 00:00:00+08:00,14.19453638233693,14.40079716084984,13.031971322689902,13.219482421875,20510200,0.0,0.0,4065.KL,PPB Group
2023-11-01 00:00:00+08:00,3.339082866775655,3.593238750904777,3.3303188779763744,3.470542907714844,82438200,0.0,0.0,1015.KL,AMMB Holdings
2023-11-01 00:00:00+08:00,4.767993871080347,4.826140081446571,4.6517014503479,4.6517014503479,151350800,0.0,0.0,8869.KL,Press Metal
2023-11-01 00:00:00+08:00,3.88058271358347,4.045713734658937,3.761321201860405,3.981496334075928,91614700,0.0,0.0,6947.KL,Celcomdigi
2023-11-01 00:00:00+08:00,1.3658460994191233,1.515527828602084,1.3564909983152884,1.4500420093536377,495712800,0.04,0.0,4677.KL,YTL Corporation
2023-11-01 00:00:00+08:00,6.940712757042803,7.0167752880731165,6.588922870974933,6.864649772644043,57472800,0.0,0.0,5183.KL,PETRONAS Chemicals
2023-11-01 00:00:00+08:00,3.52038278255775,3.6986300524000257,3.4312590413929853,3.475821018218994,34916800,0.04,0.0,6012.KL,Maxis
2023-11-01 00:00:00+08:00,4.6177386479560925,4.9469236509466645,4.599450592234394,4.818907260894775,68050800,0.0,0.0,4863.KL,Telekom Malaysia
2023-11-01 00:00:00+08:00,2.18974765014672,2.251098394393921,2.1189583471717177,2.251098394393921,202391000,0.0,0.0,5398.KL,Gamuda
2023-11-01 00:00:00+08:00,3.787201877783599,3.896448419723852,3.768994193144464,3.8873443603515625,358339500,0.0,0.0,1295.KL,Public Bank
2023-11-01 00:00:00+08:00,1.3814883325663134,1.5401727610950706,1.3814883325663134,1.4281601905822754,193368700,0.0,0.0,5296.KL,Mr D.I.Y.
2023-11-01 00:00:00+08:00,1.7912899061180412,1.9462122420610135,1.7622419897711388,1.9171643257141116,183588900,0.0,0.0,5211.KL,Sunway
2023-11-01 00:00:00+08:00,6.507305473399649,6.7055892661126055,6.381125151525602,6.48026704788208,54064300,0.0,0.0,3816.KL,MISC
2023-11-01 00:00:00+08:00,20.48103484472724,20.678139546491288,19.531344359942157,19.979310989379883,9516500,0.0,0.0,5681.KL,PETRONAS Dagangan
2023-11-01 00:00:00+08:00,2.040458991642404,2.1912755966186523,1.996101228859536,2.1912755966186523,275317400,0.0,0.0,4197.KL,Sime Darby
2023-11-01 00:00:00+08:00,15.691966007192075,15.783196971556936,15.217557335970756,15.381775856018066,27441100,0.0,0.0,6033.KL,PETRONAS Gas
2023-11-01 00:00:00+08:00,3.730809168258949,3.825740833445985,3.683343448832632,3.8162474632263184,30186700,0.0,0.0,1961.KL,IOI Corporation
2023-11-01 00:00:00+08:00,3.5954357857850145,3.7846690885255736,3.5106068305041878,3.660689115524292,71249400,0.0,0.0,7084.KL,QL Resources
2023-11-01 00:00:00+08:00,4.9853458807588815,5.072654831600508,4.889305826672135,4.932960510253906,228256300,0.0,0.0,1023.KL,CIMB
2023-11-01 00:00:00+08:00,5.811785657429865,5.889405890857502,5.608033990464589,5.656546115875244,92103300,0.0,0.0,5225.KL,IHH Healthcare
2023-11-01 00:00:00+08:00,20.361720836503167,20.731933589558675,19.565762093448583,20.250656127929688,13564800,0.0,0.0,2445.KL,Kuala Lumpur Kepong
2023-11-01 00:00:00+08:00,9.112611452759293,9.26956633220896,9.057216130890447,9.223402976989746,47982300,0.0,0.0,5347.KL,Tenaga Nasional
2023-11-01 00:00:00+08:00,3.9821434110804153,4.221256163173732,3.917767238232052,4.147683143615723,37015200,0.0325,0.0,5285.KL,SD Guthrie
2023-11-01 00:00:00+08:00,2.019554418347452,2.276588585211555,1.9920150667759384,2.0746331214904785,126373200,0.0,0.0,6888.KL,Axiata
2023-11-01 00:00:00+08:00,1.9975629347385364,2.281576816833653,1.959694477316204,2.2437081336975098,443418300,0.035,0.0,6742.KL,YTL Power
2023-11-01 00:00:00+08:00,4.884699202943157,4.94597694261974,4.77089786529541,4.77089786529541,61040300,0.0,0.0,1066.KL,RHB Bank
2023-12-01 00:00:00+08:00,2.185028401924085,2.194466960300374,2.048169192951413,2.166151285171509,269382600,0.0,0.0,5398.KL,Gamuda
2023-12-01 00:00:00+08:00,4.77089786529541,4.867191336952769,4.709620543039279,4.77089786529541,162418800,0.0,0.0,1066.KL,RHB Bank
2023-12-01 00:00:00+08:00,15.3817749578292,16.184618882145532,15.144570636069624,15.874428749084473,25556300,0.18,0.0,6033.KL,PETRONAS Gas
2023-12-01 00:00:00+08:00,9.16800691340371,9.324961780155297,9.094145903225636,9.26956558227539,73124400,0.0,0.0,5347.KL,Tenaga Nasional
2023-12-01 00:00:00+08:00,3.488070638554424,3.5757105203472648,3.488070638554424,3.5143628120422363,39559300,0.06,0.0,1015.KL,AMMB Holdings
2023-12-01 00:00:00+08:00,1.4983144656987557,1.8824977677199413,1.3926641835880005,1.815265655517578,734334600,0.0,0.0,4677.KL,YTL Corporation
2023-12-01 00:00:00+08:00,13.275734977842864,13.81951501719773,12.938216610211311,13.575751304626465,12448400,0.0,0.0,4065.KL,PPB Group
2023-12-01 00:00:00+08:00,4.178977337584088,4.32723359089206,4.077050942515614,4.132647037506104,33189200,0.057,0.0,5285.KL,SD Guthrie
2023-12-01 00:00:00+08:00,4.65169998045625,4.787374428438975,4.612935852461186,4.661390781402588,70777200,0.0175,0.0,8869.KL,Press Metal
2023-12-01 00:00:00+08:00,3.6672136060033855,3.804244848118136,3.5562839751381268,3.725941181182861,115303800,0.0,0.0,7084.KL,QL Resources
2023-12-01 00:00:00+08:00,2.2791613229800345,2.5003457841908,2.07721050252183,2.44264554977417,503202200,0.0,0.0,6742.KL,YTL Power
2023-12-01 00:00:00+08:00,3.510842006898188,3.582859208392488,3.393813839841759,3.46583104133606,28909500,0.0,0.0,6012.KL,Maxis
2023-12-01 00:00:00+08:00,1.437494571610722,1.4841665412071858,1.3348163720278865,1.3534852266311646,112144800,0.008,0.0,5296.KL,Mr D.I.Y.
2023-12-01 00:00:00+08:00,19.889719061423172,20.463115801158438,19.13713498609211,19.567182540893555,5467700,0.2,0.0,5681.KL,PETRONAS Dagangan
2023-12-01 00:00:00+08:00,4.967883959915795,5.229810805550973,4.967883959915795,5.107578277587891,522148800,0.0,0.0,1023.KL,CIMB
2023-12-01 00:00:00+08:00,3.7972614623673264,3.8542203299825752,3.721316305546994,3.730809450149536,23992300,0.0,0.0,1961.KL,IOI Corporation
2023-12-01 00:00:00+08:00,19.843423889676156,20.36172176765591,19.676827701854226,20.195125579833984,10169300,0.0,0.0,2445.KL,Kuala Lumpur Kepong
2023-12-01 00:00:00+08:00,118.81123314177889,118.81123314177889,106.93010836557232,112.67903900146484,3341500,0.0,0.0,4707.KL,Nestlé Malaysia
2023-12-01 00:00:00+08:00,6.498292904364236,6.624473228106523,6.354086820087336,6.5703959465026855,27730000,0.07,0.0,3816.KL,MISC
2023-12-01 00:00:00+08:00,2.1469182629188377,2.1735329259077645,2.067074062437517,2.0848171710968018,200010900,0.0,0.0,4197.KL,Sime Darby
2023-12-01 00:00:00+08:00,1.917164109249648,2.033355761518212,1.8300202546220783,1.994625210762024,139020400,0.0,0.0,5211.KL,Sunway
2023-12-01 00:00:00+08:00,5.666249227685216,5.870001372012963,5.578926747930365,5.8505964279174805,61039000,0.0,0.0,5225.KL,IHH Healthcare
2023-12-01 00:00:00+08:00,17.623267775480038,18.158424516898037,17.03274871745026,17.438730239868164,19021000,0.0,0.0,5819.KL,Hong Leong Bank
2023-12-01 00:00:00+08:00,6.798095768850697,6.893173939410246,6.60793897436312,6.807603359222412,39037300,0.0,0.0,5183.KL,PETRONAS Chemicals
2023-12-01 00:00:00+08:00,3.9055521488189697,3.978382889311699,3.841825033835104,3.9055521488189697,371998100,0.0,0.0,1295.KL,Public Bank
2023-12-01 00:00:00+08:00,2.0838127762316274,2.258228877574119,2.0838127762316274,2.18479061126709,77409700,0.0,0.0,6888.KL,Axiata
2023-12-01 00:00:00+08:00,3.9081042890365993,3.944800066989678,3.697103347082301,3.742972850799561,48152100,0.033,0.0,6947.KL,Celcomdigi
2023-12-01 00:00:00+08:00,7.962681757414487,8.051353389246795,7.874010971217531,7.882878303527832,190384100,0.0,0.0,1155.KL,Maybank
2023-12-01 00:00:00+08:00,4.818907002237646,5.10237206871967,4.764042838017411,5.074940204620361,59083100,0.0,0.0,4863.KL,Telekom Malaysia
2024-01-01 00:00:00+08:00,17.438731698334188,17.77089858626377,17.051204249043185,17.715538024902344,21421600,0.0,0.0,5819.KL,Hong Leong Bank
2024-01-01 00:00:00+08:00,3.725941325156197,3.862972572565944,3.6933153599655193,3.804244995117188,69528300,0.0,0.0,7084.KL,QL Resources
2024-01-01 00:00:00+08:00,3.730809260809493,3.81624755789634,3.711822972567972,3.7877681255340576,26876000,0.0,0.0,1961.KL,IOI Corporation
2024-01-01 00:00:00+08:00,1.3604619470482502,1.40737438169899,1.285401939759,1.294784426689148,151456100,0.0,0.0,5296.KL,Mr D.I.Y.
2024-01-01 00:00:00+08:00,4.770897698683124,4.954730493872497,4.727128243945924,4.902206897735596,98387700,0.0,0.0,1066.KL,RHB Bank
2024-01-01 00:00:00+08:00,5.107578102912901,5.4742760905832855,5.072654524689235,5.439352512359619,308915900,0.0,0.0,1023.KL,CIMB
2024-01-01 00:00:00+08:00,2.166151251290176,2.4068345986374298,2.1519933014307004,2.3832383155822754,408914000,0.03,0.0,5398.KL,Gamuda
2024-01-01 00:00:00+08:00,9.26956520228478,9.952779958671057,9.177238503100622,9.897384643554688,102150200,0.0,0.0,5347.KL,Tenaga Nasional
2024-01-01 00:00:00+08:00,5.07494073085829,5.559574449734502,5.047508427892814,5.413269996643066,121949500,0.0,0.0,4863.KL,Telekom Malaysia
2024-01-01 00:00:00+08:00,112.6790309443195,115.457682015008,111.8166899485689,114.49952697753906,2170500,0.0,0.0,4707.KL,Nestlé Malaysia
2024-01-01 00:00:00+08:00,3.905551488831508,4.023901639185282,3.8691361247388665,3.9965898990631104,319881300,0.0,0.0,1295.KL,Public Bank
2024-01-01 00:00:00+08:00,6.634902149110885,6.780524006039149,6.5529896375950525,6.689510345458984,26618200,0.0,0.0,3816.KL,MISC
2024-01-01 00:00:00+08:00,4.185427521382285,4.2886556788327495,4.035277799622677,4.147890090942383,54148400,0.0,0.0,5285.KL,SD Guthrie
2024-01-01 00:00:00+08:00,3.465830744871224,3.510841706583145,3.375809250703727,3.420819997787476,35460400,0.0,0.0,6012.KL,Maxis
2024-01-01 00:00:00+08:00,13.575751687785198,13.950773000968391,13.33198886245321,13.557001113891602,8859000,0.0,0.0,4065.KL,PPB Group
2024-01-01 00:00:00+08:00,2.0848169742724925,2.253376702136776,2.067073867288307,2.155789613723755,311481300,0.0,0.0,4197.KL,Sime Darby
2024-01-01 00:00:00+08:00,4.677997247302432,4.882234172889017,4.571015890149666,4.609918117523193,106054100,0.0,0.0,8869.KL,Press Metal
2024-01-01 00:00:00+08:00,3.567343514804876,3.825330902376306,3.567343514804876,3.771953821182251,65254000,0.0,0.0,1015.KL,AMMB Holdings
2024-01-01 00:00:00+08:00,2.442645764392839,4.058253845693072,2.4041789380686005,3.952470302581787,1090071200,0.0,0.0,6742.KL,YTL Power
2024-01-01 00:00:00+08:00,2.1847908233231075,2.561162193540572,2.148071467742311,2.5060834884643555,171072500,0.0,0.0,6888.KL,Axiata
2024-01-01 00:00:00+08:00,20.19512536865144,21.083637772639207,19.99150878861706,20.565338134765625,12836700,0.4,0.0,2445.KL,Kuala Lumpur Kepong
2024-01-01 00:00:00+08:00,3.772333074600872,3.9572516305571193,3.726103766271482,3.929513692855835,39514600,0.0,0.0,6947.KL,Celcomdigi
2024-01-01 00:00:00+08:00,5.8505962273539165,5.996133071755724,5.763273750592556,5.918513298034668,84106800,0.0,0.0,5225.KL,IHH Healthcare
2024-01-01 00:00:00+08:00,1.81526555247259,2.40114492885192,1.7960564113610566,2.247471570968628,1006001600,0.0,0.0,4677.KL,YTL Corporation
2024-01-01 00:00:00+08:00,7.8828785984928675,8.210962295532227,7.829675448275632,8.210962295532227,168473000,0.0,0.0,1155.KL,Maybank
2024-01-01 00:00:00+08:00,19.741424450060403,19.741424450060403,18.602495917471444,19.28946876525879,7451600,0.0,0.0,5681.KL,PETRONAS Dagangan
2024-01-01 00:00:00+08:00,16.04573451450027,16.41460163091118,15.769084616916375,16.359272003173828,19389400,0.0,0.0,6033.KL,PETRONAS Gas
2024-01-01 00:00:00+08:00,1.99462524445351,2.643362673134449,1.9752599687483143,2.59494948387146,410370400,0.0,0.0,5211.KL,Sunway
2024-01-01 00:00:00+08:00,6.80760317768119,6.997759967097776,6.3417199276790654,6.436798095703125,57024800,0.0,0.0,5183.KL,PETRONAS Chemicals
2024-02-01 00:00:00+08:00,5.4315571722893,5.596149655320517,5.2669646892580815,5.53214168548584,91195600,0.0,0.0,4863.KL,Telekom Malaysia
2024-02-01 00:00:00+08:00,1.2947843184035333,1.510581723445465,1.285401832258063,1.4636691808700562,184870500,0.0,0.0,5296.KL,Mr D.I.Y.
2024-02-01 00:00:00+08:00,6.4082738553027285,6.798094989987476,6.303688106353937,6.655477523803711,63326800,0.0,0.0,5183.KL,PETRONAS Chemicals
2024-02-01 00:00:00+08:00,2.41224317142627,2.5268843173980717,2.3692526278009898,2.5268843173980717,312255000,0.0,0.0,5398.KL,Gamuda
2024-02-01 00:00:00+08:00,3.938759726853077,4.068202404376831,3.855546356576601,4.02197265625,46373400,0.0,0.0,6947.KL,Celcomdigi
2024-02-01 00:00:00+08:00,13.557000504766863,14.907074846856712,13.46324495715376,14.60705852508545,10476300,0.0,0.0,4065.KL,PPB Group
2024-02-01 00:00:00+08:00,2.257076131446219,2.641259409943501,2.036170780658935,2.564422845840454,1143599100,0.0,0.0,4677.KL,YTL Corporation
2024-02-01 00:00:00+08:00,4.147890231219655,4.316808673911858,3.9414339093365913,4.0634307861328125,64965300,0.0,0.0,5285.KL,SD Guthrie
2024-02-01 00:00:00+08:00,2.585267046061468,2.788602687552008,2.507805706394592,2.711141347885132,227283400,0.0,0.0,5211.KL,Sunway
2024-02-01 00:00:00+08:00,3.996590330285106,4.114940493408564,3.9510713373106103,4.005694389343262,334701900,0.0,0.0,1295.KL,Public Bank
2024-02-01 00:00:00+08:00,2.1646610230678647,2.404193162918091,2.146917917265218,2.404193162918091,312166000,0.0,0.0,4197.KL,Sime Darby
2024-02-01 00:00:00+08:00,5.947620813832013,6.06405047185556,5.88940598482024,5.9670257568359375,124700300,0.0,0.0,5225.KL,IHH Healthcare
2024-02-01 00:00:00+08:00,4.600192708656519,4.64882072386211,4.434858013458856,4.551564693450928,103822600,0.0,0.0,8869.KL,Press Metal
2024-02-01 00:00:00+08:00,6.662205933431393,7.089970321067417,6.634901620439278,6.917044162750244,38490000,0.0,0.0,3816.KL,MISC
2024-02-01 00:00:00+08:00,114.49952992790314,120.72753783193134,114.40371588371592,119.67356872558594,2391300,0.0,0.0,4707.KL,Nestlé Malaysia
2024-02-01 00:00:00+08:00,20.93455409572976,21.53753079183028,20.63306664618297,21.10414123535156,13328100,0.0,0.0,2445.KL,Kuala Lumpur Kepong
2024-02-01 00:00:00+08:00,3.780849756197784,3.958771927985948,3.7452653218401513,3.860914945602417,51199700,0.0,0.0,1015.KL,AMMB Holdings
2024-02-01 00:00:00+08:00,8.210962534417076,8.468109269071652,8.193227868616908,8.450374603271484,199573000,0.0,0.0,1155.KL,Maybank
2024-02-01 00:00:00+08:00,5.299657870113003,5.657624732820356,5.2560031918854335,5.640162944793701,234498600,0.0,0.0,1023.KL,CIMB
2024-02-01 00:00:00+08:00,3.78776839618764,3.844727491316604,3.74979581699128,3.77827525138855,38089300,0.0,0.0,1961.KL,IOI Corporation
2024-02-01 00:00:00+08:00,2.506083716153125,2.6621402802441523,2.4510050060727653,2.5519826412200928,128026600,0.0,0.0,6888.KL,Axiata
2024-02-01 00:00:00+08:00,3.804245016831136,3.90212431313774,3.719416760090712,3.791194677352905,80980650,0.0,0.0,7084.KL,QL Resources
2024-02-01 00:00:00+08:00,19.28947085703479,20.862276603812667,19.199079365457468,20.64533805847168,7381200,0.0,0.0,5681.KL,PETRONAS Dagangan
2024-02-01 00:00:00+08:00,17.549453697115887,18.361415009086866,17.475639032391253,18.195331573486328,12227300,0.0,0.0,5819.KL,Hong Leong Bank
2024-02-01 00:00:00+08:00,3.96208683353456,4.077487314069955,3.5581849223803013,3.798602819442749,1009198800,0.0,0.0,6742.KL,YTL Power
2024-02-01 00:00:00+08:00,3.42082048742623,3.492837907696605,3.3488032817840576,3.3488032817840576,39533500,0.0,0.0,6012.KL,Maxis
2024-02-01 00:00:00+08:00,16.26705522986302,16.78347096587885,16.26705522986302,16.5437068939209,25218600,0.0,0.0,6033.KL,PETRONAS Gas
2024-02-01 00:00:00+08:00,9.805059385492106,10.599065769304728,9.805059385492106,10.39594841003418,115604300,0.0,0.0,5347.KL,Tenaga Nasional
2024-02-01 00:00:00+08:00,4.875945308377363,4.989746224630431,4.875945308377363,4.902206897735596,85813500,0.0,0.0,1066.KL,RHB Bank
2024-03-01 00:00:00+08:00,4.902207024972058,4.989746354138971,4.884699159138675,4.963484764099121,160261200,0.0,0.0,1066.KL,RHB Bank
2024-03-01 00:00:00+08:00,3.834226566464465,3.852018784379848,3.487278105014531,3.727473258972168,355095200,0.0,0.0,1015.KL,AMMB Holdings
2024-03-01 00:00:00+08:00,8.45037590459261,8.734124681643515,8.352837764577462,8.592249870300293,282795100,0.31,0.0,1155.KL,Maybank
2024-03-01 00:00:00+08:00,21.10414170644922,21.21720040105649,20.44463834509558,21.141828536987305,23943600,0.0,0.0,2445.KL,Kuala Lumpur Kepong
2024-03-01 00:00:00+08:00,2.469563740847504,2.536437742567859,2.369252624381116,2.517330884933472,298836400,0.0,0.0,5398.KL,Gamuda
2024-03-01 00:00:00+08:00,5.541285911186099,5.9436235582188965,5.340117305680513,5.522997856140137,108741400,0.105,0.0,4863.KL,Telekom Malaysia
2024-03-01 00:00:00+08:00,6.962552119242796,7.044464200983669,6.689510689473514,6.980754852294922,59646900,0.12,0.0,3816.KL,MISC
2024-03-01 00:00:00+08:00,2.404193355554279,2.413064909166436,2.288862947081717,2.3066060543060303,250104400,0.03,0.0,4197.KL,Sime Darby
2024-03-01 00:00:00+08:00,1.4636693042292968,1.4918168768860651,1.3604619479307234,1.3979918956756592,271180000,0.01,0.0,5296.KL,Mr D.I.Y.
2024-03-01 00:00:00+08:00,6.01553767541496,6.03494261774919,5.753570722577702,5.870000839233398,96936900,0.055,0.0,5225.KL,IHH Healthcare
2024-03-01 00:00:00+08:00,18.21378536522291,18.324508240338726,17.549453394169205,17.88161849975586,18164500,0.25,0.0,5819.KL,Hong Leong Bank
2024-03-01 00:00:00+08:00,16.56214909908801,16.672810117613203,16.027291320493564,16.248613357543945,32963200,0.22,0.0,6033.KL,PETRONAS Gas
2024-03-01 00:00:00+08:00,3.366807394099635,3.375809544299305,3.015723107056103,3.0337274074554443,49195900,0.04,0.0,6012.KL,Maxis
2024-03-01 00:00:00+08:00,4.063431193321404,4.147890646871765,3.969587604644073,4.0446624755859375,56153200,0.0,0.0,5285.KL,SD Guthrie
2024-03-01 00:00:00+08:00,5.640163309820537,5.910821249911381,5.483007207409629,5.797319412231445,484421000,0.255,0.0,1023.KL,CIMB
2024-03-01 00:00:00+08:00,3.996590051920917,4.023901793087683,3.805409166069754,3.841824531555176,445178600,0.1,0.0,1295.KL,Public Bank
2024-03-01 00:00:00+08:00,3.808219304898744,3.9140033018572415,3.38508377562547,3.721668720245361,589622900,0.0,0.0,6742.KL,YTL Power
2024-03-01 00:00:00+08:00,20.645337305990488,20.73572879427322,19.054452974066837,19.50640869140625,12102000,0.27,0.0,5681.KL,PETRONAS Dagangan
2024-03-01 00:00:00+08:00,2.5611622484397496,2.6162409546965923,2.414285698421502,2.4693644046783447,98676100,0.05,0.0,6888.KL,Axiata
2024-03-01 00:00:00+08:00,4.003480652321636,4.095939703241859,3.837054360665237,3.874037981033325,48130400,0.035,0.0,6947.KL,Celcomdigi
2024-03-01 00:00:00+08:00,4.551564897683583,4.609918240297984,4.308425738248006,4.522388458251953,100569100,0.0175,0.0,8869.KL,Press Metal
2024-03-01 00:00:00+08:00,119.67357265131704,119.67357265131704,112.2957740445944,113.2539291381836,2565300,0.0,0.0,4707.KL,Nestlé Malaysia
2024-03-01 00:00:00+08:00,3.78776839618764,3.8637137809147832,3.711823237794921,3.77827525138855,55780200,0.045,0.0,1961.KL,IOI Corporation
2024-03-01 00:00:00+08:00,14.532055114190095,14.888324959767772,14.11953265274812,14.419548988342283,17313600,0.0,0.0,4065.KL,PPB Group
2024-03-01 00:00:00+08:00,2.641259647793223,2.698887076059952,2.3243085633351703,2.5260047912597656,674384600,0.0,0.0,4677.KL,YTL Corporation
2024-03-01 00:00:00+08:00,3.791194603535292,3.934751368715113,3.7846690838792583,3.849922180175781,81505650,0.02,0.0,7084.KL,QL Resources
2024-03-01 00:00:00+08:00,2.711141349398385,3.466387853318858,2.691776072183935,3.38892674446106,353500700,0.035,0.0,5211.KL,Sunway
2024-03-01 00:00:00+08:00,6.636461990193928,6.722032561845656,6.351227053600457,6.379750728607178,82145300,0.05,0.0,5183.KL,PETRONAS Chemicals
2024-03-01 00:00:00+08:00,10.359017584889967,10.765253171526172,10.118968843449467,10.506739616394045,80324700,0.28,0.0,5347.KL,Tenaga Nasional
2024-04-01 00:00:00+08:00,8.87203839418378,9.04600042783414,8.72554460153414,8.908661842346191,245933700,0.0,0.0,1155.KL,Maybank
2024-04-01 00:00:00+08:00,14.550805951957354,15.000830435855828,14.438298936863568,14.75706672668457,19865700,0.0,0.0,4065.KL,PPB Group
2024-04-01 00:00:00+08:00,10.769407743388452,11.337214282821511,10.636919099601547,11.31828784942627,118528600,0.0,0.0,5347.KL,Tenaga Nasional
2024-04-01 00:00:00+08:00,3.0771111311031465,3.3684351912197985,3.0771111311031465,3.341123580932617,45203000,0.0,0.0,6012.KL,Maxis
2024-04-01 00:00:00+08:00,3.4286629594383617,3.585401921665402,3.183758462335621,3.4482553005218506,322797200,0.0,0.0,5211.KL,Sunway
2024-04-01 00:00:00+08:00,7.112761174283338,7.491985409142165,7.0757637524986805,7.362493991851807,74577000,0.0,0.0,3816.KL,MISC
2024-04-01 00:00:00+08:00,4.980992636052923,5.059778241110177,4.7796519700114,4.814667701721191,156650700,0.25,0.0,1066.KL,RHB Bank
2024-04-01 00:00:00+08:00,18.13449083294583,18.358834839895927,17.891451046351303,18.041013717651367,10402100,0.0,0.0,5819.KL,Hong Leong Bank
2024-04-01 00:00:00+08:00,5.924034135761764,6.296121863657908,5.875074990741977,6.198204040527344,98090300,0.0,0.0,5225.KL,IHH Healthcare
2024-04-01 00:00:00+08:00,2.3330175588481183,2.575292450961713,2.324044422619335,2.512480497360229,324270200,0.0,0.0,4197.KL,Sime Darby
2024-04-01 00:00:00+08:00,2.5045921762087606,2.6915020800119067,2.327027756455076,2.644774436950684,151644900,0.0,0.0,6888.KL,Axiata
2024-04-01 00:00:00+08:00,21.160668862455378,22.04628955891728,20.953396698179983,21.80133056640625,18918000,0.0,0.0,2445.KL,Kuala Lumpur Kepong
2024-04-01 00:00:00+08:00,3.727473474043178,3.798642349811073,3.6385123793333087,3.736369371414185,101579200,0.0,0.0,1015.KL,AMMB Holdings
2024-04-01 00:00:00+08:00,3.905980000214057,4.045812306785446,3.756825776945721,3.8686914443969727,48767700,0.0,0.0,6947.KL,Celcomdigi
2024-04-01 00:00:00+08:00,6.0629996173178045,6.171916109830253,5.8542436197937056,5.999465465545654,444338200,0.0,0.0,1023.KL,CIMB
2024-04-01 00:00:00+08:00,3.8404669301728833,3.9364785118633385,3.78285998115861,3.907675266265869,47452500,0.0,0.0,1961.KL,IOI Corporation
2024-04-01 00:00:00+08:00,3.862742612193352,4.3086967395456455,3.856185184118957,4.210324764251709,112777050,0.0,0.0,7084.KL,QL Resources
2024-04-01 00:00:00+08:00,6.445472778734299,6.637017106032526,6.397586468570892,6.493359088897705,49419300,0.0,0.0,5183.KL,PETRONAS Chemicals
2024-04-01 00:00:00+08:00,113.15811693370156,123.88945854275268,113.0623028848109,121.87732696533205,2674400,1.28,0.0,4707.KL,Nestlé Malaysia
2024-04-01 00:00:00+08:00,3.933079652924265,3.979680302829201,3.8212386264525,3.839878797531128,349920600,0.0,0.0,1295.KL,Public Bank
2024-04-01 00:00:00+08:00,5.640829948437607,5.836304290935563,5.557055103408669,5.761837959289551,105538400,0.05,0.0,4863.KL,Telekom Malaysia
2024-04-01 00:00:00+08:00,19.985815900309497,20.534877121939047,19.67468126623334,19.857702255249023,4719300,0.0,0.0,5681.KL,PETRONAS Dagangan
2024-04-01 00:00:00+08:00,3.721668662470154,4.692957115202028,3.606268190430936,4.423688888549805,433559200,0.0,0.0,6742.KL,YTL Power
2024-04-01 00:00:00+08:00,4.539435632439983,5.398511717196217,4.539435632439983,5.242315769195557,214951000,0.0,0.0,8869.KL,Press Metal
2024-04-01 00:00:00+08:00,2.5356091410351023,3.140697542935452,2.3531220718147488,2.97741961479187,553472100,0.0,0.0,4677.KL,YTL Corporation
2024-04-01 00:00:00+08:00,4.072815390974996,4.307424564234266,4.04466209329203,4.194811820983887,48267700,0.0,0.0,5285.KL,SD Guthrie
2024-04-01 00:00:00+08:00,16.45034835330686,17.047863245711294,16.45034835330686,16.80512237548828,16520700,0.0,0.0,6033.KL,PETRONAS Gas
2024-04-01 00:00:00+08:00,2.5125542916368526,2.5937583229306878,2.417019775418449,2.536437749862671,297742600,0.0,0.0,5398.KL,Gamuda
2024-04-01 00:00:00+08:00,1.4073743104490768,1.5018289840722554,1.3695924860392927,1.4734925031661987,184519900,0.0,0.0,5296.KL,Mr D.I.Y.
2024-05-01 00:00:00+08:00,6.188412969785937,6.247163668203358,6.041535990287862,6.061119556427002,114599000,0.0,0.0,5225.KL,IHH Healthcare
2024-05-01 00:00:00+08:00,5.034716525943243,5.071332611212068,4.979792398040006,5.025562286376953,132351000,0.0,0.0,1066.KL,RHB Bank
2024-05-01 00:00:00+08:00,4.210324653221944,4.354602608365831,4.131626605987549,4.131626605987549,122017500,0.0,0.0,7084.KL,QL Resources
2024-05-01 00:00:00+08:00,4.194811746947727,4.438805497622123,3.960202577829183,3.988355875015259,83218100,0.0605,0.0,5285.KL,SD Guthrie
2024-05-01 00:00:00+08:00,16.80512025958325,17.253256372462495,16.67441433851046,17.047861099243164,15481000,0.0,0.0,6033.KL,PETRONAS Gas
2024-05-01 00:00:00+08:00,2.5035071511316143,2.6650238036377774,2.467614609227228,2.4945340156555176,293894900,0.0,0.0,4197.KL,Sime Darby
2024-05-01 00:00:00+08:00,3.839878688309657,3.9517197116002167,3.783958176664377,3.8212385177612314,526016200,0.0,0.0,1295.KL,Public Bank
2024-05-01 00:00:00+08:00,3.898073707652072,3.974882969624437,3.667645692825317,3.667645692825317,55469500,0.0,0.0,1961.KL,IOI Corporation
2024-05-01 00:00:00+08:00,8.90866253432894,9.192494934513288,8.90866253432894,9.09178066253662,259234200,0.0,0.0,1155.KL,Maybank
2024-05-01 00:00:00+08:00,14.869571909964389,15.09458503184317,13.632003763167097,13.838265419006348,24452200,0.3,0.0,4065.KL,PPB Group
2024-05-01 00:00:00+08:00,2.644774293184174,2.7475748349540616,2.5513194577696425,2.6167378425598145,121359900,0.0,0.0,6888.KL,Axiata
2024-05-01 00:00:00+08:00,5.963159627855066,6.289907780465325,5.963159627855066,6.208220958709717,441295000,0.0,0.0,1023.KL,CIMB
2024-05-01 00:00:00+08:00,18.041011827497567,18.58317689988968,17.891449171867155,18.00362205505371,16676000,0.0,0.0,5819.KL,Hong Leong Bank
2024-05-01 00:00:00+08:00,123.45050268801629,125.87110077993816,122.67590834376963,123.54732513427734,1782800,0.0,0.0,4707.KL,Nestlé Malaysia
2024-05-01 00:00:00+08:00,5.232554178342489,5.710903112276209,5.066596232937143,5.4668474197387695,189938200,0.0,0.0,8869.KL,Press Metal
2024-05-01 00:00:00+08:00,2.536437680257504,2.980672451001461,2.531661079852104,2.899468421936035,333215200,0.0,0.0,5398.KL,Gamuda
2024-05-01 00:00:00+08:00,3.350227111443945,3.459473541519277,3.2045649876234736,3.304707765579224,58287900,0.0,0.0,6012.KL,Maxis
2024-05-01 00:00:00+08:00,3.859369068776225,3.887335707791948,3.5517382621765137,3.5517382621765137,72602300,0.0,0.0,6947.KL,Celcomdigi
2024-05-01 00:00:00+08:00,5.8193190971605135,6.185373373872864,5.74423117810956,5.828705310821533,146367700,0.0,0.0,4863.KL,Telekom Malaysia
2024-05-01 00:00:00+08:00,4.414072856736203,5.260343528882999,4.317905328449758,4.721807479858398,511810900,0.0,0.0,6742.KL,YTL Power
2024-05-01 00:00:00+08:00,7.343994605775533,7.852709329066961,7.316246321466101,7.713969230651855,96056100,0.0,0.0,3816.KL,MISC
2024-05-01 00:00:00+08:00,3.458051287008045,3.702955771075689,3.2817199930827883,3.428662776947021,319894000,0.0,0.0,5211.KL,Sunway
2024-05-01 00:00:00+08:00,2.977419848737838,3.764995610732063,2.929396992272591,3.4480443000793457,522917800,0.0,0.0,4677.KL,YTL Corporation
2024-05-01 00:00:00+08:00,1.4734924410360573,1.775747361365838,1.464046985331881,1.7096290588378906,347390800,0.01,0.0,5296.KL,Mr D.I.Y.
2024-05-01 00:00:00+08:00,3.736369412103533,3.852019048585776,3.700784973832068,3.780850172042847,114689600,0.0,0.0,1015.KL,AMMB Holdings
2024-05-01 00:00:00+08:00,21.952075292055387,22.04629056995832,19.65323257446289,19.65323257446289,38033600,0.0,0.0,2445.KL,Kuala Lumpur Kepong
2024-05-01 00:00:00+08:00,6.493359391494689,6.790253340981344,6.36885534460998,6.426318645477295,56816400,0.0,0.0,5183.KL,PETRONAS Chemicals
2024-05-01 00:00:00+08:00,11.318287933263688,12.54853679823899,11.280434163687756,12.340340614318848,179293800,0.0,0.0,5347.KL,Tenaga Nasional
2024-05-01 00:00:00+08:00,19.82109836799146,20.150535466818024,17.533344615957194,18.119009017944336,17427400,0.0,0.0,5681.KL,PETRONAS Dagangan
2024-06-01 00:00:00+08:00,2.485561088295585,2.5393999056600918,2.252259332446281,2.350963830947876,331425100,0.0,0.0,4197.KL,Sime Darby
2024-06-01 00:00:00+08:00,9.091780068356156,9.210806494643563,8.991064929789637,9.119247436523438,198202800,0.0,0.0,1155.KL,Maybank
2024-06-01 00:00:00+08:00,7.713970458358405,8.083944701073461,7.649225186405314,7.880459308624268,101671000,0.08,0.0,3816.KL,MISC
2024-06-01 00:00:00+08:00,5.466847109405927,5.85733628839905,5.466847109405927,5.623043060302734,224094500,0.0175,0.0,8869.KL,Press Metal
2024-06-01 00:00:00+08:00,4.042953482047023,4.290287324562516,3.957337851390559,4.0144147872924805,78947200,0.0,0.0,5285.KL,SD Guthrie
2024-06-01 00:00:00+08:00,19.67207468561811,20.199679536298817,18.91835603751282,19.445959091186523,28583600,0.0,0.0,2445.KL,Kuala Lumpur Kepong
2024-06-01 00:00:00+08:00,123.9346305941358,123.9346305941358,117.156955483519,117.64107513427734,1701500,0.0,0.0,4707.KL,Nestlé Malaysia
2024-06-01 00:00:00+08:00,6.235449676973707,6.389747630171755,6.026693699022333,6.171915531158447,368823000,0.0,0.0,1023.KL,CIMB
2024-06-01 00:00:00+08:00,14.11283508373834,14.34231185456507,13.577388373283004,13.673004150390623,16099900,0.0,0.0,4065.KL,PPB Group
2024-06-01 00:00:00+08:00,18.10070717631951,18.10070717631951,15.62993258131142,15.959369659423828,12169700,0.18,0.0,5681.KL,PETRONAS Dagangan
2024-06-01 00:00:00+08:00,3.409625741389098,3.544089957696197,3.111883826198193,3.31358003616333,296769100,0.0,0.0,4677.KL,YTL Corporation
2024-06-01 00:00:00+08:00,2.607392388466665,2.728883898691603,2.3550641071836917,2.439173460006714,139789700,0.0,0.0,6888.KL,Axiata
2024-06-01 00:00:00+08:00,2.899468408197914,3.209954949543989,2.875584722968968,3.143080949783325,370296600,0.0,0.0,5398.KL,Gamuda
2024-06-01 00:00:00+08:00,3.4286629465882266,3.7519368068133385,3.409070605578167,3.5364208221435547,237247200,0.0,0.0,5211.KL,Sunway
2024-06-01 00:00:00+08:00,4.7410407891939,5.231493521814347,4.433306172861776,4.635257244110107,296142400,0.03,0.0,6742.KL,YTL Power
2024-06-01 00:00:00+08:00,17.08520584008028,17.552014762276293,16.356985061124714,16.637069702148438,9934100,0.16,0.0,6033.KL,PETRONAS Gas
2024-06-01 00:00:00+08:00,3.2773961499338387,3.377538934273471,3.140838103634398,3.2136690616607666,35225300,0.04,0.0,6012.KL,Maxis
2024-06-01 00:00:00+08:00,4.13162624388296,4.282463255469619,4.072603065436006,4.275904655456543,70018950,0.0,0.0,7084.KL,QL Resources
2024-06-01 00:00:00+08:00,6.012160444097941,6.24716370610234,5.97299331158205,6.168829441070557,92590500,0.0,0.0,5225.KL,IHH Healthcare
2024-06-01 00:00:00+08:00,3.789746505126902,3.887603498568232,3.6474083274122986,3.816434621810913,164416600,0.166,0.0,1015.KL,AMMB Holdings
2024-06-01 00:00:00+08:00,12.18892488754887,13.513807654726026,12.018582482267089,13.040635108947754,257312300,0.0,0.0,5347.KL,Tenaga Nasional
2024-06-01 00:00:00+08:00,3.839878729254744,3.895799241496311,3.709397534024421,3.746677875518799,348258500,0.0,0.0,1295.KL,Public Bank
2024-06-01 00:00:00+08:00,3.667645715493766,3.754056364656409,3.5428306640172327,3.55243182182312,71521900,0.0,0.0,1961.KL,IOI Corporation
2024-06-01 00:00:00+08:00,3.551737891732439,3.682248045250162,3.234784979271254,3.430550098419189,75825800,0.035,0.0,6947.KL,Celcomdigi
2024-06-01 00:00:00+08:00,5.025561971082223,5.089640334531589,5.016408168588394,5.043870449066162,106104900,0.0,0.0,1066.KL,RHB Bank
2024-06-01 00:00:00+08:00,18.003623931830628,18.24666371829745,17.835365480974545,17.947538375854492,11094600,0.0,0.0,5819.KL,Hong Leong Bank
2024-06-01 00:00:00+08:00,6.502936448377891,6.502936448377891,6.033652591352428,6.043229579925537,50331000,0.0,0.0,5183.KL,PETRONAS Chemicals
2024-06-01 00:00:00+08:00,5.856863048876301,6.588971153765488,5.847477282787097,6.344935417175293,253845300,0.0,0.0,4863.KL,Telekom Malaysia
2024-06-01 00:00:00+08:00,1.7190226961948585,1.8804779441189985,1.6810332793738338,1.8424885272979736,194050900,0.0,0.0,5296.KL,Mr D.I.Y.
2024-07-01 00:00:00+08:00,3.5620329576133147,3.7252528682142487,3.523628326627132,3.667645692825317,46805000,0.0,0.0,1961.KL,IOI Corporation
2024-07-01 00:00:00+08:00,4.014415079086829,4.356877172997943,3.9478255424979993,4.252235889434815,89153100,0.0,0.0,5285.KL,SD Guthrie
2024-07-01 00:00:00+08:00,13.730373218631996,14.380558330196791,13.462650312871055,14.170204162597656,9193700,0.0,0.0,4065.KL,PPB Group
2024-07-01 00:00:00+08:00,6.171916235143382,6.8163369174195925,6.153763558155064,6.743725776672363,442772100,0.0,0.0,1023.KL,CIMB
2024-07-01 00:00:00+08:00,4.662902657571375,5.165954360194768,4.45007282494474,4.508117198944092,374318300,0.0,0.0,6742.KL,YTL Power
2024-07-01 00:00:00+08:00,3.13830418762027,4.055433963231947,3.128750759575514,3.7545008659362793,638692400,0.0,0.0,5398.KL,Gamuda
2024-07-01 00:00:00+08:00,16.112989247482705,16.556465579249256,15.429296128788032,16.390161514282227,10696700,0.0,0.0,5681.KL,PETRONAS Dagangan
2024-07-01 00:00:00+08:00,4.2693482329827495,4.466092196637646,4.22344083905533,4.380836009979248,86280600,0.0,0.0,7084.KL,QL Resources
2024-07-01 00:00:00+08:00,5.043870698376577,5.254412967620959,5.02556221948768,5.226951122283936,148833600,0.0,0.0,1066.KL,RHB Bank
2024-07-01 00:00:00+08:00,3.948994099184019,4.170951843261719,3.930497657260041,4.170951843261719,94792700,0.0,0.0,1015.KL,AMMB Holdings
2024-07-01 00:00:00+08:00,3.481429816007015,3.603750204825581,3.3214721601405737,3.575522422790528,84572100,0.0,0.0,6947.KL,Celcomdigi
2024-07-01 00:00:00+08:00,19.427116400893,20.25620686806567,18.59802413671342,19.860504150390625,13091400,0.2,0.0,2445.KL,Kuala Lumpur Kepong
2024-07-01 00:00:00+08:00,3.3135802663416807,3.688158771733352,3.2655574103928817,3.2751619815826416,323324500,0.0,0.0,4677.KL,YTL Corporation
2024-07-01 00:00:00+08:00,6.033652248748869,6.071961114221496,5.545213528956324,5.55479097366333,84824100,0.0,0.0,5183.KL,PETRONAS Chemicals
2024-07-01 00:00:00+08:00,3.746678083165565,3.96104028084689,3.737358219483812,3.923759937286377,465887600,0.0,0.0,1295.KL,Public Bank
2024-07-01 00:00:00+08:00,3.2862974195576498,3.350734783087351,3.157423131441875,3.249476194381714,50901600,0.0,0.0,6012.KL,Maxis
2024-07-01 00:00:00+08:00,5.649281918850111,5.952796143699003,5.042253469152328,5.247859954833984,208884400,0.0,0.0,8869.KL,Press Metal
2024-07-01 00:00:00+08:00,17.92884078057358,18.17188054242787,17.53623836264396,18.02231788635254,20877600,0.0,0.0,5819.KL,Hong Leong Bank
2024-07-01 00:00:00+08:00,16.785282661414083,17.44463792911125,16.67225145909938,17.143218994140625,6343900,0.0,0.0,6033.KL,PETRONAS Gas
2024-07-01 00:00:00+08:00,12.964928859491666,13.835566502260926,12.88922131686,13.324540138244627,179783700,0.0,0.0,5347.KL,Tenaga Nasional
2024-07-01 00:00:00+08:00,118.02836453880948,120.54578507911002,101.66511994623735,105.1507797241211,2206400,0.0,0.0,4707.KL,Nestlé Malaysia
2024-07-01 00:00:00+08:00,2.3509638603409533,2.503507392050683,2.3060981786429284,2.333017587661743,279632100,0.0,0.0,4197.KL,Sime Darby
2024-07-01 00:00:00+08:00,3.5364202395297237,4.32991085394863,3.507031732856296,4.202560424804688,328721400,0.0,0.0,5211.KL,Sunway
2024-07-01 00:00:00+08:00,6.168829441070557,6.256955255776788,6.070911142871778,6.168829441070557,112000100,0.0,0.0,5225.KL,IHH Healthcare
2024-07-01 00:00:00+08:00,1.832991245748689,2.060928109440814,1.776007114738711,1.9944463968276975,205601800,0.0,0.0,5296.KL,Mr D.I.Y.
2024-07-01 00:00:00+08:00,7.97356444855336,8.375043975664829,7.889533767025878,8.206982612609863,103964100,0.0,0.0,3816.KL,MISC
2024-07-01 00:00:00+08:00,2.439173405115466,2.5045920119862064,2.214881579820972,2.2429182529449463,193206200,0.0,0.0,6888.KL,Axiata
2024-07-01 00:00:00+08:00,6.344935728587006,6.748533536536089,6.279233572500695,6.542041301727295,201455300,0.0,0.0,4863.KL,Telekom Malaysia
2024-07-01 00:00:00+08:00,9.1375582512092,9.393923251405242,9.119246964436254,9.3572998046875,201047800,0.0,0.0,1155.KL,Maybank
2024-08-01 00:00:00+08:00,3.2494757430775305,3.5716618575637025,2.964111068125154,3.553251028060913,73937600,0.0,0.0,6012.KL,Maxis
2024-08-01 00:00:00+08:00,6.1786205407657055,6.237371235260821,5.884867068290126,6.139453411102295,115428400,0.0,0.0,5225.KL,IHH Healthcare
2024-08-01 00:00:00+08:00,4.17095172191938,4.901561818146376,3.875008218755428,4.809079170227051,229060100,0.0,0.0,1015.KL,AMMB Holdings
2024-08-01 00:00:00+08:00,4.202561192302883,4.241745875023607,3.438459178571371,4.0164337158203125,681441900,0.0,0.0,5211.KL,Sunway
2024-08-01 00:00:00+08:00,3.759277621599237,3.778384478479226,3.3150428574819366,3.5825390815734863,580659000,0.05,0.0,5398.KL,Gamuda
2024-08-01 00:00:00+08:00,2.2429182577903464,2.429827926927957,2.037317398925073,2.3831005096435547,141962500,0.0,0.0,6888.KL,Axiata
2024-08-01 00:00:00+08:00,5.2576517171804005,5.287024279187117,4.533133812106469,4.866020202636719,177669300,0.0,0.0,8869.KL,Press Metal
2024-08-01 00:00:00+08:00,14.036343525704618,14.304066438333138,13.462650658212402,13.959851264953612,14053900,0.0,0.0,4065.KL,PPB Group
2024-08-01 00:00:00+08:00,6.495111255076951,6.635901326889407,6.00703933433726,6.344935417175293,176646600,0.0,0.0,4863.KL,Telekom Malaysia
2024-08-01 00:00:00+08:00,3.677246521900289,3.859668731689453,3.542830325462742,3.859668731689453,37484200,0.0,0.0,1961.KL,IOI Corporation
2024-08-01 00:00:00+08:00,4.585509897234318,4.595184190636541,3.492339883398717,3.7535400390625,621039000,0.0,0.0,6742.KL,YTL Power
2024-08-01 00:00:00+08:00,5.573946170843512,5.842108265929234,5.056775959357571,5.564368724822998,132824900,0.1,0.0,5183.KL,PETRONAS Chemicals
2024-08-01 00:00:00+08:00,4.38083610706638,4.40706910520968,4.151301477715438,4.262789726257324,82115700,0.0,0.0,7084.KL,QL Resources
2024-08-01 00:00:00+08:00,4.280774737541744,4.452005563744817,4.014415220951973,4.356877326965332,56821400,0.0,0.0,5285.KL,SD Guthrie
2024-08-01 00:00:00+08:00,5.236104650505994,5.748730683546821,5.098794558028845,5.611420154571533,255627900,0.0,0.0,1066.KL,RHB Bank
2024-08-01 00:00:00+08:00,8.253666244848107,8.253666244848107,7.63744244754472,7.833513736724853,108790300,0.0,0.0,3816.KL,MISC
2024-08-01 00:00:00+08:00,3.584931895211336,3.641387462615967,3.217970482746749,3.641387462615967,137982500,0.0,0.0,6947.KL,Celcomdigi
2024-08-01 00:00:00+08:00,16.44559728736577,20.03036907251948,15.651035886048618,19.476022720336918,14322000,0.0,0.0,5681.KL,PETRONAS Dagangan
2024-08-01 00:00:00+08:00,2.0039435515248045,2.0704252574872,1.8044989997245828,1.9564567804336548,199077700,0.012,0.0,5296.KL,Mr D.I.Y.
2024-08-01 00:00:00+08:00,3.313580260739949,3.428835114822224,2.622050449273183,2.7853283882141118,444399400,0.0,0.0,4677.KL,YTL Corporation
2024-08-01 00:00:00+08:00,19.79188951874729,20.8766385836027,19.06872589538437,20.70536231994629,11068600,0.0,0.0,2445.KL,Kuala Lumpur Kepong
2024-08-01 00:00:00+08:00,2.3330175225987206,2.4496685056968763,2.117662042517574,2.225339889526367,310814300,0.0,0.0,4197.KL,Sime Darby
2024-08-01 00:00:00+08:00,13.305613033495073,13.949127113443636,12.24570568504027,13.854493141174316,204583900,0.0,0.0,5347.KL,Tenaga Nasional
2024-08-01 00:00:00+08:00,6.743724959545176,7.660435685569666,6.226373511667857,7.442603588104248,609175700,0.0,0.0,1023.KL,CIMB
2024-08-01 00:00:00+08:00,16.954832045333962,17.501154339375223,16.578058359201826,17.21857452392578,14830600,0.0,0.0,6033.KL,PETRONAS Gas
2024-08-01 00:00:00+08:00,17.947536831227445,20.00402427499823,17.498847073251117,19.835765838623047,34475700,0.0,0.0,5819.KL,Hong Leong Bank
2024-08-01 00:00:00+08:00,3.9237594205640094,4.510925420942953,3.802598097739778,4.492285251617432,900282000,0.0,0.0,1295.KL,Public Bank
2024-08-01 00:00:00+08:00,9.37561060071782,10.071456925104451,8.936129263108453,9.870027542114258,331276900,0.0,0.0,1155.KL,Maybank
2024-08-01 00:00:00+08:00,105.1507824212796,108.3459749420938,95.25537597742547,102.63336181640624,2323100,0.0,0.0,4707.KL,Nestlé Malaysia
2024-09-01 00:00:00+08:00,102.63335492060736,102.63335492060736,96.82391973642204,100.6968765258789,1331900,0.7,0.0,4707.KL,Nestlé Malaysia
2024-09-01 00:00:00+08:00,2.392446088997172,2.429828024323079,2.252263831525019,2.3550641536712646,124731600,0.0,0.0,6888.KL,Axiata
2024-09-01 00:00:00+08:00,9.87002847130199,10.10808132150382,9.595352172851562,9.595352172851562,325072800,0.29,0.0,1155.KL,Maybank
2024-09-01 00:00:00+08:00,3.5532509000673365,3.682125385113904,3.4519925485442853,3.636098861694336,48460000,0.04,0.0,6012.KL,Maxis
2024-09-01 00:00:00+08:00,7.497062257107764,7.714894360728427,7.224771694788017,7.306458950042725,675793400,0.27,0.0,1023.KL,CIMB
2024-09-01 00:00:00+08:00,13.95985163903677,14.342312953040642,13.271420361970105,13.825989723205566,11746400,0.12,0.0,4065.KL,PPB Group
2024-09-01 00:00:00+08:00,4.836824297424755,4.920058508365764,4.6056185479130365,4.624114990234375,241392600,0.0,0.0,1015.KL,AMMB Holdings
2024-09-01 00:00:00+08:00,4.249673141093818,4.702184652514321,4.236555940847767,4.603812217712402,81040700,0.023333,1.5,7084.KL,QL Resources
2024-09-01 00:00:00+08:00,2.216366543059287,2.270205354485079,2.009984218657333,2.2073934078216557,300791000,0.1,0.0,4197.KL,Sime Darby
2024-09-01 00:00:00+08:00,4.492285967820684,4.510926140117999,4.222003247301227,4.249963283538818,579000000,0.1,0.0,1295.KL,Public Bank
2024-09-01 00:00:00+08:00,1.96780975568056,2.1015445031946864,1.8531801673102348,2.0251245498657227,207524800,0.0,0.0,5296.KL,Mr D.I.Y.
2024-09-01 00:00:00+08:00,4.356877301031632,4.642262463278585,4.204672123090435,4.556646823883057,60854700,0.0,0.0,5285.KL,SD Guthrie
2024-09-01 00:00:00+08:00,13.854493834335582,14.42230040387489,13.64629764091862,13.665224075317385,301495400,0.25,0.0,5347.KL,Tenaga Nasional
2024-09-01 00:00:00+08:00,3.62256882429074,3.62256882429074,3.38733707662681,3.500248432159424,67607900,0.035,0.0,6947.KL,Celcomdigi
2024-09-01 00:00:00+08:00,17.086702418269446,17.293929293478463,16.691089597941552,16.954832077026367,13303300,0.16,0.0,6033.KL,PETRONAS Gas
2024-09-01 00:00:00+08:00,3.6354035530999824,4.080752613589857,3.4320920054133044,3.9113261699676514,383247200,0.0,0.0,5398.KL,Gamuda
2024-09-01 00:00:00+08:00,19.42058935151089,19.42058935151089,16.334729694765002,16.501033782958984,5341900,0.2,0.0,5681.KL,PETRONAS Dagangan
2024-09-01 00:00:00+08:00,6.139453553233614,7.099049186020306,6.139453553233614,7.010922908782959,220794100,0.045,0.0,5225.KL,IHH Healthcare
2024-09-01 00:00:00+08:00,3.792236313000551,3.92767319238037,3.192443726660656,3.54071044921875,380820400,0.0,0.0,6742.KL,YTL Power
2024-09-01 00:00:00+08:00,7.833512621665604,7.917542398993368,7.273308763630259,7.2826457023620605,88102200,0.08,0.0,3816.KL,MISC
2024-09-01 00:00:00+08:00,19.910547570838855,20.45271266406287,19.461859586707448,20.153587341308597,52871100,0.0,0.0,5819.KL,Hong Leong Bank
2024-09-01 00:00:00+08:00,6.344935574653561,6.438795475671656,6.110285598328669,6.307391166687012,147034200,0.125,0.0,4863.KL,Telekom Malaysia
2024-09-01 00:00:00+08:00,4.866019639488467,5.110789249393261,4.278572669089159,4.954136848449707,190901100,0.0175,0.0,8869.KL,Press Metal
2024-09-01 00:00:00+08:00,20.70536054694463,20.724391644589154,19.411274945602663,19.544490814208984,14369700,0.0,0.0,2445.KL,Kuala Lumpur Kepong
2024-09-01 00:00:00+08:00,3.830865362073269,3.840466519214921,3.5908362046223363,3.61003851890564,40705700,0.05,0.0,1961.KL,IOI Corporation
2024-09-01 00:00:00+08:00,2.814142124356083,2.9678152643677462,2.237867162339221,2.410749673843384,548617900,0.0,0.0,4677.KL,YTL Corporation
2024-09-01 00:00:00+08:00,5.61142090823946,5.812809391019662,5.501572644904805,5.657190799713135,176017600,0.15,0.0,1066.KL,RHB Bank
2024-09-01 00:00:00+08:00,4.016433441490713,4.349503688985835,3.761732787643386,4.1143951416015625,309042200,0.02,0.0,5211.KL,Sunway
2024-09-01 00:00:00+08:00,5.699609395197015,5.70935254039671,5.192977459281253,5.495007991790772,75093000,0.0,0.0,5183.KL,PETRONAS Chemicals
2024-10-01 00:00:00+08:00,9.875445365905762,10.063548907771422,9.781393146498711,9.875445365905762,189655600,0.0,0.0,1155.KL,Maybank
2024-10-01 00:00:00+08:00,2.4107496693047508,2.439563383002691,1.8728932222944492,1.9113115072250368,507228300,0.0,0.0,4677.KL,YTL Corporation
2024-10-01 00:00:00+08:00,4.971857203426273,5.060289597104872,4.608302536017858,4.667257308959961,123015900,0.0,0.0,8869.KL,Press Metal
2024-10-01 00:00:00+08:00,2.310680110642937,2.366809937693348,2.170355319976806,2.170355319976806,169820100,0.0,0.0,4197.KL,Sime Darby
2024-10-01 00:00:00+08:00,3.5427228183496697,3.5617186329428607,3.2387895584106445,3.2387895584106445,62652800,0.0,0.0,6947.KL,Celcomdigi
2024-10-01 00:00:00+08:00,14.079165282538549,14.329889438246989,13.461996078491213,13.461996078491213,12558300,0.0,0.0,4065.KL,PPB Group
2024-10-01 00:00:00+08:00,16.775081634521484,17.50281108538852,16.49518665008819,16.775081634521484,9295400,0.0,0.0,5681.KL,PETRONAS Dagangan
2024-10-01 00:00:00+08:00,4.624115338495953,4.892313992849518,4.5593775650006085,4.716597557067871,131043900,0.0,0.0,1015.KL,AMMB Holdings
2024-10-01 00:00:00+08:00,3.6671414375305176,3.725504375867255,3.60877849919378,3.6671414375305176,49488900,0.0,0.0,1961.KL,IOI Corporation
2024-10-01 00:00:00+08:00,3.6649719448603792,3.702179745839512,3.367309093475342,3.367309093475342,69354200,0.0,0.0,6012.KL,Maxis
2024-10-01 00:00:00+08:00,7.536458101267008,7.799249323359497,7.358136317402237,7.498916625976562,496200000,0.0,0.0,1023.KL,CIMB
2024-10-01 00:00:00+08:00,7.371863785381935,7.51326745947284,7.023066827293435,7.08905553817749,51274200,0.0,0.0,3816.KL,MISC
2024-10-01 00:00:00+08:00,20.07880676650476,20.32184654612395,18.938390984840225,19.16273498535156,35034000,0.43,0.0,5819.KL,Hong Leong Bank
2024-10-01 00:00:00+08:00,6.428780556751187,6.457480671563077,6.122648431679561,6.208747863769531,125681800,0.0,0.0,4863.KL,Telekom Malaysia
2024-10-01 00:00:00+08:00,3.540710371101908,3.6471250596954223,2.902221547597281,3.008636236190796,276983300,0.0,0.0,6742.KL,YTL Power
2024-10-01 00:00:00+08:00,5.553466033159556,5.689867292333252,5.280664443969727,5.280664443969727,57317000,0.0,0.0,5183.KL,PETRONAS Chemicals
2024-10-01 00:00:00+08:00,5.804548140714561,6.123376450133496,5.720152306540264,6.010848522186279,162535800,0.0,0.0,1066.KL,RHB Bank
2024-10-01 00:00:00+08:00,4.085149622157534,4.48874255788057,4.045774724496057,4.301711559295654,162997200,0.0,0.0,5211.KL,Sunway
2024-10-01 00:00:00+08:00,2.201561889554215,2.496413880213004,2.1622483220433564,2.319502592086792,441184500,0.0,0.0,5326.KL,99 Speed Mart
2024-10-01 00:00:00+08:00,4.57843705294487,4.815764011395361,4.558659806407329,4.746543884277344,67409100,0.0,0.0,7084.KL,QL Resources
2024-10-01 00:00:00+08:00,19.54449098560709,20.743421109240607,19.54449098560709,20.362808227539062,9446600,0.0,0.0,2445.KL,Kuala Lumpur Kepong
2024-10-01 00:00:00+08:00,7.055327066481776,7.449479518937645,7.006058303591184,7.144011497497559,151799700,0.0,0.0,5225.KL,IHH Healthcare
2024-10-01 00:00:00+08:00,17.10454554937102,17.199571164915657,16.420364379882812,16.420364379882812,11623200,0.0,0.0,6033.KL,PETRONAS Gas
2024-10-01 00:00:00+08:00,13.87885167973694,14.16759357495696,13.359116635494974,13.51311206817627,213002100,0.0,0.0,5347.KL,Tenaga Nasional
2024-10-01 00:00:00+08:00,4.330869178417356,4.416534410381544,4.092909343424586,4.207129955291748,546758300,0.0,0.0,1295.KL,Public Bank
2024-10-01 00:00:00+08:00,4.499569578269256,4.613723454015583,4.328338764649766,4.375902652740479,50385600,0.0465,0.0,5285.KL,SD Guthrie
2024-10-01 00:00:00+08:00,3.911326243752673,4.284064242093053,3.741900027759295,4.134000778198242,496460200,0.0,0.0,5398.KL,Gamuda
2024-10-01 00:00:00+08:00,2.355064084596978,2.355064084596978,2.102735805734009,2.112081289291382,87909100,0.05,0.0,6888.KL,Axiata
2024-10-01 00:00:00+08:00,2.0155717233312136,2.1397539829161296,1.9200470834572056,2.091991662979126,308907900,0.0,0.0,5296.KL,Mr D.I.Y.
2024-10-01 00:00:00+08:00,102.35205610191674,103.32683758860166,96.69832050434718,97.45865631103516,880100,0.0,0.0,4707.KL,Nestlé Malaysia
2024-11-01 00:00:00+08:00,2.161000197123598,2.2358401843113174,2.067450491939062,2.1329352855682373,158127700,0.0,0.0,4197.KL,Sime Darby
2024-11-01 00:00:00+08:00,97.77057922369404,99.23275135104542,89.69938283364098,94.26136016845705,1629500,0.35,0.0,4707.KL,Nestlé Malaysia
2024-11-01 00:00:00+08:00,6.1417819060923975,6.352247749501421,6.017415497809724,6.074815273284912,111143300,0.0,0.0,4863.KL,Telekom Malaysia
2024-11-01 00:00:00+08:00,4.618127394278154,4.794992154713256,4.284050398458946,4.559172630310059,134499300,0.0,0.0,8869.KL,Press Metal
2024-11-01 00:00:00+08:00,13.436114136378425,13.955849172286085,12.531390524941074,13.147372245788574,212918000,0.0,0.0,5347.KL,Tenaga Nasional
2024-11-01 00:00:00+08:00,3.0376587076872745,3.3859251979961056,2.7377623005723963,3.2891845703125,283976300,0.04,0.0,6742.KL,YTL Power
2024-11-01 00:00:00+08:00,16.420362360196496,17.0665324790035,16.363345910404956,16.952503204345703,17854600,0.0,0.0,6033.KL,PETRONAS Gas
2024-11-01 00:00:00+08:00,1.911311410542836,2.1898441911912694,1.6423832006412094,1.9977525472640991,473853800,0.045,0.0,4677.KL,YTL Corporation
2024-11-01 00:00:00+08:00,9.875444148109365,10.00711705965222,9.42399570330242,9.59328842163086,243687300,0.0,0.0,1155.KL,Maybank
2024-11-01 00:00:00+08:00,3.229291678372371,3.438245640661242,3.086822841272894,3.400254011154175,93681200,0.0,0.0,6947.KL,Celcomdigi
2024-11-01 00:00:00+08:00,5.280663985166912,5.329378318143232,4.38431505512074,4.540201663970947,167013900,0.0,0.0,5183.KL,PETRONAS Chemicals
2024-11-01 00:00:00+08:00,2.2998458708555765,2.378473242342225,2.1425915965369846,2.3096742630004883,246422600,0.0,0.0,5326.KL,99 Speed Mart
2024-11-01 00:00:00+08:00,6.001471230765393,6.40469491210194,5.945207492472696,6.339054107666016,150345900,0.0,0.0,1066.KL,RHB Bank
2024-11-01 00:00:00+08:00,4.3017112461101625,5.020303780193787,4.203274009123181,4.774210453033447,290720500,0.0,0.0,5211.KL,Sunway
2024-11-01 00:00:00+08:00,13.423423585584093,14.002019794480413,12.536243222424838,12.651962280273438,12118600,0.0,0.0,4065.KL,PPB Group
2024-11-01 00:00:00+08:00,4.667434367433281,4.845430055541523,4.568548135999116,4.8157639503479,61538400,0.0,0.0,7084.KL,QL Resources
2024-11-01 00:00:00+08:00,20.4389313870433,21.561740781277905,19.03066277711416,19.848981857299805,17930000,0.0,0.0,2445.KL,Kuala Lumpur Kepong
2024-11-01 00:00:00+08:00,7.094742544621951,7.262257378763972,6.897666545552659,7.153865814208984,184523600,0.0,0.0,5225.KL,IHH Healthcare
2024-11-01 00:00:00+08:00,4.7165969505104846,5.095774659377859,4.670356067666134,4.984795570373535,160211600,0.0,0.0,1015.KL,AMMB Holdings
2024-11-01 00:00:00+08:00,3.6768686051001658,3.968683529584871,3.6574142922620982,3.696322917938232,48188000,0.0,0.0,1961.KL,IOI Corporation
2024-11-01 00:00:00+08:00,2.0728868925468857,2.1588590749675096,1.6907878485133327,1.7289977073669434,267724400,0.01,0.0,5296.KL,Mr D.I.Y.
2024-11-01 00:00:00+08:00,19.14610676885543,19.986016781587303,19.10793003397873,19.73786163330078,22356900,0.0,0.0,5819.KL,Hong Leong Bank
2024-11-01 00:00:00+08:00,16.8310610607027,18.47311414901285,16.15931029050156,18.286518096923828,6736400,0.0,0.0,5681.KL,PETRONAS Dagangan
2024-11-01 00:00:00+08:00,3.320798877867629,3.469630282747417,3.190571592651777,3.2277793884277344,107648300,0.04,0.0,6012.KL,Maxis
2024-11-01 00:00:00+08:00,4.428679481640095,4.985866832416079,4.428679481640095,4.620812892913818,101010600,0.0,0.0,5285.KL,SD Guthrie
2024-11-01 00:00:00+08:00,7.098482846042536,7.579256337477436,6.815674592602246,6.83452844619751,62865700,0.08,0.0,3816.KL,MISC
2024-11-01 00:00:00+08:00,4.090433468927958,4.540623345883122,4.071070488287407,4.308267116546631,356994400,0.0,0.0,5398.KL,Gamuda
2024-11-01 00:00:00+08:00,4.188093178352822,4.292795632626542,4.159537798506402,4.254721641540527,361201500,0.0,0.0,1295.KL,Public Bank
2024-11-01 00:00:00+08:00,7.320594793214199,7.9494151714235075,7.2830533181745105,7.742936611175537,455754300,0.0,0.0,1023.KL,CIMB
2024-11-01 00:00:00+08:00,2.145648769072341,2.3363731495732183,2.0979677307874027,2.231474637985229,76321900,0.0,0.0,6888.KL,Axiata
2024-12-01 00:00:00+08:00,1.7287397219392364,1.8151767423831715,1.70953152061612,1.7767603397369385,163808600,0.0,0.0,5296.KL,Mr D.I.Y.
2024-12-01 00:00:00+08:00,4.975547671953716,5.225249855587602,4.873817022031775,5.068029880523682,143021400,0.103,0.0,1015.KL,AMMB Holdings
2024-12-01 00:00:00+08:00,18.025279998779297,19.77929377652587,17.745385054014612,18.025279998779297,6725700,0.24,0.0,5681.KL,PETRONAS Dagangan
2024-12-01 00:00:00+08:00,4.245203967330278,4.407016745840781,4.245203967330278,4.34038782119751,369701800,0.0,0.0,1295.KL,Public Bank
2024-12-01 00:00:00+08:00,3.311096246361129,4.32989501953125,3.271911480536079,4.32989501953125,394840800,0.0,0.0,6742.KL,YTL Power
2024-12-01 00:00:00+08:00,7.752321816363749,7.827404762691686,7.451989583522339,7.696009159088135,320798400,0.0,0.0,1023.KL,CIMB
2024-12-01 00:00:00+08:00,9.593289212901835,9.668530626575702,9.367564971880242,9.63090991973877,195176200,0.0,0.0,1155.KL,Maybank
2024-12-01 00:00:00+08:00,17.00951952938407,17.161559785655218,16.154292634743175,16.800464630126953,12975200,0.18,0.0,6033.KL,PETRONAS Gas
2024-12-01 00:00:00+08:00,4.774210795371386,4.823429652087033,4.380461349803623,4.715148448944092,188508200,0.0,0.0,5211.KL,Sunway
2024-12-01 00:00:00+08:00,2.042589875851509,2.739820136893643,1.9738489334493272,2.621978521347046,530898100,0.0,0.0,4677.KL,YTL Corporation
2024-12-01 00:00:00+08:00,4.640025732749532,4.88979959850289,4.620812393697899,4.755305767059326,59219900,0.0,0.0,5285.KL,SD Guthrie
2024-12-01 00:00:00+08:00,4.540201530391862,5.046833458827955,4.530458849914737,5.03709077835083,78943300,0.0,0.0,5183.KL,PETRONAS Chemicals
2024-12-01 00:00:00+08:00,3.292368874683932,3.461690765321773,3.2265215599872064,3.4334704875946045,48347300,0.0,0.0,6012.KL,Maxis
2024-12-01 00:00:00+08:00,2.3096742274590376,2.5848696719365485,2.3096742274590376,2.427615165710449,259726100,0.0,0.0,5326.KL,99 Speed Mart
2024-12-01 00:00:00+08:00,4.313108142523523,4.743935055360007,4.313108142523523,4.589030742645264,366917100,0.0,2.0,5398.KL,Gamuda
2024-12-01 00:00:00+08:00,12.709822598609325,12.786968639175573,11.20547296826082,11.957647323608398,12811900,0.0,0.0,4065.KL,PPB Group
2024-12-01 00:00:00+08:00,6.282790311920232,6.292167825789545,5.888944119442966,6.0764899253845215,122043700,0.0,0.0,1066.KL,RHB Bank
2024-12-01 00:00:00+08:00,13.24361961996912,14.475583958280035,12.800882306811031,14.3793363571167,169291500,0.0,0.0,5347.KL,Tenaga Nasional
2024-12-01 00:00:00+08:00,95.55344471822674,98.5076941181132,92.97091979043394,97.80337524414062,1192800,0.0,0.0,4707.KL,Nestlé Malaysia
2024-12-01 00:00:00+08:00,6.917153010817385,7.269679972485439,6.907625034076603,7.241096496582031,48919600,0.0,0.0,3816.KL,MISC
2024-12-01 00:00:00+08:00,19.737861097678454,19.814216385813527,18.9933956730213,19.623327255249023,19815200,0.0,0.0,5819.KL,Hong Leong Bank
2024-12-01 00:00:00+08:00,2.1329355799099763,2.273260380091472,2.1048706644817017,2.207775354385376,154517100,0.0,0.0,4197.KL,Sime Darby
2024-12-01 00:00:00+08:00,3.715777188211842,3.861684764739665,3.647687094058584,3.774140357971192,30206900,0.0,0.0,1961.KL,IOI Corporation
2024-12-01 00:00:00+08:00,4.815763906145887,4.845430011067215,4.647657078487421,4.706989288330078,29229000,0.0,0.0,7084.KL,QL Resources
2024-12-01 00:00:00+08:00,2.231474803242288,2.374518156051636,2.193329969789433,2.374518156051636,99884500,0.0,0.0,6888.KL,Axiata
2024-12-01 00:00:00+08:00,3.4002541423425714,3.533225077195558,3.3337687881400693,3.4382457733154297,59337700,0.036,0.0,6947.KL,Celcomdigi
2024-12-01 00:00:00+08:00,6.113081686555934,6.534013822405458,6.103515285558803,6.361814498901367,73375300,0.0,0.0,4863.KL,Telekom Malaysia
2024-12-01 00:00:00+08:00,4.627953993503487,4.991508650425033,4.5886508126758,4.81464433670044,100398200,0.0175,0.0,8869.KL,Press Metal
2024-12-01 00:00:00+08:00,19.982195774820163,20.81954413253996,19.982195774820163,20.74342155456543,5796400,0.0,0.0,2445.KL,Kuala Lumpur Kepong
2024-12-01 00:00:00+08:00,7.1735735733616375,7.380503142044889,6.868105063223791,7.193281173706055,144139800,0.0,0.0,5225.KL,IHH Healthcare
2025-01-01 00:00:00+08:00,2.326836954244537,2.33637316195205,2.0788953264880616,2.1170401573181152,85248600,0.0,0.0,6888.KL,Axiata
2025-01-01 00:00:00+08:00,4.706989020660026,4.7366546523676325,4.44988436438496,4.519104957580566,43656000,0.0,0.0,7084.KL,QL Resources
2025-01-01 00:00:00+08:00,1.776760277611343,1.8247807792400657,1.5654698414651491,1.613490343093872,124815600,0.0,0.0,5296.KL,Mr D.I.Y.
2025-01-01 00:00:00+08:00,4.330869159197895,4.340387316541736,4.073872556701094,4.1024274826049805,260477700,0.0,0.0,1295.KL,Public Bank
2025-01-01 00:00:00+08:00,3.764413312647134,3.783867858948149,3.589324483161491,3.618505954742432,57563200,0.0,0.0,1961.KL,IOI Corporation
2025-01-01 00:00:00+08:00,18.29398205974053,19.31346090826377,17.746484192949616,18.52053451538086,3500900,0.0,0.0,5681.KL,PETRONAS Dagangan
2025-01-01 00:00:00+08:00,11.938361447508669,12.131226551738742,11.263333122876723,11.533344268798828,7581600,0.0,0.0,4065.KL,PPB Group
2025-01-01 00:00:00+08:00,20.476993181230625,20.72439201025858,18.935508728027344,18.935508728027344,6124600,0.4,0.0,2445.KL,Kuala Lumpur Kepong
2025-01-01 00:00:00+08:00,9.59328931075058,9.781392846853844,9.4616172839525,9.72496223449707,177064100,0.0,0.0,1155.KL,Maybank
2025-01-01 00:00:00+08:00,7.183426565582549,7.222841763127254,6.937081345995037,7.05532693862915,88312200,0.0,0.0,5225.KL,IHH Healthcare
2025-01-01 00:00:00+08:00,4.715148229759889,4.764367084187592,3.937493333871191,4.282023906707764,257840700,0.0,0.0,5211.KL,Sunway
2025-01-01 00:00:00+08:00,97.82294327920997,98.11641509436691,88.02108764648438,88.02108764648438,811500,0.0,0.0,4707.KL,Nestlé Malaysia
2025-01-01 00:00:00+08:00,7.69600908661139,7.72416496745438,7.348750239350141,7.527072906494141,236203400,0.0,0.0,1023.KL,CIMB
2025-01-01 00:00:00+08:00,16.918466124345688,17.22572513335945,16.227131522656567,16.515188217163086,7589100,0.0,0.0,6033.KL,PETRONAS Gas
2025-01-01 00:00:00+08:00,19.623327737972957,19.699683027986325,18.97430686263246,19.27972984313965,14094600,0.0,0.0,5819.KL,Hong Leong Bank
2025-01-01 00:00:00+08:00,2.207775242472432,2.207775242472432,1.9739007360518728,2.104870557785034,169181400,0.0,0.0,4197.KL,Sime Darby
2025-01-01 00:00:00+08:00,3.462436595754358,3.6350789327319935,3.452845367515207,3.59671401977539,41446000,0.0,0.0,6947.KL,Celcomdigi
2025-01-01 00:00:00+08:00,7.24109647656718,7.307790950611493,6.707542047169487,6.898097038269043,35753100,0.0,0.0,3816.KL,MISC
2025-01-01 00:00:00+08:00,6.076490158146358,6.085867225230391,5.87956683079228,6.029603481292725,79443500,0.0,0.0,1066.KL,RHB Bank
2025-01-01 00:00:00+08:00,4.755305505277257,4.880192431278846,4.486318773362265,4.659238815307617,45175100,0.0,0.0,5285.KL,SD Guthrie
2025-01-01 00:00:00+08:00,6.3713808300858,6.505314091960968,5.940882297956217,6.313981056213379,93480900,0.0,0.0,4863.KL,Telekom Malaysia
2025-01-01 00:00:00+08:00,4.60839446536481,5.208647386320755,3.727377604839232,3.9113261699676514,903450000,0.0,0.0,5398.KL,Gamuda
2025-01-01 00:00:00+08:00,3.4334706564569304,3.4710976952770323,3.2735555171966557,3.2735555171966557,40691000,0.0,0.0,6012.KL,Maxis
2025-01-01 00:00:00+08:00,4.791947346452586,5.10746620372671,4.594747590496075,4.821527004241943,102405200,0.0,0.0,8869.KL,Press Metal
2025-01-01 00:00:00+08:00,2.437443445615853,2.447271837157557,2.1425914650374094,2.181905031204224,165741300,0.0,0.0,5326.KL,99 Speed Mart
2025-01-01 00:00:00+08:00,4.3298949359576975,4.457244896925032,2.870269735842426,3.066192626953125,600881700,0.0,0.0,6742.KL,YTL Power
2025-01-01 00:00:00+08:00,5.017605566472983,5.017605566472983,4.433030264411199,4.530459403991699,60171300,0.0,0.0,5183.KL,PETRONAS Chemicals
2025-01-01 00:00:00+08:00,2.621978625862289,2.7300001110858707,1.7676259425720149,1.87564754486084,683328900,0.0,0.0,4677.KL,YTL Corporation
2025-01-01 00:00:00+08:00,5.163165097392434,5.342179998948784,5.031259545975987,5.313914299011231,85837100,0.0,0.0,1015.KL,AMMB Holdings
2025-01-01 00:00:00+08:00,14.37933659054466,14.37933659054466,12.589138339349432,13.089624404907228,182330100,0.0,0.0,5347.KL,Tenaga Nasional
2025-02-01 00:00:00+08:00,12.974126914482223,13.474612980040018,12.666136054375992,13.089624404907228,108430800,0.0,0.0,5347.KL,Tenaga Nasional
2025-02-01 00:00:00+08:00,3.5679401335932277,3.7981298270080455,3.174699340646649,3.5391664505004883,63845100,0.0,0.0,6947.KL,Celcomdigi
2025-02-01 00:00:00+08:00,4.611206081792952,4.870586395263672,4.57277940261819,4.870586395263672,47780100,0.0,0.0,5285.KL,SD Guthrie
2025-02-01 00:00:00+08:00,18.16182866497636,20.10638988095677,17.991915216892362,18.12407112121582,6563400,0.0,0.0,5681.KL,PETRONAS Dagangan
2025-02-01 00:00:00+08:00,1.6134903293915497,1.632698644369822,1.3061588925978764,1.325367093086243,265888800,0.0,0.0,5296.KL,Mr D.I.Y.
2025-02-01 00:00:00+08:00,3.872600051861508,4.608394283307146,3.84355557917154,4.221134185791016,473017900,0.05,0.0,5398.KL,Gamuda
2025-02-01 00:00:00+08:00,16.457576324785727,17.20652155763133,16.457576324785727,16.80324363708496,10990300,0.0,0.0,6033.KL,PETRONAS Gas
2025-02-01 00:00:00+08:00,2.1048704505327187,2.1797102174010505,2.020675712805845,2.0487406253814697,123681400,0.0,0.0,4197.KL,Sime Darby
2025-02-01 00:00:00+08:00,7.055326924738968,7.341087341308594,7.015911727271862,7.341087341308594,94995100,0.0,0.0,5225.KL,IHH Healthcare
2025-02-01 00:00:00+08:00,4.7820869239304695,5.206066073848206,4.7426470686116335,4.979286670684815,112237100,0.0,0.0,8869.KL,Press Metal
2025-02-01 00:00:00+08:00,4.262336725834071,4.7151485251471685,4.232805786836067,4.537961483001709,147690500,0.0,0.0,5211.KL,Sunway
2025-02-01 00:00:00+08:00,4.510972981067075,4.510972981067075,3.517194726980832,3.624366998672485,154263100,0.0,0.0,5183.KL,PETRONAS Chemicals
2025-02-01 00:00:00+08:00,2.181905248028795,2.299845958249473,1.9558519857784675,2.073792695999145,173062200,0.0,0.0,5326.KL,99 Speed Mart
2025-02-01 00:00:00+08:00,2.9584349687069853,3.43844595282478,2.929046569706904,3.105377197265625,270803100,0.0,0.0,6742.KL,YTL Power
2025-02-01 00:00:00+08:00,5.285649078789843,5.596569533553705,5.182008777445868,5.426976680755615,120127300,0.0,0.0,1015.KL,AMMB Holdings
2025-02-01 00:00:00+08:00,1.8265468141961023,2.091690802875008,1.7872662753097044,1.8560072183609009,342529700,0.0,0.0,4677.KL,YTL Corporation
2025-02-01 00:00:00+08:00,19.184286288846927,20.463238829466977,19.184286288846927,20.4250602722168,14571200,0.0,0.0,5819.KL,Hong Leong Bank
2025-02-01 00:00:00+08:00,6.898096666090115,7.183929591636597,6.736125159553948,6.955263614654541,35283900,0.0,0.0,3816.KL,MISC
2025-02-01 00:00:00+08:00,9.706151348078665,10.11998002085862,9.63090993429111,10.082359313964844,184805100,0.0,0.0,1155.KL,Maybank
2025-02-01 00:00:00+08:00,6.029603071859786,6.479713439941406,6.001471425373444,6.479713439941406,94008600,0.0,0.0,1066.KL,RHB Bank
2025-02-01 00:00:00+08:00,19.317660400815296,21.06498761163579,19.240001537103275,20.01659202575684,6709100,0.0,0.0,2445.KL,Kuala Lumpur Kepong
2025-02-01 00:00:00+08:00,11.436911399705185,11.47548442103298,9.971135669595578,10.356865882873535,9569500,0.0,0.0,4065.KL,PPB Group
2025-02-01 00:00:00+08:00,6.247014878922879,6.744480041788913,6.218314763911847,6.534013748168945,101789300,0.0,0.0,4863.KL,Telekom Malaysia
2025-02-01 00:00:00+08:00,3.264148905670384,3.358216506990915,3.198301584746011,3.25474214553833,35502000,0.0,0.0,6012.KL,Maxis
2025-02-01 00:00:00+08:00,87.94282378126104,89.99710401058212,82.05387866546957,82.60169219970703,1053000,0.0,0.0,4707.KL,Nestlé Malaysia
2025-02-01 00:00:00+08:00,4.073872591981018,4.349905965428326,4.064353980682381,4.311832427978516,303818300,0.0,0.0,1295.KL,Public Bank
2025-02-01 00:00:00+08:00,7.508301637297629,7.902487544860499,7.329979419708252,7.329979419708252,435680700,0.0,0.0,1023.KL,CIMB
2025-02-01 00:00:00+08:00,4.499327961268892,4.825652757248176,4.499327961268892,4.795986652374268,36980800,0.0,0.0,7084.KL,QL Resources
2025-02-01 00:00:00+08:00,2.117040222489982,2.174257470496462,1.8786347951018456,1.9930692911148071,110853500,0.0,0.0,6888.KL,Axiata
2025-02-01 00:00:00+08:00,3.6087785482747545,3.783867597579956,3.589324235231255,3.783867597579956,34459700,0.0,0.0,1961.KL,IOI Corporation
2025-03-01 00:00:00+08:00,7.341087849697725,7.341087849697725,6.621759741308407,6.818836212158203,143368800,0.055,0.0,5225.KL,IHH Healthcare
2025-03-01 00:00:00+08:00,6.4609592195528025,6.601618801247735,6.235904246556497,6.4140729904174805,201867200,0.28,0.0,1066.KL,RHB Bank
2025-03-01 00:00:00+08:00,3.25474206804432,3.301775867584731,2.9255050227117465,3.188894748687744,54869100,0.05,0.0,6012.KL,Maxis
2025-03-01 00:00:00+08:00,3.481619078783515,3.5103927618305395,3.165108107920437,3.3377504348754883,57849200,0.037,0.0,6947.KL,Celcomdigi
2025-03-01 00:00:00+08:00,4.8513727167901415,4.8513727167901415,4.52474550853862,4.716878890991211,67000300,0.0,0.0,5285.KL,SD Guthrie
2025-03-01 00:00:00+08:00,82.62124775591144,82.62124775591144,60.45457143769987,72.68244171142578,4093000,0.0,0.0,4707.KL,Nestlé Malaysia
2025-03-01 00:00:00+08:00,7.414447649135095,7.592769859336061,6.3726707148156105,6.569763660430908,692522100,0.2,0.0,1023.KL,CIMB
2025-03-01 00:00:00+08:00,2.0393856113943523,2.0768054940371687,1.8148660924973583,2.067450523376465,194408000,0.04,0.0,4197.KL,Sime Darby
2025-03-01 00:00:00+08:00,5.408132548761159,5.455241898890072,5.012415894604146,5.276226997375488,127252800,0.0,0.0,1015.KL,AMMB Holdings
2025-03-01 00:00:00+08:00,20.42505886410545,20.42505886410545,19.050661845565216,19.222461700439453,25445400,0.28,0.0,5819.KL,Hong Leong Bank
2025-03-01 00:00:00+08:00,6.955264231132432,7.069597229757333,6.536042781855509,6.831403255462647,45417300,0.12,0.0,3816.KL,MISC
2025-03-01 00:00:00+08:00,4.795986662487284,4.845430013539142,4.5685480963968725,4.6179914474487305,53673600,0.025,0.0,7084.KL,QL Resources
2025-03-01 00:00:00+08:00,10.044738099616856,10.10116870863248,9.49923742874125,9.518047332763672,239382800,0.32,0.0,1155.KL,Maybank
2025-03-01 00:00:00+08:00,3.764412953757937,3.764412953757937,3.4920523463882467,3.550415515899658,40560700,0.05,0.0,1961.KL,IOI Corporation
2025-03-01 00:00:00+08:00,4.288467060080215,4.3080490822639135,3.642259627709792,4.112228393554688,503599000,0.0,0.0,5398.KL,Gamuda
2025-03-01 00:00:00+08:00,18.029673267552585,18.14294769117179,15.197787470569388,17.255624771118164,10062600,0.45,0.0,5681.KL,PETRONAS Dagangan
2025-03-01 00:00:00+08:00,1.3445752821615573,1.421408197952754,1.229325965719715,1.3541793823242188,290455600,0.018,0.0,5296.KL,Mr D.I.Y.
2025-03-01 00:00:00+08:00,4.979286353371765,5.068025787104003,4.683486987170621,4.969426155090332,139267800,0.0175,0.0,8869.KL,Press Metal
2025-03-01 00:00:00+08:00,4.311832409772829,4.473644716315126,4.102427500810667,4.207129955291748,427537800,0.11,0.0,1295.KL,Public Bank
2025-03-01 00:00:00+08:00,10.434010931204009,11.359764274503386,10.279718860596324,11.08975315093994,14713800,0.0,0.0,4065.KL,PPB Group
2025-03-01 00:00:00+08:00,19.977760510755697,20.870838317471627,19.570051037004223,20.0942497253418,11916000,0.0,0.0,2445.KL,Kuala Lumpur Kepong
2025-03-01 00:00:00+08:00,6.534013699670663,6.600980330084115,6.103515170910484,6.266148090362549,118179300,0.185,0.0,4863.KL,Telekom Malaysia
2025-03-01 00:00:00+08:00,1.97399676883478,1.97399676883478,1.6020843357743222,1.7069827318191528,240061600,0.0,0.0,6888.KL,Axiata
2025-03-01 00:00:00+08:00,16.803243419392654,16.937668780697173,15.747039181034904,16.207927703857422,23625000,0.22,0.0,6033.KL,PETRONAS Gas
2025-03-01 00:00:00+08:00,4.537961482410638,4.636398728034182,4.085149683156518,4.46905517578125,202850200,0.04,0.0,5211.KL,Sunway
2025-03-01 00:00:00+08:00,3.614624171581693,3.741282039328688,3.4782231586417147,3.52693772315979,76866500,0.03,0.0,5183.KL,PETRONAS Chemicals
2025-03-01 00:00:00+08:00,1.8461871004962236,2.072050318220533,1.718525230884552,1.9640288352966309,353822000,0.0,0.0,4677.KL,YTL Corporation
2025-03-01 00:00:00+08:00,3.0857848507002843,3.3894651993307123,2.8898619622567665,3.262115240097046,221436100,0.0,0.0,6742.KL,YTL Power
2025-03-01 00:00:00+08:00,12.935628881116395,13.339867369703024,12.473642561523237,12.877881050109863,115057900,0.26,0.0,5347.KL,Tenaga Nasional
2025-03-01 00:00:00+08:00,2.0737926620606704,2.093449681103116,1.916538384339964,2.0049939155578613,217724800,0.0,0.0,5326.KL,99 Speed Mart
2025-04-01 00:00:00+08:00,11.08975413370683,11.996220588684082,10.12542768729754,11.996220588684082,9122200,0.0,0.0,4065.KL,PPB Group
2025-04-01 00:00:00+08:00,1.3727580114516538,1.6550983972843143,1.285135241146257,1.6356265544891355,226299000,0.0,0.0,5296.KL,Mr D.I.Y.
2025-04-01 00:00:00+08:00,3.2363484246773075,3.551391109096313,2.988132928065793,3.541844367980957,48443600,0.0,0.0,6012.KL,Maxis
2025-04-01 00:00:00+08:00,4.642529351161979,4.871176422226666,4.453646946888349,4.771764755249023,48394100,0.0,0.0,7084.KL,QL Resources
2025-04-01 00:00:00+08:00,2.107209341643854,2.107209341643854,1.8020930121351229,1.983255743980408,136899900,0.0,0.0,4197.KL,Sime Darby
2025-04-01 00:00:00+08:00,2.004993795413712,2.2212186486503165,1.8870529770268072,2.211390256881714,117020500,0.0,0.0,5326.KL,99 Speed Mart
2025-04-01 00:00:00+08:00,4.112228415294937,4.219929771310788,3.4072751460826365,4.151392459869385,463761900,0.0,0.0,5398.KL,Gamuda
2025-04-01 00:00:00+08:00,4.716879544487471,4.784126466703607,4.246152463221063,4.563172817230225,48451600,0.0,0.0,5285.KL,SD Guthrie
2025-04-01 00:00:00+08:00,9.815486185590206,10.02886658146638,9.03955823011338,9.689397811889648,242595400,0.0,0.0,1155.KL,Maybank
2025-04-01 00:00:00+08:00,72.68244023311043,86.18200014301257,67.30217906402761,85.10594940185547,3987200,0.74,0.0,4707.KL,Nestlé Malaysia
2025-04-01 00:00:00+08:00,1.7069827718253634,2.02167785365474,1.5544033347662547,2.002605438232422,176618700,0.05,0.0,6888.KL,Axiata
2025-04-01 00:00:00+08:00,6.756140718398052,6.910566644689256,5.993662016996888,6.871960163116455,483613500,0.0,0.0,1023.KL,CIMB
2025-04-01 00:00:00+08:00,6.944787329608962,7.274107933044434,6.29583224018471,7.274107933044434,33709800,0.0,0.0,3816.KL,MISC
2025-04-01 00:00:00+08:00,6.684545570224911,6.76272731345562,5.932045592629412,6.498863697052002,197608200,0.0,0.0,1066.KL,RHB Bank
2025-04-01 00:00:00+08:00,19.4897049521417,19.79937227219658,17.825242183965294,19.334871292114254,25095200,0.0,0.0,5819.KL,Hong Leong Bank
2025-04-01 00:00:00+08:00,3.2621153310051616,3.3698730277532736,2.791900479060136,3.35028076171875,201514900,0.0,0.0,6742.KL,YTL Power
2025-04-01 00:00:00+08:00,1.9640288444267204,2.0033093838543774,1.6497841778097388,1.8854676485061648,315406800,0.0,0.0,4677.KL,YTL Corporation
2025-04-01 00:00:00+08:00,3.555611887935545,3.604722738265991,2.701086464347393,3.604722738265991,110219800,0.0,0.0,5183.KL,PETRONAS Chemicals
2025-04-01 00:00:00+08:00,20.09425011389572,20.327226696039634,17.803310945513932,19.045854568481445,7885100,0.0,0.0,2445.KL,Kuala Lumpur Kepong
2025-04-01 00:00:00+08:00,4.312070109971863,4.390116552021283,3.931593472384195,4.360848903656006,408162700,0.0,0.0,1295.KL,Public Bank
2025-04-01 00:00:00+08:00,3.598918673633928,3.667938964132104,3.372137484057985,3.608778715133667,39903800,0.0,0.0,1961.KL,IOI Corporation
2025-04-01 00:00:00+08:00,17.700613696788732,19.114337921142575,16.461182797724902,19.114337921142575,4900700,0.0,0.0,5681.KL,PETRONAS Dagangan
2025-04-01 00:00:00+08:00,4.508957099380708,4.5188889503479,3.903128160895169,4.5188889503479,128698600,0.0,0.0,5211.KL,Sunway
2025-04-01 00:00:00+08:00,4.987129240102799,5.00691941677642,4.096570346119792,4.848598003387451,125251000,0.0,0.0,8869.KL,Press Metal
2025-04-01 00:00:00+08:00,6.873866558074951,6.913599852449862,6.456666493480148,6.873866558074951,94571100,0.0,0.0,5225.KL,IHH Healthcare
2025-04-01 00:00:00+08:00,5.27622695265439,5.464663902304794,4.644964002471436,4.861666202545166,229160300,0.0,0.0,1015.KL,AMMB Holdings
2025-04-01 00:00:00+08:00,3.372705904010422,3.711914736851644,3.256405580906057,3.702223062515259,45842600,0.0,0.0,6947.KL,Celcomdigi
2025-04-01 00:00:00+08:00,13.129250026785485,13.60025405883789,12.422743042905047,13.60025405883789,138058100,0.0,0.0,5347.KL,Tenaga Nasional
2025-04-01 00:00:00+08:00,16.41403962408367,17.016925811767578,14.78041537675121,17.016925811767578,9928600,0.0,0.0,6033.KL,PETRONAS Gas
2025-04-01 00:00:00+08:00,6.444081842785929,6.798260038732322,6.089903177713186,6.690039157867432,114039400,0.0,0.0,4863.KL,Telekom Malaysia
2025-05-01 00:00:00+08:00,4.341337048986189,4.429139523950506,4.195000210970276,4.204755783081055,359914300,0.0,0.0,1295.KL,Public Bank
2025-05-01 00:00:00+08:00,11.919074070487811,12.131226137727303,10.877601623535156,10.877601623535156,7176100,0.3,0.0,4065.KL,PPB Group
2025-05-01 00:00:00+08:00,4.141601089628149,4.680107325791744,4.082855031171203,4.474495887756348,449855100,0.0,0.0,5398.KL,Gamuda
2025-05-01 00:00:00+08:00,9.689397898330704,9.970671680640333,9.485716819763184,9.485716819763184,246634800,0.0,0.0,1155.KL,Maybank
2025-05-01 00:00:00+08:00,6.854000091552734,7.042733481637522,6.744733292312438,6.854000091552734,106990900,0.0,0.0,5225.KL,IHH Healthcare
2025-05-01 00:00:00+08:00,1.635626606876074,1.75245708708584,1.4701168082708431,1.538267970085144,248865700,0.0,0.0,5296.KL,Mr D.I.Y.
2025-05-01 00:00:00+08:00,2.060820673438132,2.1883954046551035,1.943059599056733,2.011753559112549,145918400,0.0,0.0,6888.KL,Axiata
2025-05-01 00:00:00+08:00,1.9832556394480552,2.0881394823011723,1.6209301948547363,1.6209301948547363,176632500,0.0,0.0,4197.KL,Sime Darby
2025-05-01 00:00:00+08:00,86.09799681383737,87.99373831490797,77.01426590032342,77.60668182373047,3510500,0.0,0.0,4707.KL,Nestlé Malaysia
2025-05-01 00:00:00+08:00,6.833353617135212,7.084296205218697,6.601714729881741,6.688579082489014,346422800,0.0,0.0,1023.KL,CIMB
2025-05-01 00:00:00+08:00,7.274108270202889,7.496883439488504,6.954473307539372,7.283793926239014,41506100,0.0,0.0,3816.KL,MISC
2025-05-01 00:00:00+08:00,4.8616662056161,5.266805355596145,4.805135255465686,4.93704080581665,171462600,0.0,0.0,1015.KL,AMMB Holdings
2025-05-01 00:00:00+08:00,6.528181729231767,6.772499913999423,6.283863544464111,6.283863544464111,169872900,0.0,0.0,1066.KL,RHB Bank
2025-05-01 00:00:00+08:00,17.016928357178024,17.872635938500427,16.58907363916782,17.464229583740234,13530000,0.0,0.0,6033.KL,PETRONAS Gas
2025-05-01 00:00:00+08:00,3.541844311531931,3.646858462127157,3.3700027465820312,3.3700027465820312,59913300,0.04,0.0,6012.KL,Maxis
2025-05-01 00:00:00+08:00,6.690038972108681,7.054055675731524,6.424405097961426,6.424405097961426,174927300,0.0,0.0,4863.KL,Telekom Malaysia
2025-05-01 00:00:00+08:00,4.789227445827547,5.135555771541971,4.779332121630121,4.987129211425781,84029200,0.0,0.0,8869.KL,Press Metal
2025-05-01 00:00:00+08:00,19.123513512897624,20.17190906290061,18.83229139529311,18.909950256347656,8245400,0.0,0.0,2445.KL,Kuala Lumpur Kepong
2025-05-01 00:00:00+08:00,4.518888908889015,4.926085323273679,4.489093829837514,4.717521190643311,177888000,0.0,0.0,5211.KL,Sunway
2025-05-01 00:00:00+08:00,4.5631728073819495,4.5631728073819495,4.294185577180118,4.303792476654053,69896500,0.1171,0.0,5285.KL,SD Guthrie
2025-05-01 00:00:00+08:00,3.604722802501181,3.90920886225078,3.211837397923837,3.3591694831848145,127537400,0.0,0.0,5183.KL,PETRONAS Chemicals
2025-05-01 00:00:00+08:00,13.56100386237813,14.22826051712036,13.4628784892584,13.737630844116213,193999100,0.0,0.0,5347.KL,Tenaga Nasional
2025-05-01 00:00:00+08:00,2.2113904422250146,2.260532405186765,2.014822356050652,2.034479141235352,120930200,0.0225,0.0,5326.KL,99 Speed Mart
2025-05-01 00:00:00+08:00,3.589058645397788,3.717239185368102,3.529898161098787,3.5496182441711426,35850900,0.0,0.0,1961.KL,IOI Corporation
2025-05-01 00:00:00+08:00,4.801588081172869,4.8214704148286325,4.42382326768115,4.47352933883667,73289200,0.0,0.0,7084.KL,QL Resources
2025-05-01 00:00:00+08:00,3.340484653444491,3.673553412056664,3.0563963267231906,3.134765625,204821900,0.0,0.0,6742.KL,YTL Power
2025-05-01 00:00:00+08:00,19.354227081058127,19.625186924667595,18.7735998994738,18.94778823852539,18740900,0.0,0.0,5819.KL,Hong Leong Bank
2025-05-01 00:00:00+08:00,19.094970084911097,20.12137450771701,18.165398358854624,19.07560539245605,14566100,0.0,0.0,5681.KL,PETRONAS Dagangan
2025-05-01 00:00:00+08:00,1.8952877351003847,2.1997122591084115,1.7381654643255664,1.7872662544250488,434134200,0.0,0.0,4677.KL,YTL Corporation
2025-05-01 00:00:00+08:00,3.70222313213396,3.876673504537099,3.605306386947632,3.605306386947632,80263500,0.0,0.0,6947.KL,Celcomdigi
2025-06-01 00:00:00+08:00,4.473529162065447,4.682293894217745,4.254823500494196,4.572940826416016,77541400,0.0,0.0,7084.KL,QL Resources
2025-06-01 00:00:00+08:00,4.987129184298872,5.125660419464111,4.72985689042057,5.125660419464111,76788600,0.02,0.0,8869.KL,Press Metal
2025-06-01 00:00:00+08:00,3.3395252827306017,3.4377465181494262,2.9564619962413907,3.427924394607544,90131400,0.0,0.0,5183.KL,PETRONAS Chemicals
2025-06-01 00:00:00+08:00,6.303408926699584,6.391363621583748,6.098181615969834,6.156818389892578,145485300,0.0,0.0,1066.KL,RHB Bank
2025-06-01 00:00:00+08:00,3.539758168494155,3.697519066633339,3.51017804417092,3.6876590251922607,32738000,0.0,0.0,1961.KL,IOI Corporation
2025-06-01 00:00:00+08:00,3.417204715935202,3.5620016195521176,3.3592860465477696,3.484776496887207,39360100,0.0,0.0,6012.KL,Maxis
2025-06-01 00:00:00+08:00,6.717534079409785,6.775443800411958,6.3411206627828856,6.55345630645752,266625700,0.0,0.0,1023.KL,CIMB
2025-06-01 00:00:00+08:00,4.92761968890633,5.163165562278013,4.644964461153071,4.805135726928711,152345000,0.199,0.0,1015.KL,AMMB Holdings
2025-06-01 00:00:00+08:00,3.144561789877656,3.89886474609375,3.066192724366863,3.89886474609375,224899600,0.04,0.0,6742.KL,YTL Power
2025-06-01 00:00:00+08:00,4.494078279815166,4.74864455423294,4.445122993606412,4.689898490905762,407406000,0.0,0.0,5398.KL,Gamuda
2025-06-01 00:00:00+08:00,77.60668887165612,78.37683039532415,70.1422309862856,75.75045013427734,1888200,0.0,0.0,4707.KL,Nestlé Malaysia
2025-06-01 00:00:00+08:00,18.90994980792724,20.57961805830625,18.890534630240683,20.0942497253418,9090200,0.0,0.0,2445.KL,Kuala Lumpur Kepong
2025-06-01 00:00:00+08:00,19.094971277062804,21.283340494065232,19.094971277062804,20.837921142578125,9955500,0.2,0.0,5681.KL,PETRONAS Dagangan
2025-06-01 00:00:00+08:00,17.54202182021188,17.833739829939553,16.744655674540354,17.133615493774414,21551600,0.16,0.0,6033.KL,PETRONAS Gas
2025-06-01 00:00:00+08:00,1.6400000128299097,1.7353488719320525,1.5160465300965251,1.5732557773590088,236187900,0.0,0.0,4197.KL,Sime Darby
2025-06-01 00:00:00+08:00,18.94778743585828,19.31551692268492,18.50264111781746,18.96714210510254,14065900,0.0,0.0,5819.KL,Hong Leong Bank
2025-06-01 00:00:00+08:00,7.264421716533319,7.55499876993845,7.19662028090959,7.351594924926758,39605100,0.08,0.0,3816.KL,MISC
2025-06-01 00:00:00+08:00,11.36470589490416,11.36470589490416,9.77364740890124,10.159058570861816,14651200,0.0,0.0,4065.KL,PPB Group
2025-06-01 00:00:00+08:00,1.7970863954027556,2.2979136133232414,1.7479856051292058,2.278273344039917,477783500,0.0,0.0,4677.KL,YTL Corporation
2025-06-01 00:00:00+08:00,2.0215671032661384,2.2767163470378797,1.9528731390888732,2.2669029235839844,143561300,0.0,0.0,6888.KL,Axiata
2025-06-01 00:00:00+08:00,13.737631199023935,14.208635248091293,13.443253200455908,14.110509872436523,114754700,0.0,0.0,5347.KL,Tenaga Nasional
2025-06-01 00:00:00+08:00,2.0560968913444917,2.195156693163148,2.0064327609868475,2.075962543487549,86452000,0.0,0.0,5326.KL,99 Speed Mart
2025-06-01 00:00:00+08:00,4.502921926225058,4.660573303477136,4.384682923447834,4.57189416885376,49260500,0.0,0.0,5285.KL,SD Guthrie
2025-06-01 00:00:00+08:00,9.505115310693313,9.592407332293137,9.243239245893845,9.408123970031738,187945300,0.0,0.0,1155.KL,Maybank
2025-06-01 00:00:00+08:00,6.764600187578501,6.90366672664559,6.546067054758789,6.774533748626709,96094300,0.0,0.0,5225.KL,IHH Healthcare
2025-06-01 00:00:00+08:00,3.6149979749409664,3.8282150403152673,3.5665396035076573,3.808831691741944,56356200,0.037,0.0,6947.KL,Celcomdigi
2025-06-01 00:00:00+08:00,4.667862892150879,4.836700568746316,4.469230610024903,4.667862892150879,105335600,0.0,0.0,5211.KL,Sunway
2025-06-01 00:00:00+08:00,1.5382679627725326,1.6356265991006398,1.48958852854783,1.596683144569397,222358400,0.014,0.0,5296.KL,Mr D.I.Y.
2025-06-01 00:00:00+08:00,4.214511820385296,4.312069867460392,4.068174517175921,4.204755783081055,336818900,0.0,0.0,1295.KL,Public Bank
2025-06-01 00:00:00+08:00,6.444081783294678,6.6014943133731885,6.286668784089823,6.444081783294678,108319100,0.0,0.0,4863.KL,Telekom Malaysia
2025-07-01 00:00:00+08:00,1.6206892728805542,1.689445840001438,1.532288005751317,1.6206892728805542,174368100,0.0,0.0,5296.KL,Mr D.I.Y.
2025-07-01 00:00:00+08:00,76.06640582211026,87.67779061355432,74.13117627903256,86.96688842773438,1561200,0.0,0.0,4707.KL,Nestlé Malaysia
2025-07-01 00:00:00+08:00,10.277646954065084,10.356705704292152,9.131294133317976,9.319059371948242,24872100,0.0,0.0,4065.KL,PPB Group
2025-07-01 00:00:00+08:00,18.96714181170242,19.180037632807444,18.23168100366303,18.38651466369629,11681500,0.0,0.0,5819.KL,Hong Leong Bank
2025-07-01 00:00:00+08:00,4.5817474522447785,4.8083715339208295,4.5817474522447785,4.699985980987549,47348800,0.0,0.0,5285.KL,SD Guthrie
2025-07-01 00:00:00+08:00,6.7745333767032845,6.844066405590319,6.377199956095607,6.605666637420654,86024700,0.0,0.0,5225.KL,IHH Healthcare
2025-07-01 00:00:00+08:00,4.996341593146725,5.13349594001673,4.898374202525292,4.947358131408691,106049800,0.0,0.0,1015.KL,AMMB Holdings
2025-07-01 00:00:00+08:00,1.5827906093816486,1.668604591634682,1.5351162379436674,1.55418598651886,275593200,0.0,0.0,4197.KL,Sime Darby
2025-07-01 00:00:00+08:00,21.04181478691172,21.472036413898994,20.14225759371761,21.100481033325195,7998600,0.0,0.0,5681.KL,PETRONAS Dagangan
2025-07-01 00:00:00+08:00,4.697658061981201,5.124717713587955,4.628136525106124,4.697658061981201,187243200,0.0,0.0,5211.KL,Sunway
2025-07-01 00:00:00+08:00,5.146040804240565,5.463943119936507,4.987089883248149,5.304992198944092,91407200,0.0,0.0,8869.KL,Press Metal
2025-07-01 00:00:00+08:00,6.543804397588663,6.611365503288619,6.225300266990452,6.321816921234131,321024800,0.0,0.0,1023.KL,CIMB
2025-07-01 00:00:00+08:00,2.075962488280068,2.4037462135580507,2.066029662472689,2.254753589630127,148958900,0.0,0.0,5326.KL,99 Speed Mart
2025-07-01 00:00:00+08:00,6.444082013330747,6.719553950801734,6.404728879406321,6.640847682952881,150746300,0.0,0.0,4863.KL,Telekom Malaysia
2025-07-01 00:00:00+08:00,4.719271424632912,5.218613161287814,4.719271424632912,5.071747779846191,479298400,0.0,0.0,5398.KL,Gamuda
2025-07-01 00:00:00+08:00,3.4279244214625573,4.076185282839091,3.093971984244409,3.810987710952759,116077200,0.0,0.0,5183.KL,PETRONAS Chemicals
2025-07-01 00:00:00+08:00,4.592823311974024,4.652470312567322,4.215058500850907,4.224999904632568,41917100,0.0,0.0,7084.KL,QL Resources
2025-07-01 00:00:00+08:00,2.2782734124257,2.57287769464903,2.2488130076164152,2.445215940475464,418853500,0.0,0.0,4677.KL,YTL Corporation
2025-07-01 00:00:00+08:00,14.11050953843627,14.699264585834449,12.775997161865234,12.775997161865234,229362100,0.0,0.0,5347.KL,Tenaga Nasional
2025-07-01 00:00:00+08:00,3.484776355676689,3.552348364038867,3.3110203545553523,3.32067346572876,43669000,0.0,0.0,6012.KL,Maxis
2025-07-01 00:00:00+08:00,6.166591053968642,6.274091187949068,5.971136688549654,5.990682125091553,138146300,0.0,0.0,1066.KL,RHB Bank
2025-07-01 00:00:00+08:00,2.266902978394556,2.6888806650558177,2.227649283629876,2.6496269702911377,189415500,0.0,0.0,6888.KL,Axiata
2025-07-01 00:00:00+08:00,9.40812388081748,9.514814539529096,9.107452392578123,9.107452392578123,267451100,0.0,0.0,1155.KL,Maybank
2025-07-01 00:00:00+08:00,4.214511846582028,4.273046675190929,4.0974417241707615,4.1071977615356445,370793700,0.0,0.0,1295.KL,Public Bank
2025-07-01 00:00:00+08:00,3.797744808800058,3.84668477110642,3.641136696055552,3.75859260559082,43707500,0.0,0.0,6947.KL,Celcomdigi
2025-07-01 00:00:00+08:00,17.28642318247883,17.855442685852733,17.12945054280819,17.639606475830078,12729400,0.0,0.0,6033.KL,PETRONAS Gas
2025-07-01 00:00:00+08:00,3.6876590172050663,3.845419915002553,3.648218851526178,3.7172391414642334,24018800,0.0,0.0,1961.KL,IOI Corporation
2025-07-01 00:00:00+08:00,7.4769071112137695,7.67263794727868,7.300749778747559,7.300749778747559,40788000,0.0,0.0,3816.KL,MISC
2025-07-01 00:00:00+08:00,3.9421854217900174,4.308669881067618,3.773800542579592,4.061045169830322,282695200,0.0,0.0,6742.KL,YTL Power
2025-07-01 00:00:00+08:00,20.09425069816557,20.482545013029,18.92936590204196,19.00702476501465,5561200,0.2,0.0,2445.KL,Kuala Lumpur Kepong
2025-08-01 00:00:00+08:00,9.126850541856866,9.679698799872025,9.117151222423404,9.602106094360352,339775600,0.0,0.0,1155.KL,Maybank
2025-08-01 00:00:00+08:00,5.110911844277081,5.678791353083139,5.110911844277081,5.4438066482543945,392866200,0.05,0.0,5398.KL,Gamuda
2025-08-01 00:00:00+08:00,4.224999688892822,4.274705757198559,4.065941028765985,4.0758819580078125,53848500,0.0,0.0,7084.KL,QL Resources
2025-08-01 00:00:00+08:00,4.061045039060761,4.378004829268484,3.961995252216672,3.9917104244232178,289785900,0.0,0.0,6742.KL,YTL Power
2025-08-01 00:00:00+08:00,19.20956138518416,19.699601206901335,18.562708970065767,19.28796768188477,6596500,0.0,0.0,2445.KL,Kuala Lumpur Kepong
2025-08-01 00:00:00+08:00,1.620689183469391,1.6305115329316822,1.4340644265942164,1.4537091255187988,317558900,0.015,0.0,5296.KL,Mr D.I.Y.
2025-08-01 00:00:00+08:00,3.7270991594189855,3.884860056223245,3.648218828557821,3.805979490280152,31314500,0.0,0.0,1961.KL,IOI Corporation
2025-08-01 00:00:00+08:00,3.339979806666699,3.542695378654311,3.282061137569761,3.3785922527313232,64710300,0.0,0.0,6012.KL,Maxis
2025-08-01 00:00:00+08:00,6.64084738921806,7.152438576733508,6.631008871608945,6.9064812660217285,236485400,0.0,0.0,4863.KL,Telekom Malaysia
2025-08-01 00:00:00+08:00,4.116953129707608,4.3998721517552175,4.10719755801959,4.165732383728027,428159700,0.0,0.0,1295.KL,Public Bank
2025-08-01 00:00:00+08:00,86.88789470696483,94.7867942257798,85.40685104718702,93.81917572021484,2053900,0.0,0.0,4707.KL,Nestlé Malaysia
2025-08-01 00:00:00+08:00,4.947357894090555,5.456788768030653,4.947357894090555,5.280447006225586,163544500,0.0,0.0,1015.KL,AMMB Holdings
2025-08-01 00:00:00+08:00,2.2547537466963443,2.552738778492591,2.2348880936977453,2.5030746459960938,175317500,0.0,0.0,5326.KL,99 Speed Mart
2025-08-01 00:00:00+08:00,2.4550359779231843,2.680899306622555,2.396115170644342,2.5139567852020264,366449500,0.0,0.0,4677.KL,YTL Corporation
2025-08-01 00:00:00+08:00,12.795622019407928,13.639504732280182,12.756371682432516,12.95262336730957,117579900,0.0,0.0,5347.KL,Tenaga Nasional
2025-08-01 00:00:00+08:00,2.639813409878586,2.669253679427324,2.335597057237832,2.3748507499694824,149509100,0.0,0.0,6888.KL,Axiata
2025-08-01 00:00:00+08:00,4.747316607656265,4.985675362730179,4.6777950673046655,4.886359214782715,176120200,0.0,0.0,5211.KL,Sunway
2025-08-01 00:00:00+08:00,7.359469501928545,7.829222894249858,7.153952363621841,7.261604309082031,68259300,0.0,0.0,3816.KL,MISC
2025-08-01 00:00:00+08:00,5.30499204664221,5.752041735954512,5.2056472501629445,5.523549556732178,124772500,0.0,0.0,8869.KL,Press Metal
2025-08-01 00:00:00+08:00,3.791342859836272,4.753912051509271,3.40827984187716,4.252983093261719,265445300,0.03,0.0,5183.KL,PETRONAS Chemicals
2025-08-01 00:00:00+08:00,4.729545829181124,5.133527702356001,4.6507196738296495,4.975876331329346,92305200,0.0,0.0,5285.KL,SD Guthrie
2025-08-01 00:00:00+08:00,18.40586908688384,19.74130984828044,18.28974292052801,19.431642532348636,19106200,0.0,0.0,5819.KL,Hong Leong Bank
2025-08-01 00:00:00+08:00,6.341120875502426,7.248374122088999,6.341120875502426,7.171160697937012,467176800,0.0,0.0,1023.KL,CIMB
2025-08-01 00:00:00+08:00,9.348706271953636,9.378353068005833,8.133176324357745,9.24000072479248,141942200,0.0,0.0,4065.KL,PPB Group
2025-08-01 00:00:00+08:00,21.10048107795141,23.271150849504263,20.33781241309786,20.709369659423828,13456200,0.0,0.0,5681.KL,PETRONAS Dagangan
2025-08-01 00:00:00+08:00,6.000454435323324,6.44022744368738,6.000454435323324,6.391363620758057,149705200,0.0,0.0,1066.KL,RHB Bank
2025-08-01 00:00:00+08:00,17.56112101376174,18.91499622453015,17.52187925744742,18.287111282348636,26495000,0.0,0.0,6033.KL,PETRONAS Gas
2025-08-01 00:00:00+08:00,6.605666798758754,6.933466724827411,6.565933503093356,6.744733333587647,141094800,0.0,0.0,5225.KL,IHH Healthcare
2025-08-01 00:00:00+08:00,1.554185980840312,1.983255663208447,1.4874417474063353,1.9737207889556885,837220700,0.0,0.0,4197.KL,Sime Darby
2025-08-01 00:00:00+08:00,3.758592619253213,3.80753281510162,3.523680565964628,3.601984739303589,72693900,0.0,0.0,6947.KL,Celcomdigi
2025-09-01 00:00:00+08:00,2.374850865321533,2.679067232738785,2.3061566657340427,2.630000114440918,102693000,0.0,0.0,6888.KL,Axiata
2025-09-01 00:00:00+08:00,6.391363974937725,6.498864111739424,6.2838638381360274,6.450000286102295,123412900,0.15,0.0,1066.KL,RHB Bank
2025-09-01 00:00:00+08:00,4.281211387415296,4.528394497279591,4.093352167342708,4.182338237762451,101035600,0.0,0.0,5183.KL,PETRONAS Chemicals
2025-09-01 00:00:00+08:00,6.906481620714261,7.605000456539287,6.690039382587774,6.965511322021484,105847200,0.125,0.0,4863.KL,Telekom Malaysia
2025-09-01 00:00:00+08:00,3.601984589398876,3.7096525023834,3.533468411408222,3.621560573577881,36397800,0.038,0.0,6947.KL,Celcomdigi
2025-09-01 00:00:00+08:00,1.4678228160506162,1.7058481439630648,1.4281519674746928,1.6265063285827637,219284100,0.0,0.0,5296.KL,Mr D.I.Y.
2025-09-01 00:00:00+08:00,4.886359125369165,5.819931846145748,4.816837586289713,5.611367702484131,201459300,0.0,0.0,5211.KL,Sunway
2025-09-01 00:00:00+08:00,9.60210564318049,9.796088322822898,9.38872617553859,9.611804962158203,201400900,0.3,0.0,1155.KL,Maybank
2025-09-01 00:00:00+08:00,4.075882284632863,4.403941034449893,4.0559999505237165,4.3144707679748535,61693200,0.025,0.0,7084.KL,QL Resources
2025-09-01 00:00:00+08:00,5.280447243721289,5.59394335991719,5.280447243721289,5.535162925720215,121667700,0.0,0.0,1015.KL,AMMB Holdings
2025-09-01 00:00:00+08:00,4.975876296319069,5.241913217973787,4.906903587061126,5.143380641937256,138313500,0.0,0.0,5285.KL,SD Guthrie
2025-09-01 00:00:00+08:00,3.378592480725636,3.571654954225341,3.3592862563905,3.49442982673645,40031000,0.04,0.0,6012.KL,Maxis
2025-09-01 00:00:00+08:00,20.709369517263863,22.48892785807331,20.709369517263863,22.43026161193848,7328300,0.22,0.0,5681.KL,PETRONAS Dagangan
2025-09-01 00:00:00+08:00,19.28796856451951,20.3268525106812,19.209562264230964,20.18964195251465,8303000,0.0,0.0,2445.KL,Kuala Lumpur Kepong
2025-09-01 00:00:00+08:00,6.744733146776958,7.559266632673758,6.704999852212064,7.499666690826416,147533300,0.05,0.0,5225.KL,IHH Healthcare
2025-09-01 00:00:00+08:00,18.287112067153085,18.79726801980704,17.718092541881905,18.149763107299805,17245200,0.16,0.0,6033.KL,PETRONAS Gas
2025-09-01 00:00:00+08:00,2.5030745452467773,2.820925217248061,2.453410414749273,2.721596956253052,175699900,0.0,0.0,5326.KL,99 Speed Mart
2025-09-01 00:00:00+08:00,1.9737207155624568,2.2502322859396457,1.8688371026822328,2.1739532947540283,473736400,0.1,0.0,4197.KL,Sime Darby
2025-09-01 00:00:00+08:00,19.431643627503977,19.99291613070404,19.23810062125724,19.857437133789062,20396600,0.0,0.0,5819.KL,Hong Leong Bank
2025-09-01 00:00:00+08:00,5.492850385355498,5.690435216271703,5.344661879937914,5.463212966918945,229307000,0.0,0.0,5398.KL,Gamuda
2025-09-01 00:00:00+08:00,3.8059794706711143,3.924300201435184,3.79611942936427,3.894720077514648,41326000,0.055,0.0,1961.KL,IOI Corporation
2025-09-01 00:00:00+08:00,7.261604222756534,7.467121358620062,7.056087086893006,7.144165992736816,45911400,0.08,0.0,3816.KL,MISC
2025-09-01 00:00:00+08:00,7.171160579369697,7.286980483569938,6.82370224744565,7.084296226501465,335897000,0.1975,0.0,1023.KL,CIMB
2025-09-01 00:00:00+08:00,3.991710458454576,4.338384951517782,3.912470392150423,4.170000076293945,167289600,0.0,0.0,6742.KL,YTL Power
2025-09-01 00:00:00+08:00,5.523549554552545,5.910992650051059,5.473877630043611,5.871254920959473,128560300,0.02,0.0,8869.KL,Press Metal
2025-09-01 00:00:00+08:00,12.952623394636856,13.286251727532658,12.795622046403976,12.972249031066896,94988400,0.25,0.0,5347.KL,Tenaga Nasional
2025-09-01 00:00:00+08:00,4.165732653261776,4.253535130102201,4.087686213934052,4.224267482757568,375011000,0.105,0.0,1295.KL,Public Bank
2025-09-01 00:00:00+08:00,93.81918117442808,96.6627899876214,91.03481923349496,95.00402069091795,1493300,0.7,0.0,4707.KL,Nestlé Malaysia
2025-09-01 00:00:00+08:00,2.5139568217773927,2.7496402884521784,2.4059353401945858,2.7300000190734863,228759400,0.0,0.0,4677.KL,YTL Corporation
2025-09-01 00:00:00+08:00,9.240000479829083,10.25788258021266,8.923764541322385,10.079999923706056,52686300,0.12,0.0,4065.KL,PPB Group
2025-10-01 00:00:00+08:00,5.641162071200606,5.889452662824207,5.323350417011498,5.3730082511901855,164365900,0.04,0.0,5211.KL,Sunway
2025-10-01 00:00:00+08:00,7.270861320253461,7.7852623810573025,7.043337746915052,7.7061238288879395,69423000,0.0,0.0,3816.KL,MISC
2025-10-01 00:00:00+08:00,6.599999904632568,6.849999904632568,6.599999904632568,6.769999980926514,146294600,0.0,0.0,1066.KL,RHB Bank
2025-10-01 00:00:00+08:00,7.285282960574406,7.622289402803072,7.136603620024195,7.235723495483398,264563800,0.0,0.0,1023.KL,CIMB
2025-10-01 00:00:00+08:00,95.70909336218364,114.389374319431,95.70909336218364,112.39999389648438,2297500,0.0,0.0,4707.KL,Nestlé Malaysia
2025-10-01 00:00:00+08:00,20.287649520934792,20.620876751781907,19.738803570508026,20.091632843017575,9567400,0.0,0.0,2445.KL,Kuala Lumpur Kepong
2025-10-01 00:00:00+08:00,4.182338068152042,4.300985842923818,3.856056451797485,3.856056451797485,66400100,0.0,0.0,5183.KL,PETRONAS Chemicals
2025-10-01 00:00:00+08:00,2.2799999713897705,2.2799999713897705,2.0299999713897705,2.049999952316284,269590900,0.0,0.0,4197.KL,Sime Darby
2025-10-01 00:00:00+08:00,3.9600000381469727,4.059999942779541,3.849999904632568,4.019999980926514,44796500,0.0,0.0,1961.KL,IOI Corporation
2025-10-01 00:00:00+08:00,9.90999984741211,10.039999961853027,9.829999923706056,9.869999885559082,206101100,0.0,0.0,1155.KL,Maybank
2025-10-01 00:00:00+08:00,2.7005396971533737,2.7692806420698326,2.3666548734286588,2.5532374382019043,222954700,0.05,0.0,4677.KL,YTL Corporation
2025-10-01 00:00:00+08:00,7.079999923706055,7.440000057220459,7.03000020980835,7.300000190734863,83506000,0.0,0.0,4863.KL,Telekom Malaysia
2025-10-01 00:00:00+08:00,10.199999809265137,11.68000030517578,10.119999885559082,11.140000343322754,33400700,0.0,0.0,4065.KL,PPB Group
2025-10-01 00:00:00+08:00,4.329999923706055,4.389999866485596,4.179999828338623,4.21999979019165,252047600,0.0,0.0,1295.KL,Public Bank
2025-10-01 00:00:00+08:00,7.550000190734863,10.479999542236328,7.510000228881836,8.25,319093100,0.0,0.0,5225.KL,IHH Healthcare
2025-10-01 00:00:00+08:00,3.659141121685869,3.698699365846949,3.530576592376627,3.5602452754974365,53755400,0.0,0.0,6947.KL,Celcomdigi
2025-10-01 00:00:00+08:00,22.456045525786088,23.206555636215136,20.777274546051174,22.39679527282715,8573700,0.0,0.0,5681.KL,PETRONAS Dagangan
2025-10-01 00:00:00+08:00,4.369999885559082,4.480000019073486,4.139999866485596,4.150000095367432,50937600,0.0,0.0,7084.KL,QL Resources
2025-10-01 00:00:00+08:00,3.553664961807084,3.807498156738757,3.524376310331729,3.709869861602783,68699100,0.0,0.0,6012.KL,Maxis
2025-10-01 00:00:00+08:00,5.53516303705705,5.760488272917101,5.495976080137509,5.584146499633789,147427100,0.0,0.0,1015.KL,AMMB Holdings
2025-10-01 00:00:00+08:00,2.629999904982883,2.7183207108850125,2.4337312134521385,2.4631714820861816,96015700,0.05,0.0,6888.KL,Axiata
2025-10-01 00:00:00+08:00,5.473092132098799,5.512609005385713,4.929734417786295,4.979130744934082,284522600,0.0,0.0,5398.KL,Gamuda
2025-10-01 00:00:00+08:00,19.85743737268608,20.51548138692618,19.605832199843515,19.89614486694336,46116400,0.68,0.0,5819.KL,Hong Leong Bank
2025-10-01 00:00:00+08:00,18.425139588517226,19.098021695672337,18.18764956553551,18.306394577026367,15148800,0.0,0.0,6033.KL,PETRONAS Gas
2025-10-01 00:00:00+08:00,5.912429570318641,6.341155808626072,5.862578002778362,6.311244487762451,212832100,0.0,0.0,8869.KL,Press Metal
2025-10-01 00:00:00+08:00,13.220000267028809,13.619999885559082,13.0600004196167,13.279999732971191,95148600,0.0,0.0,5347.KL,Tenaga Nasional
2025-10-01 00:00:00+08:00,5.143380610131167,5.360151712265275,5.113821213373515,5.202500343322754,199334800,0.0775,0.0,5285.KL,SD Guthrie
2025-10-01 00:00:00+08:00,4.16009506617117,4.298765248068431,3.724275742733111,3.9520905017852783,179285100,0.04,0.0,6742.KL,YTL Power
2025-10-01 00:00:00+08:00,1.636424065034694,1.7554367307587693,1.5769177912868844,1.586835503578186,365433100,0.0,0.0,5296.KL,Mr D.I.Y.
2025-10-01 00:00:00+08:00,2.7315299113996985,3.367231522252316,2.711664258262173,3.108977794647217,277078600,0.0,0.0,5326.KL,99 Speed Mart
2025-11-01 00:00:00+08:00,2.640000104904175,2.680000066757202,2.0799999237060547,2.130000114440918,199931000,0.0,0.0,4677.KL,YTL Corporation
2025-11-01 00:00:00+08:00,3.10897768937232,3.4566268443243344,2.9897835377660025,3.327499866485596,255635600,0.0,0.0,5326.KL,99 Speed Mart
2025-11-01 00:00:00+08:00,4.97913056961801,5.433575067494741,4.909975808261717,5.285386562347412,341710600,0.0,0.0,5398.KL,Gamuda
2025-11-01 00:00:00+08:00,2.049999952316284,2.0899999141693115,1.840000033378601,1.950000047683716,189132300,0.0,0.0,4197.KL,Sime Darby
2025-11-01 00:00:00+08:00,13.279999732971191,13.5600004196167,13.020000457763672,13.18000030517578,116021700,0.0,0.0,5347.KL,Tenaga Nasional
2025-11-01 00:00:00+08:00,22.357294288000556,22.83130197158488,19.513257604152685,19.572507858276367,10662400,0.0,0.0,5681.KL,PETRONAS Dagangan
2025-11-01 00:00:00+08:00,8.25,8.430000305175781,7.940000057220459,8.260000228881836,188027800,0.0,0.0,5225.KL,IHH Healthcare
2025-11-01 00:00:00+08:00,20.700000762939453,22.21999931335449,20.6200008392334,21.13999938964844,32315000,0.0,0.0,5819.KL,Hong Leong Bank
2025-11-01 00:00:00+08:00,113.89203425562413,116.2792923866193,106.03397971933693,106.33238983154295,3541900,0.6,0.0,4707.KL,Nestlé Malaysia
2025-11-01 00:00:00+08:00,2.509999990463257,2.789999961853028,2.4100000858306885,2.4100000858306885,105069800,0.0,0.0,6888.KL,Axiata
2025-11-01 00:00:00+08:00,3.709869783476334,4.25658761953889,3.709869783476334,3.895363330841065,105768300,0.04,0.0,6012.KL,Maxis
2025-11-01 00:00:00+08:00,20.091632471306205,21.15011839989844,19.67999895077848,19.797609329223636,34716200,0.0,0.0,2445.KL,Kuala Lumpur Kepong
2025-11-01 00:00:00+08:00,18.30639453853813,18.74179039657198,17.198114687375945,17.336650848388672,12973700,0.0,0.0,6033.KL,PETRONAS Gas
2025-11-01 00:00:00+08:00,7.235723457206275,7.64211324294026,7.235723457206275,7.5826416015625,233689200,0.0,0.0,1023.KL,CIMB
2025-11-01 00:00:00+08:00,4.019999980926514,4.130000114440918,3.9700000286102295,3.990000009536743,157826300,0.0,0.0,1961.KL,IOI Corporation
2025-11-01 00:00:00+08:00,6.311244588294891,6.749940956928689,6.111837364108767,6.690118789672852,297045700,0.0,0.0,8869.KL,Press Metal
2025-11-01 00:00:00+08:00,4.090000152587891,4.119999885559082,3.2300000190734863,3.259999990463257,197284200,0.0,0.0,6742.KL,YTL Power
2025-11-01 00:00:00+08:00,4.21999979019165,4.389999866485596,4.199999809265137,4.349999904632568,294652900,0.0,0.0,1295.KL,Public Bank
2025-11-01 00:00:00+08:00,11.100000381469728,11.899999618530272,10.760000228881836,11.0,20088400,0.0,0.0,4065.KL,PPB Group
2025-11-01 00:00:00+08:00,7.528061847501947,7.834723963273647,7.340107556215492,7.429138660430908,39430700,0.0,0.0,3816.KL,MISC
2025-11-01 00:00:00+08:00,9.869999885559082,10.0,9.859999656677246,9.90999984741211,233014000,0.0,0.0,1155.KL,Maybank
2025-11-01 00:00:00+08:00,3.560245380875379,3.718478597988898,3.2240000597681098,3.243779182434082,97382800,0.0,0.0,6947.KL,Celcomdigi
2025-11-01 00:00:00+08:00,5.420000076293945,5.670000076293945,5.329999923706055,5.449999809265137,185992200,0.0,0.0,5211.KL,Sunway
2025-11-01 00:00:00+08:00,5.28000020980835,5.599999904632568,5.179999828338623,5.210000038146973,209846500,0.0,0.0,5285.KL,SD Guthrie
2025-11-01 00:00:00+08:00,5.584146147177602,5.868251800484986,5.574349642138733,5.829064846038818,155524100,0.0,0.0,1015.KL,AMMB Holdings
2025-11-01 00:00:00+08:00,4.150000095367432,4.389999866485596,4.019999980926514,4.050000190734863,41040600,0.0,0.0,7084.KL,QL Resources
2025-11-01 00:00:00+08:00,7.25,7.71999979019165,7.130000114440918,7.420000076293945,89803000,0.0,0.0,4863.KL,Telekom Malaysia
2025-11-01 00:00:00+08:00,3.865943836993457,3.895605781228331,2.7981126658770945,2.96619725227356,151506600,0.0,0.0,5183.KL,PETRONAS Chemicals
2025-11-01 00:00:00+08:00,6.769999980926514,7.019999980926514,6.760000228881836,6.949999809265137,100459300,0.0,0.0,1066.KL,RHB Bank
2025-11-01 00:00:00+08:00,1.5967532410092211,1.6562595156939142,1.4876582858588256,1.4975759983062744,224347200,0.013,0.0,5296.KL,Mr D.I.Y.
2025-12-01 00:00:00+08:00,5.285386407673457,5.334782731636434,4.6728744401394815,4.919855117797852,351753500,0.0,0.0,5398.KL,Gamuda
2025-12-01 00:00:00+08:00,17.455393571619627,18.207440259185745,16.74292918268809,17.95016098022461,11565700,0.18,0.0,6033.KL,PETRONAS Gas
2025-12-01 00:00:00+08:00,4.050000190734863,4.190000057220459,3.7799999713897705,3.7899999618530273,67465400,0.0,0.0,7084.KL,QL Resources
2025-12-01 00:00:00+08:00,5.449999809265137,5.71999979019165,5.25,5.619999885559082,156199800,0.0,0.0,5211.KL,Sunway
2025-12-01 00:00:00+08:00,19.631757246039424,20.935275963956776,18.58499401290105,19.71075820922852,14713100,0.24,0.0,5681.KL,PETRONAS Dagangan
2025-12-01 00:00:00+08:00,8.199999809265137,8.90999984741211,8.199999809265137,8.75,139359900,0.0,0.0,5225.KL,IHH Healthcare
2025-12-01 00:00:00+08:00,21.399999618530277,22.600000381469727,20.799999237060547,22.13999938964844,20330500,0.0,0.0,5819.KL,Hong Leong Bank
2025-12-01 00:00:00+08:00,11.0,11.100000381469728,9.890000343322754,11.0600004196167,19677000,0.0,0.0,4065.KL,PPB Group
2025-12-01 00:00:00+08:00,7.468708084113982,7.716016292572021,7.142260852718873,7.716016292572021,28248600,0.08,0.0,3816.KL,MISC
2025-12-01 00:00:00+08:00,6.730000062953221,7.238489184802245,6.5804444109138425,7.098903656005859,249795200,0.02,0.0,8869.KL,Press Metal
2025-12-01 00:00:00+08:00,5.210000038146973,5.78000020980835,5.190000057220459,5.730000019073486,142937600,0.0,0.0,5285.KL,SD Guthrie
2025-12-01 00:00:00+08:00,19.69960135653673,19.7780076538329,18.48430281376932,19.601593017578125,17529700,0.0,0.0,2445.KL,Kuala Lumpur Kepong
2025-12-01 00:00:00+08:00,2.976084487032004,3.63853526433642,2.976084487032004,3.589098691940308,129988900,0.0,0.0,5183.KL,PETRONAS Chemicals
2025-12-01 00:00:00+08:00,6.949999809265137,7.829999923706055,6.949999809265137,7.710000038146973,126913300,0.0,0.0,1066.KL,RHB Bank
2025-12-01 00:00:00+08:00,3.932999909000489,3.9822855750255393,3.6767142106576354,3.7358570098876953,48019600,0.0,0.0,6012.KL,Maxis
2025-12-01 00:00:00+08:00,4.349999904632568,4.550000190734863,4.329999923706055,4.539999961853027,309092200,0.0,0.0,1295.KL,Public Bank
2025-12-01 00:00:00+08:00,9.920000076293944,10.539999961853027,9.920000076293944,10.479999542236328,224507900,0.0,0.0,1155.KL,Maybank
2025-12-01 00:00:00+08:00,7.602465611566334,8.177358627319336,7.59255343484851,8.177358627319336,250554000,0.07,0.0,1023.KL,CIMB
2025-12-01 00:00:00+08:00,107.0,120.1999969482422,107.0,114.0,1952900,0.0,0.0,4707.KL,Nestlé Malaysia
2025-12-01 00:00:00+08:00,1.5099999904632568,1.6299999952316284,1.4500000476837158,1.5299999713897705,241493000,0.0,0.0,5296.KL,Mr D.I.Y.
2025-12-01 00:00:00+08:00,3.3274997710453147,3.863873082663446,3.307634119150264,3.784410238265991,145553900,0.0225,0.0,5326.KL,99 Speed Mart
2025-12-01 00:00:00+08:00,3.2699999809265137,3.4800000190734863,3.1700000762939453,3.309999942779541,141923100,0.0,0.0,6742.KL,YTL Power
2025-12-01 00:00:00+08:00,7.449999809265137,8.069999694824219,7.449999809265137,8.050000190734863,112837800,0.0,0.0,4863.KL,Telekom Malaysia
2025-12-01 00:00:00+08:00,2.4200000762939453,2.680000066757202,2.4200000762939453,2.5199999809265137,77147700,0.0,0.0,6888.KL,Axiata
2025-12-01 00:00:00+08:00,1.9600000381469729,2.150000095367432,1.870000004768372,2.150000095367432,178299100,0.0,0.0,4197.KL,Sime Darby
2025-12-01 00:00:00+08:00,13.199999809265137,13.880000114440918,12.5,13.720000267028809,193330700,0.0,0.0,5347.KL,Tenaga Nasional
2025-12-01 00:00:00+08:00,5.838862160127414,6.387480021644339,5.829065187369522,6.367886543273926,126268900,0.125,0.0,1015.KL,AMMB Holdings
2025-12-01 00:00:00+08:00,3.990000009536743,4.139999866485596,3.9700000286102295,4.0,74044800,0.0,0.0,1961.KL,IOI Corporation
2025-12-01 00:00:00+08:00,3.263558166960672,3.3921226946333727,3.154772996902466,3.154772996902466,103542100,0.036,0.0,6947.KL,Celcomdigi
2025-12-01 00:00:00+08:00,2.130000114440918,2.190000057220459,1.9900000095367432,2.039999961853028,163667900,0.0,0.0,4677.KL,YTL Corporation
2026-01-01 00:00:00+08:00,3.309999942779541,3.569999933242798,3.220000028610229,3.2300000190734863,137325200,0.0,0.0,6742.KL,YTL Power
2026-01-01 00:00:00+08:00,18.100000381469727,18.959999084472656,18.040000915527344,18.3799991607666,11561100,0.0,0.0,6033.KL,PETRONAS Gas
2026-01-01 00:00:00+08:00,19.52318672028196,20.170039140313747,19.111553192138672,19.111553192138672,11153200,0.4,0.0,2445.KL,Kuala Lumpur Kepong
2026-01-01 00:00:00+08:00,4.010000228881836,4.110000133514404,3.9600000381469727,3.990000009536743,53578600,0.0,0.0,1961.KL,IOI Corporation
2026-01-01 00:00:00+08:00,5.650000095367432,5.929999828338623,5.539999961853027,5.840000152587891,210385500,0.0,0.0,5285.KL,SD Guthrie
2026-01-01 00:00:00+08:00,3.7358569058804862,3.9231426665741855,3.656999842435807,3.765428304672241,53553400,0.0,0.0,6012.KL,Maxis
2026-01-01 00:00:00+08:00,5.619999885559082,5.900000095367432,5.429999828338623,5.760000228881836,151922900,0.0,0.0,5211.KL,Sunway
2026-01-01 00:00:00+08:00,8.710000038146973,9.09000015258789,8.3100004196167,8.960000038146973,100782000,0.0,0.0,5225.KL,IHH Healthcare
2026-01-01 00:00:00+08:00,3.200000047683716,3.470000028610229,3.190000057220459,3.259999990463257,95869900,0.0,0.0,6947.KL,Celcomdigi
2026-01-01 00:00:00+08:00,7.119999885559082,7.829999923706055,6.989999771118164,7.559999942779541,531336000,0.0,0.0,8869.KL,Press Metal
2026-01-01 00:00:00+08:00,7.800000190734863,8.170000076293945,7.539999961853027,8.0,52594800,0.0,0.0,3816.KL,MISC
2026-01-01 00:00:00+08:00,2.039999961853028,2.319999933242798,2.0199999809265137,2.0799999237060547,250490300,0.0,0.0,4677.KL,YTL Corporation
2026-01-01 00:00:00+08:00,8.050000190734863,8.050000190734863,7.570000171661377,7.900000095367432,103493300,0.0,0.0,4863.KL,Telekom Malaysia
2026-01-01 00:00:00+08:00,114.0,122.1999969482422,111.5,112.0,2358500,0.0,0.0,4707.KL,Nestlé Malaysia
2026-01-01 00:00:00+08:00,13.699999809265137,14.18000030517578,13.460000038146973,13.9399995803833,118923600,0.0,0.0,5347.KL,Tenaga Nasional
2026-01-01 00:00:00+08:00,4.53000020980835,5.010000228881836,4.46999979019165,4.869999885559082,631984800,0.0,0.0,1295.KL,Public Bank
2026-01-01 00:00:00+08:00,6.5,6.690000057220459,6.349999904632568,6.449999809265137,123708300,0.0,0.0,1015.KL,AMMB Holdings
2026-01-01 00:00:00+08:00,7.710000038146973,8.5,7.659999847412109,8.449999809265137,149618600,0.0,0.0,1066.KL,RHB Bank
2026-01-01 00:00:00+08:00,2.5199999809265137,2.609999895095825,2.220000028610229,2.299999952316284,115075100,0.0,0.0,6888.KL,Axiata
2026-01-01 00:00:00+08:00,2.0999999046325684,2.25,2.0199999809265137,2.1600000858306885,189343200,0.0,0.0,4197.KL,Sime Darby
2026-01-01 00:00:00+08:00,10.4399995803833,11.84000015258789,10.380000114440918,11.800000190734863,475452400,0.0,0.0,1155.KL,Maybank
2026-01-01 00:00:00+08:00,3.7899999618530273,4.25,3.7200000286102295,4.019999980926514,62876600,0.0,0.0,7084.KL,QL Resources
2026-01-01 00:00:00+08:00,11.039999961853027,11.5,10.5,11.300000190734863,13228900,0.0,0.0,4065.KL,PPB Group
2026-01-01 00:00:00+08:00,19.799999237060547,21.299999237060547,19.63999938964844,21.200000762939453,12930500,0.0,0.0,5681.KL,PETRONAS Dagangan
2026-01-01 00:00:00+08:00,1.5299999713897705,1.909999966621399,1.5,1.830000042915344,367472800,0.0,0.0,5296.KL,Mr D.I.Y.
2026-01-01 00:00:00+08:00,3.5594365351563866,3.5594365351563866,3.1145071450609683,3.193605661392212,59035000,0.0,0.0,5183.KL,PETRONAS Chemicals
2026-01-01 00:00:00+08:00,22.13999938964844,25.799999237060547,22.07999992370605,25.799999237060547,43147600,0.0,0.0,5819.KL,Hong Leong Bank
2026-01-01 00:00:00+08:00,8.199999809265137,8.949999809265137,7.900000095367432,8.579999923706055,398715400,0.0,0.0,1023.KL,CIMB
2026-01-01 00:00:00+08:00,4.919855317108005,4.979130625617947,4.356739179646135,4.366618633270264,475137100,0.0,0.0,5398.KL,Gamuda
2026-01-01 00:00:00+08:00,3.819999933242798,4.059999942779541,3.690000057220459,4.0,192205400,0.0,0.0,5326.KL,99 Speed Mart
2026-02-01 00:00:00+08:00,2.299999952316284,2.470000028610229,2.1700000762939453,2.2799999713897705,168107000,0.0,0.0,6888.KL,Axiata
2026-02-01 00:00:00+08:00,3.2300000190734863,3.289999961853028,2.799999952316284,2.8299999237060547,183643800,0.0,0.0,6742.KL,YTL Power
2026-02-01 00:00:00+08:00,8.449999809265137,8.449999809265137,8.069999694824219,8.399999618530273,126916100,0.0,0.0,1066.KL,RHB Bank
2026-02-01 00:00:00+08:00,8.579999923706055,8.65999984741211,8.039999961853027,8.039999961853027,290269500,0.0,0.0,1023.KL,CIMB
2026-02-01 00:00:00+08:00,11.800000190734863,12.420000076293944,11.420000076293944,11.960000038146973,411158300,0.0,0.0,1155.KL,Maybank
2026-02-01 00:00:00+08:00,11.300000190734863,11.359999656677246,10.68000030517578,10.880000114440918,11400300,0.0,0.0,4065.KL,PPB Group
2026-02-01 00:00:00+08:00,18.3799991607666,18.739999771118164,17.520000457763672,17.959999084472656,9732200,0.0,0.0,6033.KL,PETRONAS Gas
2026-02-01 00:00:00+08:00,8.960000038146973,9.579999923706056,8.670000076293945,9.119999885559082,95768000,0.0,0.0,5225.KL,IHH Healthcare
2026-02-01 00:00:00+08:00,5.760000228881836,6.090000152587891,5.679999828338623,5.860000133514404,113357700,0.0,0.0,5211.KL,Sunway
2026-02-01 00:00:00+08:00,5.840000152587891,5.96999979019165,5.690000057220459,5.75,152706000,0.0,0.0,5285.KL,SD Guthrie
2026-02-01 00:00:00+08:00,4.019999980926514,4.199999809265137,3.890000104904175,4.079999923706055,36359900,0.0,0.0,7084.KL,QL Resources
2026-02-01 00:00:00+08:00,3.193605727139773,3.51000003471061,2.96619725227356,2.96619725227356,91984200,0.0,0.0,5183.KL,PETRONAS Chemicals
2026-02-01 00:00:00+08:00,7.559999942779541,7.78000020980835,7.130000114440918,7.130000114440918,261761500,0.0,0.0,8869.KL,Press Metal
2026-02-01 00:00:00+08:00,6.449999809265137,6.670000076293945,6.329999923706055,6.429999828338623,137195800,0.0,0.0,1015.KL,AMMB Holdings
2026-02-01 00:00:00+08:00,7.900000095367432,8.300000190734863,7.289999961853027,7.449999809265137,126524300,0.0,0.0,4863.KL,Telekom Malaysia
2026-02-01 00:00:00+08:00,1.830000042915344,1.919999957084656,1.6799999475479126,1.7899999618530271,219850900,0.0,0.0,5296.KL,Mr D.I.Y.
2026-02-01 00:00:00+08:00,4.869999885559082,5.179999828338623,4.869999885559082,4.929999828338623,545592300,0.0,0.0,1295.KL,Public Bank
2026-02-01 00:00:00+08:00,112.0,114.9000015258789,107.6999969482422,109.9000015258789,1555200,0.0,0.0,4707.KL,Nestlé Malaysia
2026-02-01 00:00:00+08:00,2.0799999237060547,2.130000114440918,1.8200000524520876,1.840000033378601,195681600,0.0,0.0,4677.KL,YTL Corporation
2026-02-01 00:00:00+08:00,13.9399995803833,14.5,13.859999656677246,14.380000114440918,113668100,0.0,0.0,5347.KL,Tenaga Nasional
2026-02-01 00:00:00+08:00,2.1600000858306885,2.450000047683716,2.109999895095825,2.440000057220459,354829300,0.0,0.0,4197.KL,Sime Darby
2026-02-01 00:00:00+08:00,4.366618431645438,4.366618431645438,3.902294732012357,4.139396190643311,431334000,0.05,0.0,5398.KL,Gamuda
2026-02-01 00:00:00+08:00,21.200000762939453,22.799999237060547,19.780000686645508,21.979999542236328,13300100,0.0,0.0,5681.KL,PETRONAS Dagangan
2026-02-01 00:00:00+08:00,8.0,8.329999923706055,7.900000095367432,8.069999694824219,63269200,0.0,0.0,3816.KL,MISC
2026-02-01 00:00:00+08:00,25.799999237060547,25.799999237060547,23.280000686645508,23.280000686645508,27681700,0.0,0.0,5819.KL,Hong Leong Bank
2026-02-01 00:00:00+08:00,3.765428337959556,3.923142701255735,3.745714071924107,3.824571371078491,45353800,0.0,0.0,6012.KL,Maxis
2026-02-01 00:00:00+08:00,19.5,20.13999938964844,18.71999931335449,19.0,11372800,0.0,0.0,2445.KL,Kuala Lumpur Kepong
2026-02-01 00:00:00+08:00,3.990000009536743,4.090000152587891,3.920000076293945,3.9600000381469727,37498400,0.0,0.0,1961.KL,IOI Corporation
2026-02-01 00:00:00+08:00,4.0,4.150000095367432,3.380000114440918,3.440000057220459,292910600,0.0,0.0,5326.KL,99 Speed Mart
2026-02-01 00:00:00+08:00,3.259999990463257,3.359999895095825,3.140000104904175,3.190000057220459,80316300,0.0,0.0,6947.KL,Celcomdigi
2026-03-01 00:00:00+08:00,6.320000171661377,6.539999961853027,6.28000020980835,6.5,60698800,0.0,0.0,1015.KL,AMMB Holdings
2026-03-01 00:00:00+08:00,3.069999933242798,4.289999961853027,3.069999933242798,4.289999961853027,221999600,0.04,0.0,5183.KL,PETRONAS Chemicals
2026-03-01 00:00:00+08:00,8.300000190734863,8.649999618530273,8.220000267028809,8.479999542236328,61672800,0.0,0.0,1066.KL,RHB Bank
2026-03-01 00:00:00+08:00,2.2300000190734863,2.3399999141693115,2.2100000381469727,2.240000009536743,31998300,0.0,0.0,6888.KL,Axiata
2026-03-01 00:00:00+08:00,2.7799999713897705,2.859999895095825,2.640000104904175,2.7300000190734863,65016400,0.0,0.0,6742.KL,YTL Power
2026-03-01 00:00:00+08:00,18.07999992370605,18.420000076293945,17.760000228881836,18.13999938964844,3087200,0.0,0.0,6033.KL,PETRONAS Gas
2026-03-01 00:00:00+08:00,3.819999933242798,3.920000076293945,3.799999952316284,3.849999904632568,17226500,0.055,0.0,6012.KL,Maxis
2026-03-01 00:00:00+08:00,22.979999542236328,23.76000022888184,22.65999984741211,22.81999969482422,8036100,0.0,0.0,5819.KL,Hong Leong Bank
2026-03-01 00:00:00+08:00,22.399999618530277,22.979999542236328,22.07999992370605,22.18000030517578,5785000,0.0,0.0,5681.KL,PETRONAS Dagangan
2026-03-01 00:00:00+08:00,4.090000152587891,4.179999828338623,4.059999942779541,4.150000095367432,68440300,0.0,0.0,5398.KL,Gamuda
2026-03-01 00:00:00+08:00,14.119999885559082,14.5600004196167,14.039999961853027,14.199999809265137,44772200,0.0,0.0,5347.KL,Tenaga Nasional
2026-03-01 00:00:00+08:00,3.359999895095825,3.569999933242798,3.3499999046325684,3.470000028610229,60660300,0.0,0.0,5326.KL,99 Speed Mart
2026-03-01 00:00:00+08:00,1.7200000286102295,1.7300000190734863,1.659999966621399,1.7000000476837158,102801500,0.0,0.0,5296.KL,Mr D.I.Y.
2026-03-01 00:00:00+08:00,4.0,4.039999961853027,3.910000085830689,3.950000047683716,9129100,0.0,0.0,7084.KL,QL Resources
2026-03-01 00:00:00+08:00,5.820000171661377,5.820000171661377,5.489999771118164,5.599999904632568,45914900,0.0,0.0,5285.KL,SD Guthrie
2026-03-01 00:00:00+08:00,8.989999771118164,9.109999656677246,8.869999885559082,8.899999618530273,39631500,0.0,0.0,5225.KL,IHH Healthcare
2026-03-01 00:00:00+08:00,5.800000190734863,5.820000171661377,5.5,5.630000114440918,31210000,0.0,0.0,5211.KL,Sunway
2026-03-01 00:00:00+08:00,3.1700000762939453,3.2300000190734863,3.140000104904175,3.220000028610229,24233800,0.0,0.0,6947.KL,Celcomdigi
2026-03-01 00:00:00+08:00,7.380000114440918,7.610000133514404,7.320000171661377,7.489999771118164,28629100,0.0,0.0,4863.KL,Telekom Malaysia
2026-03-01 00:00:00+08:00,108.0,110.5,105.3000030517578,105.8000030517578,441200,0.0,0.0,4707.KL,Nestlé Malaysia
2026-03-01 00:00:00+08:00,1.7999999523162842,1.8600000143051147,1.659999966621399,1.7300000190734863,98258500,0.0,0.0,4677.KL,YTL Corporation
2026-03-01 00:00:00+08:00,2.380000114440918,2.4600000381469727,2.3399999141693115,2.4600000381469727,144332300,0.0,0.0,4197.KL,Sime Darby
2026-03-01 00:00:00+08:00,10.619999885559082,11.18000030517578,10.399999618530272,11.140000343322754,3596800,0.0,0.0,4065.KL,PPB Group
2026-03-01 00:00:00+08:00,8.069999694824219,8.890000343322754,8.069999694824219,8.699999809265137,81344700,0.0,0.0,3816.KL,MISC
2026-03-01 00:00:00+08:00,18.84000015258789,19.3799991607666,18.600000381469727,19.36000061035156,5287300,0.0,0.0,2445.KL,Kuala Lumpur Kepong
2026-03-01 00:00:00+08:00,3.900000095367432,3.9700000286102295,3.799999952316284,3.910000085830689,35761300,0.0,0.0,1961.KL,IOI Corporation
2026-03-01 00:00:00+08:00,4.840000152587891,4.920000076293945,4.769999980926514,4.869999885559082,148730000,0.0,0.0,1295.KL,Public Bank
2026-03-01 00:00:00+08:00,11.699999809265137,11.9399995803833,11.579999923706056,11.760000228881836,177133200,0.0,0.0,1155.KL,Maybank
2026-03-01 00:00:00+08:00,7.900000095367432,8.0600004196167,7.800000190734863,7.96999979019165,160171900,0.0,0.0,1023.KL,CIMB
2026-03-01 00:00:00+08:00,7.010000228881836,7.809999942779541,6.989999771118164,7.809999942779541,105660200,0.0,0.0,8869.KL,Press Metal
